DMs_,smooth_sfunc,cutoff_func
10.0,0.32353347275493666,1.0
10.006910833004609,0.32370188469618744,1.0
10.0138264419705,0.32387034543028226,1.0
10.02074683019826,0.324038854942165,1.0
10.027672000990757,0.3242074132167535,1.0
10.034601957653145,0.32437602023894085,1.0
10.041536703492852,0.324544675993594,1.0
10.0484762418196,0.3247133804655551,1.0
10.0554205759454,0.3248821336396405,1.0
10.062369709184546,0.3250509355006414,1.0
10.069323644853627,0.32521978603332324,1.0
10.076282386271522,0.32538868522242637,1.0
10.083245936759402,0.3255576330526654,1.0
10.090214299640742,0.3257266295087297,1.0
10.097187478241295,0.3258956745752829,1.0
10.10416547588913,0.3260647682369634,1.0
10.111148295914612,0.32623391047838407,1.0
10.118135941650403,0.32640310128413236,1.0
10.12512841643147,0.32657234063877005,1.0
10.132125723595088,0.3267416285268336,1.0
10.139127866480836,0.32691096493283395,1.0
10.146134848430602,0.3270803498412565,1.0
10.153146672788578,0.327249783236561,1.0
10.160163342901273,0.327419265103182,1.0
10.167184862117507,0.3275887954255282,1.0
10.174211233788414,0.3277583741879831,1.0
10.181242461267447,0.3279280013749044,1.0
10.188278547910373,0.3280976769706244,1.0
10.195319497075278,0.32826740095944984,1.0
10.20236531212257,0.32843717332566186,1.0
10.209415996414984,0.32860699405351623,1.0
10.216471553317565,0.32877686312724275,1.0
10.223531986197697,0.32894678053104603,1.0
10.230597298425085,0.329116746249105,1.0
10.237667493371768,0.32928676026557296,1.0
10.244742574412108,0.32945682256457776,1.0
10.251822544922806,0.3296269331302216,1.0
10.25890740828289,0.32979709194658097,1.0
10.265997167873735,0.329967298997707,1.0
10.27309182707903,0.3301375542676248,1.0
10.280191389284827,0.33030785774033433,1.0
10.287295857879503,0.3304782093998097,1.0
10.294405236253784,0.33064860922999945,1.0
10.301519527800737,0.33081905721482646,1.0
10.308638735915771,0.330989553338188,1.0
10.315762863996648,0.33116009758395587,1.0
10.322891915443476,0.331330689935976,1.0
10.330025893658702,0.33150133037806845,1.0
10.337164802047138,0.33167201889402814,1.0
10.344308644015944,0.33184275546762415,1.0
10.351457422974637,0.3320135400825997,1.0
10.358611142335088,0.3321843727226726,1.0
10.365769805511523,0.33235525337153476,1.0
10.372933415920533,0.33252618201285267,1.0
10.380101976981068,0.33269715863026683,1.0
10.387275492114448,0.3328681832073924,1.0
10.394453964744335,0.3330392557278184,1.0
10.401637398296778,0.3332103761751085,1.0
10.40882579620019,0.33338154453280056,1.0
10.416019161885352,0.3335527607844067,1.0
10.42321749878541,0.3337240249134133,1.0
10.430420810335894,0.3338953369032811,1.0
10.437629099974696,0.33406669673744516,1.0
10.4448423711421,0.3342381043993146,1.0
10.452060627280742,0.33440955987227294,1.0
10.45928387183566,0.33458106313967795,1.0
10.466512108254266,0.3347526141848616,1.0
10.473745339986353,0.33492421299113007,1.0
10.480983570484097,0.3350958595417639,1.0
10.488226803202064,0.3352675538200178,1.0
10.495475041597203,0.33543929580912085,1.0
10.50272828912886,0.33561108549227614,1.0
10.509986549258755,0.3357829228526609,1.0
10.517249825451017,0.335954807873427,1.0
10.524518121172163,0.3361267405377001,1.0
10.531791439891101,0.3362987208285801,1.0
10.539069785079148,0.33647074872914146,1.0
10.546353160210009,0.33664282422243247,1.0
10.553641568759792,0.3368149472914757,1.0
10.560935014207011,0.33698711791926805,1.0
10.568233500032589,0.33715933608878057,1.0
10.575537029719833,0.337331601782958,1.0
10.582845606754478,0.3375039149847199,1.0
10.590159234624663,0.33767627567695974,1.0
10.597477916820933,0.3378486838425451,1.0
10.604801656836251,0.3380211394643178,1.0
10.612130458165991,0.3381936425250937,1.0
10.619464324307941,0.3383661930076629,1.0
10.626803258762317,0.3385387908947898,1.0
10.63414726503173,0.33871143616921234,1.0
10.641496346621237,0.3388841288136432,1.0
10.648850507038302,0.33905686881076913,1.0
10.65620974979282,0.3392296561432506,1.0
10.663574078397112,0.33940249079372253,1.0
10.670943496365918,0.3395753727447939,1.0
10.678318007216419,0.33974830197904765,1.0
10.685697614468223,0.3399212784790412,1.0
10.693082321643356,0.34009430222730536,1.0
10.700472132266299,0.3402673732063457,1.0
10.707867049863955,0.3404404913986416,1.0
10.71526707796567,0.34061365678664657,1.0
10.722672220103231,0.3407868693527882,1.0
10.73008247981086,0.34096012907946804,1.0
10.737497860625226,0.34113343594906176,1.0
10.74491836608544,0.34130678994391933,1.0
10.752343999733062,0.34148019104636457,1.0
10.759774765112088,0.3416536392386951,1.0
10.767210665768978,0.3418271345031829,1.0
10.774651705252635,0.34200067682207413,1.0
10.782097887114418,0.3421742661775886,1.0
10.789549214908137,0.3423479025519205,1.0
10.797005692190062,0.3425215859272378,1.0
10.804467322518915,0.34269531628568256,1.0
10.811934109455889,0.3428690936093712,1.0
10.819406056564617,0.3430429178803933,1.0
10.826883167411214,0.3432167890808134,1.0
10.834365445564254,0.34339070719266945,1.0
10.841852894594775,0.34356467219797376,1.0
10.849345518076282,0.34373868407871233,1.0
10.856843319584755,0.34391274281684536,1.0
10.86434630269864,0.3440868483943069,1.0
10.871854470998866,0.3442610007930053,1.0
10.879367828068814,0.3444351999948223,1.0
10.886886377494363,0.3446094459816141,1.0
10.894410122863865,0.3447837387352107,1.0
10.901939067768149,0.3449580782374161,1.0
10.909473215800526,0.3451324644700083,1.0
10.91701257055679,0.3453068974147392,1.0
10.924557135635224,0.34548137705333465,1.0
10.932106914636599,0.3456559033674945,1.0
10.939661911164157,0.3458304763388923,1.0
10.94722212882365,0.34600509594917606,1.0
10.954787571223317,0.34617976217996704,1.0
10.962358241973886,0.3463544750128612,1.0
10.969934144688583,0.3465292344294277,1.0
10.977515282983134,0.34670404041121,1.0
10.985101660475758,0.3468788929397256,1.0
10.992693280787178,0.3470537919964655,1.0
11.000290147540625,0.3472287375628952,1.0
11.007892264361814,0.34740372962045335,1.0
11.015499634878987,0.34757876815055305,1.0
11.023112262722885,0.3477538531345811,1.0
11.03073015152676,0.34792898455389837,1.0
11.03835330492637,0.3481041623898394,1.0
11.045981726559992,0.34827938662371266,1.0
11.053615420068413,0.3484546572368006,1.0
11.061254389094945,0.3486299742103596,1.0
11.068898637285399,0.3488053375256195,1.0
11.076548168288122,0.34898074716378447,1.0
11.084202985753976,0.34915620310603235,1.0
11.091863093336348,0.3493317053335148,1.0
11.099528494691153,0.3495072538273576,1.0
11.107199193476823,0.34968284856866,1.0
11.114875193354328,0.34985848953849524,1.0
11.122556497987162,0.35003417671791065,1.0
11.13024311104136,0.3502099100879271,1.0
11.137935036185471,0.35038568962953914,1.0
11.145632277090597,0.3505615153237157,1.0
11.153334837430371,0.35073738715139907,1.0
11.16104272088097,0.35091330509350555,1.0
11.168755931121101,0.35108926913092525,1.0
11.176474471832021,0.351265279244522,1.0
11.184198346697533,0.35144133541513356,1.0
11.191927559403984,0.3516174376235716,1.0
11.199662113640256,0.3517935858506212,1.0
11.207402013097797,0.3519697800770416,1.0
11.215147261470602,0.3521460202835656,1.0
11.222897862455213,0.3523223064509,1.0
11.230653819750733,0.35249863855972535,1.0
11.238415137058821,0.35267501659069583,1.0
11.24618181808369,0.35285144052443956,1.0
11.25395386653212,0.35302791034155845,1.0
11.261731286113438,0.3532044260226278,1.0
11.26951408053955,0.3533809875481973,1.0
11.277302253524919,0.3535575948987899,1.0
11.28509580878658,0.35373424805490256,1.0
11.292894750044134,0.35391094699700587,1.0
11.30069908101975,0.3540876917055443,1.0
11.308508805438178,0.3542644821609361,1.0
11.316323927026737,0.3544413183435732,1.0
11.32414444951531,0.3546182002338209,1.0
11.331970376636379,0.3547951278120189,1.0
11.33980171212499,0.3549721010584801,1.0
11.347638459718777,0.35514911995349147,1.0
11.355480623157957,0.35532618447731373,1.0
11.363328206185328,0.3555032946101808,1.0
11.37118121254628,0.35568045033230106,1.0
11.379039645988785,0.3558576516238561,1.0
11.386903510263416,0.35603489846500147,1.0
11.39477280912332,0.3562121908358661,1.0
11.40264754632425,0.35638952871655305,1.0
11.410527725624556,0.3565669120871387,1.0
11.418413350785181,0.35674434092767365,1.0
11.426304425569668,0.35692181521818134,1.0
11.434200953744162,0.35709933493865986,1.0
11.442102939077408,0.3572769000690804,1.0
11.450010385340766,0.3574545105893882,1.0
11.457923296308179,0.3576321664795015,1.0
11.465841675756218,0.35780986771931306,1.0
11.473765527464062,0.3579876142886887,1.0
11.481694855213497,0.3581654061674683,1.0
11.489629662788923,0.3583432433354653,1.0
11.497569953977356,0.35852112577246664,1.0
11.505515732568432,0.358699053458233,1.0
11.5134670023544,0.358877026372499,1.0
11.52142376713014,0.35905504449497255,1.0
11.529386030693137,0.3592331078053353,1.0
11.537353796843517,0.35941121628324246,1.0
11.545327069384024,0.359589369908323,1.0
11.553305852120035,0.3597675686601798,1.0
11.561290148859552,0.35994581251838903,1.0
11.569279963413212,0.36012410146250035,1.0
11.577275299594284,0.36030243547203755,1.0
11.585276161218678,0.3604808145264979,1.0
11.593282552104924,0.3606592386053517,1.0
11.601294476074209,0.3608377076880437,1.0
11.609311936950352,0.3610162217539917,1.0
11.61733493855982,0.3611947807825875,1.0
11.62536348473172,0.3613733847531962,1.0
11.633397579297805,0.3615520336451568,1.0
11.64143722609248,0.36173072743778173,1.0
11.649482428952803,0.36190946611035707,1.0
11.657533191718464,0.36208824964214226,1.0
11.66558951823183,0.36226707801237074,1.0
11.673651412337911,0.36244595120024925,1.0
11.68171887788438,0.36262486918495834,1.0
11.689791918721564,0.36280383194565213,1.0
11.697870538702457,0.3629828394614579,1.0
11.705954741682707,0.3631618917114769,1.0
11.71404453152064,0.36334098867478437,1.0
11.72213991207723,0.363520130330428,1.0
11.730240887216134,0.36369931665743016,1.0
11.738347460803672,0.36387854763478616,1.0
11.74645963670884,0.364057823241465,1.0
11.754577418803308,0.36423714345640945,1.0
11.762700810961418,0.3644165082585356,1.0
11.770829817060191,0.36459591762673316,1.0
11.77896444097933,0.3647753715398654,1.0
11.787104686601218,0.36495486997676935,1.0
11.795250557810913,0.36513441291625537,1.0
11.803402058496168,0.3653140003371069,1.0
11.81155919254742,0.365493632218082,1.0
11.819721963857795,0.36567330853791147,1.0
11.82789037632311,0.3658530292753,1.0
11.836064433841868,0.36603279440892544,1.0
11.844244140315276,0.3662126039174394,1.0
11.852429499647235,0.36639245777946744,1.0
11.860620515744332,0.36657235597360777,1.0
11.868817192515866,0.36675229847843294,1.0
11.877019533873836,0.36693228527248845,1.0
11.885227543732945,0.36711231633429364,1.0
11.893441226010596,0.3672923916423413,1.0
11.901660584626907,0.3674725111750976,1.0
11.909885623504696,0.3676526749110024,1.0
11.9181163465695,0.367832882828469,1.0
11.92635275774957,0.3680131349058843,1.0
11.934594860975857,0.36819343112160846,1.0
11.942842660182043,0.36837377145397504,1.0
11.951096159304527,0.3685541558812917,1.0
11.959355362282425,0.3687345843818393,1.0
11.967620273057575,0.36891505693387167,1.0
11.975890895574542,0.36909557351561695,1.0
11.984167233780623,0.36927613410527654,1.0
11.99244929162582,0.3694567386810248,1.0
12.000737073062885,0.36963738722101014,1.0
12.0090305820473,0.36981807970335423,1.0
12.017329822537278,0.3699988161061523,1.0
12.025634798493764,0.37017959640747294,1.0
12.033945513880445,0.37036042058535845,1.0
12.042261972663743,0.37054128861782426,1.0
12.050584178812827,0.37072220048285953,1.0
12.05891213629961,0.37090315615842695,1.0
12.06724584909873,0.3710841556224621,1.0
12.0755853211876,0.37126519885287484,1.0
12.083930556546363,0.3714462858275479,1.0
12.092281559157922,0.3716274165243378,1.0
12.100638333007927,0.37180859092107404,1.0
12.109000882084786,0.3719898089955602,1.0
12.11736921037966,0.37217107072557315,1.0
12.12574332188648,0.37235237608886274,1.0
12.13412322060191,0.37253372506315274,1.0
12.142508910525404,0.37271511762614007,1.0
12.150900395659164,0.37289655375549546,1.0
12.15929768000817,0.3730780334288627,1.0
12.167700767580156,0.3732595566238592,1.0
12.176109662385635,0.3734411233180758,1.0
12.18452436843789,0.3736227334890767,1.0
12.192944889752976,0.37380438711439967,1.0
12.201371230349732,0.373986084171556,1.0
12.20980339424975,0.3741678246380295,1.0
12.218241385477427,0.37434960849127874,1.0
12.22668520805993,0.37453143570873487,1.0
12.235134866027213,0.37471330626780286,1.0
12.243590363412011,0.3748952201458607,1.0
12.25205170424985,0.37507717732026,1.0
12.26051889257904,0.37525917776832607,1.0
12.268991932440693,0.37544122146735714,1.0
12.277470827878693,0.37562330839462504,1.0
12.285955582939735,0.375805438527375,1.0
12.29444620167331,0.3759876118428258,1.0
12.3029426881317,0.3761698283181695,1.0
12.311445046369997,0.3763520879305714,1.0
12.319953280446084,0.3765343906571705,1.0
12.32846739442066,0.3767167364750791,1.0
12.33698739235722,0.37689912536138276,1.0
12.34551327832208,0.3770815572931407,1.0
12.354045056384347,0.3772640322473852,1.0
12.362582730615957,0.3774465502011219,1.0
12.371126305091652,0.3776291111313303,1.0
12.379675783888993,0.3778117150149631,1.0
12.388231171088359,0.37799436182894575,1.0
12.396792470772947,0.37817705155017833,1.0
12.405359687028785,0.3783597841555331,1.0
12.4139328239447,0.3785425596218563,1.0
12.422511885612373,0.3787253779259675,1.0
12.431096876126295,0.3789082390446595,1.0
12.439687799583798,0.3790911429546986,1.0
12.448284660085038,0.3792740896328244,1.0
12.456887461733006,0.37945707905574994,1.0
12.46549620863353,0.3796401112001615,1.0
12.474110904895277,0.3798231860427188,1.0
12.482731554629753,0.38000630356005544,1.0
12.491358161951293,0.3801894637287769,1.0
12.499990730977094,0.3803726665254638,1.0
12.508629265827189,0.3805559119266689,1.0
12.517273770624458,0.38073919990891875,1.0
12.525924249494635,0.38092253044871366,1.0
12.534580706566297,0.3811059035225263,1.0
12.543243145970886,0.3812893191068038,1.0
12.551911571842693,0.38147277717796596,1.0
12.560585988318856,0.38165627771240584,1.0
12.569266399539385,0.3818398206864903,1.0
12.577952809647151,0.3820234060765593,1.0
12.586645222787883,0.3822070338589263,1.0
12.595343643110178,0.3823907040098778,1.0
12.604048074765497,0.382574416505674,1.0
12.612758521908175,0.3827581713225482,1.0
12.621474988695411,0.3829419684367072,1.0
12.63019747928729,0.38312580782433114,1.0
12.63892599784675,0.3833096894615732,1.0
12.647660548539623,0.3834936133245601,1.0
12.656401135534615,0.3836775793893921,1.0
12.665147763003318,0.38386158763214256,1.0
12.6739004351202,0.3840456380288583,1.0
12.682659156062616,0.3842297305555591,1.0
12.691423930010808,0.3844138651882386,1.0
12.700194761147914,0.38459804190286373,1.0
12.708971653659946,0.38478226067537413,1.0
12.71775461173582,0.3849665214816833,1.0
12.726543639567351,0.38515082429767805,1.0
12.735338741349242,0.38533516909921844,1.0
12.744139921279102,0.38551955586213765,1.0
12.752947183557435,0.3857039845622426,1.0
12.761760532387651,0.3858884551753131,1.0
12.770579971976066,0.3860729676771026,1.0
12.779405506531905,0.38625752204333774,1.0
12.788237140267286,0.38644211824971836,1.0
12.79707487739726,0.3866267562719178,1.0
12.805918722139777,0.3868114360855826,1.0
12.814768678715707,0.3869961576663327,1.0
12.823624751348836,0.38718092098976137,1.0
12.832486944265872,0.38736572603143504,1.0
12.841355261696442,0.38755057276689375,1.0
12.850229707873087,0.3877354611716503,1.0
12.859110287031283,0.38792039122119143,1.0
12.867997003409437,0.38810536289097675,1.0
12.876889861248873,0.38829037615643935,1.0
12.885788864793858,0.3884754309929858,1.0
12.894694018291581,0.3886605273759956,1.0
12.903605325992176,0.38884566528082193,1.0
12.912522792148707,0.3890308446827906,1.0
12.921446421017189,0.38921606555720184,1.0
12.930376216856553,0.3894013278793281,1.0
12.939312183928699,0.3895866316244157,1.0
12.948254326498462,0.3897719767676842,1.0
12.957202648833627,0.3899573632843263,1.0
12.966157155204924,0.39014279114950823,1.0
12.975117849886038,0.3903282603383693,1.0
12.984084737153605,0.39051377082602223,1.0
12.993057821287229,0.3906993225875531,1.0
13.002037106569443,0.3908849155980209,1.0
13.011022597285766,0.3910705498324586,1.0
13.02001429772467,0.3912562252658715,1.0
13.029012212177589,0.39144194187323933,1.0
13.038016344938926,0.3916276996295143,1.0
13.04702670030605,0.3918134985096222,1.0
13.0560432825793,0.39199933848846213,1.0
13.065066096061985,0.3921852195409065,1.0
13.074095145060397,0.3923711416418006,1.0
13.083130433883785,0.3925571047659636,1.0
13.092171966844393,0.39274310888818764,1.0
13.101219748257442,0.3929291539832382,1.0
13.110273782441132,0.3931152400258541,1.0
13.119334073716647,0.39330136699074736,1.0
13.12840062640816,0.39348753485260335,1.0
13.137473444842831,0.39367374358608065,1.0
13.146552533350818,0.39385999316581144,1.0
13.15563789626525,0.3940462835664008,1.0
13.164729537922268,0.3942326147624268,1.0
13.173827462661011,0.3944189867284419,1.0
13.182931674823609,0.39460539943897055,1.0
13.192042178755196,0.39479185286851165,1.0
13.20115897880391,0.3949783469915365,1.0
13.21028207932089,0.3951648817824901,1.0
13.219411484660288,0.3953514572157907,1.0
13.228547199179264,0.3955380732658298,1.0
13.237689227237976,0.39572472990697194,1.0
13.24683757319961,0.3959114271135554,1.0
13.255992241430366,0.39609816485989147,1.0
13.265153236299458,0.3962849431202646,1.0
13.27432056217912,0.39647176186893296,1.0
13.283494223444606,0.39665862108012734,1.0
13.292674224474204,0.3968455207280526,1.0
13.301860569649206,0.3970324607868862,1.0
13.31105326335395,0.39721944123077924,1.0
13.3202523099758,0.397406462033856,1.0
13.32945771390515,0.3975935231702142,1.0
13.33866947953543,0.39778062461392416,1.0
13.347887611263104,0.39796776633903064,1.0
13.357112113487677,0.3981549483195508,1.0
13.366342990611692,0.39834217052947535,1.0
13.375580247040743,0.3985294329427684,1.0
13.384823887183448,0.39871673553336684,1.0
13.39407391545149,0.39890407827518143,1.0
13.403330336259597,0.3990914611420959,1.0
13.412593154025547,0.3992788841079675,1.0
13.421862373170171,0.3994663471466264,1.0
13.431137998117354,0.3996538502318764,1.0
13.440420033294037,0.3998413933374943,1.0
13.449708483130234,0.4000289764372304,1.0
13.459003352058993,0.40021659950480815,1.0
13.468304644516449,0.4004042625139242,1.0
13.477612364941793,0.4005919654382487,1.0
13.48692651777729,0.400779708251425,1.0
13.49624710746827,0.4009674909270696,1.0
13.505574138463134,0.4011553134387725,1.0
13.514907615213362,0.4013431757600968,1.0
13.524247542173509,0.40153107786457887,1.0
13.533593923801211,0.4017190197257287,1.0
13.542946764557168,0.40190700131702894,1.0
13.552306068905185,0.4020950226119361,1.0
13.56167184131214,0.40228308358387954,1.0
13.571044086248003,0.4024711842062624,1.0
13.580422808185826,0.4026593244524605,1.0
13.589808011601763,0.40284750429582344,1.0
13.599199700975058,0.403035723709674,1.0
13.608597880788034,0.40322398266730797,1.0
13.618002555526134,0.4034122811419945,1.0
13.627413729677892,0.4036006191069764,1.0
13.636831407734944,0.4037889965354694,1.0
13.64625559419203,0.40397741340066257,1.0
13.655686293546998,0.4041658696757183,1.0
13.6651235103008,0.40435436533377234,1.0
13.674567248957505,0.40454290034793355,1.0
13.684017514024289,0.40473147469128423,1.0
13.693474310011453,0.4049200883368801,1.0
13.702937641432392,0.4051087412577496,1.0
13.712407512803644,0.4052974334268952,1.0
13.721883928644857,0.40548616481729194,1.0
13.731366893478805,0.40567493540188876,1.0
13.740856411831391,0.40586374515360757,1.0
13.750352488231638,0.40605259404534366,1.0
13.759855127211713,0.40624148204996574,1.0
13.769364333306891,0.40643040914031525,1.0
13.778880111055601,0.4066193752892076,1.0
13.788402464999404,0.40680838046943124,1.0
13.797931399683,0.40699742465374766,1.0
13.807466919654225,0.40718650781489213,1.0
13.817009029464064,0.40737562992557286,1.0
13.826557733666645,0.4075647909584714,1.0
13.83611303681924,0.40775399088624276,1.0
13.845674943482283,0.40794322968151514,1.0
13.855243458219332,0.4081325073168898,1.0
13.864818585597128,0.40832182376494175,1.0
13.874400330185555,0.408511178998219,1.0
13.883988696557655,0.40870057298924284,1.0
13.893583689289635,0.4088900057105083,1.0
13.903185312960858,0.40907947713448284,1.0
13.91279357215386,0.4092689872336081,1.0
13.922408471454341,0.4094585359802988,1.0
13.932030015451158,0.4096481233469424,1.0
13.941658208736357,0.4098377493059004,1.0
13.951293055905149,0.4100274138295072,1.0
13.96093456155592,0.41021711689007057,1.0
13.97058273029024,0.41040685845987174,1.0
13.98023756671285,0.4105966385111651,1.0
13.989899075431682,0.41078645701617833,1.0
13.999567261057845,0.4109763139471125,1.0
14.00924212820565,0.41116620927614206,1.0
14.018923681492565,0.41135614297541445,1.0
14.02861192553928,0.41154611501705085,1.0
14.038306864969668,0.4117361253731454,1.0
14.048008504410793,0.4119261740157658,1.0
14.057716848492925,0.4121162609169529,1.0
14.067431901849526,0.41230638604872105,1.0
14.077153669117273,0.412496549383058,1.0
14.08688215493602,0.41268675089192397,1.0
14.096617363948857,0.4128769905472537,1.0
14.10635930080207,0.41306726832095475,1.0
14.116107970145155,0.4132575841849075,1.0
14.125863376630825,0.41344793811096653,1.0
14.135625524915007,0.4136383300709592,1.0
14.145394419656846,0.41382876003668634,1.0
14.155170065518703,0.4140192279799221,1.0
14.164952467166167,0.41420973387241394,1.0
14.174741629268055,0.4144002776858829,1.0
14.184537556496391,0.4145908593920227,1.0
14.194340253526445,0.41478147896250106,1.0
14.204149725036718,0.41497213636895874,1.0
14.213965975708936,0.4151628315830098,1.0
14.223789010228069,0.41535356457624195,1.0
14.233618833282316,0.4155443353202159,1.0
14.24345544956313,0.4157351437864658,1.0
14.253298863765183,0.41592598994649904,1.0
14.263149080586409,0.41611687377179657,1.0
14.273006104727987,0.41630779523381256,1.0
14.28286994089434,0.4164987543039746,1.0
14.292740593793148,0.4166897509536837,1.0
14.302618068135338,0.41688078515431354,1.0
14.312502368635096,0.41707185687721227,1.0
14.322393500009866,0.4172629660937007,1.0
14.332291466980362,0.4174541127750731,1.0
14.34219627427053,0.417645296892597,1.0
14.35210792660761,0.41783651841751346,1.0
14.362026428722102,0.41802777732103685,1.0
14.371951785347768,0.4182190735743549,1.0
14.381884001221652,0.41841040714862865,1.0
14.391823081084063,0.4186017780149926,1.0
14.401769029678587,0.41879318614455446,1.0
14.4117218517521,0.4189846315083957,1.0
14.421681552054734,0.4191761140775705,1.0
14.431648135339923,0.4193676338231069,1.0
14.441621606364384,0.4195591907160061,1.0
14.451601969888118,0.419750784727243,1.0
14.461589230674416,0.41994241582776537,1.0
14.47158339348986,0.4201340839884948,1.0
14.481584463104328,0.420325789180326,1.0
14.491592444290994,0.4205175313741272,1.0
14.501607341826336,0.42070931054074007,1.0
14.511629160490113,0.4209011266509791,1.0
14.52165790506541,0.42109297967563303,1.0
14.531693580338606,0.42128486958546346,1.0
14.541736191099393,0.42147679635120544,1.0
14.55178574214077,0.4216687599435675,1.0
14.561842238259048,0.42186076033323155,1.0
14.571905684253863,0.422052797490853,1.0
14.581976084928142,0.42224487138706024,1.0
14.592053445088156,0.4224369819924555,1.0
14.60213776954349,0.42262912927761426,1.0
14.61222906310705,0.42282131321308547,1.0
14.622327330595073,0.4230135337693913,1.0
14.63243257682712,0.4232057909170277,1.0
14.642544806626086,0.4233980846264634,1.0
14.652664024818195,0.42359041486814125,1.0
14.662790236233011,0.423782781612477,1.0
14.672923445703441,0.4239751848298603,1.0
14.683063658065707,0.4241676244906535,1.0
14.693210878159402,0.424360100565193,1.0
14.703365110827447,0.42455261302378844,1.0
14.71352636091612,0.4247451618367229,1.0
14.72369463327504,0.42493774697425274,1.0
14.733869932757182,0.42513036840660795,1.0
14.744052264218881,0.42532302610399186,1.0
14.754241632519806,0.4255157200365811,1.0
14.764438042523006,0.425708450174526,1.0
14.774641499094882,0.4259012164879503,1.0
14.784852007105203,0.42609401894695087,1.0
14.7950695714271,0.42628685752159834,1.0
14.80529419693707,0.4264797321819367,1.0
14.815525888514983,0.4266726428979833,1.0
14.825764651044082,0.42686558963972904,1.0
14.83601048941099,0.42705857237713846,1.0
14.846263408505685,0.427251591080149,1.0
14.856523413221547,0.427444645718672,1.0
14.866790508455331,0.42763773626259227,1.0
14.877064699107175,0.4278308626817678,1.0
14.887345990080604,0.42802402494603037,1.0
14.897634386282533,0.428217223025185,1.0
14.907929892623265,0.4284104568890103,1.0
14.918232514016506,0.4286037265072584,1.0
14.928542255379336,0.42879703184965456,1.0
14.938859121632253,0.42899037288589786,1.0
14.949183117699151,0.4291837495856608,1.0
14.959514248507325,0.4293771619185894,1.0
14.969852518987475,0.4295706098543029,1.0
14.98019793407371,0.42976409336239446,1.0
14.990550498703547,0.4299576124124304,1.0
15.000910217817918,0.4301511669739506,1.0
15.011277096361171,0.43034475701646874,1.0
15.021651139281058,0.4305383825094713,1.0
15.032032351528764,0.4307320434224188,1.0
15.042420738058894,0.4309257397247453,1.0
15.052816303829474,0.43111947138585816,1.0
15.063219053801955,0.43131323837513824,1.0
15.073628992941222,0.4315070406619401,1.0
15.084046126215595,0.4317008782155918,1.0
15.094470458596804,0.4318947510053945,1.0
15.104901995060041,0.4320886590006233,1.0
15.115340740583926,0.43228260217052683,1.0
15.12578670015052,0.4324765804843271,1.0
15.136239878745327,0.4326705939112196,1.0
15.1467002813573,0.4328646424203736,1.0
15.157167912978831,0.43305872598093165,1.0
15.167642778605773,0.43325284456200996,1.0
15.178124883237423,0.43344699813269827,1.0
15.188614231876546,0.43364118666206,1.0
15.199110829529339,0.4338354101191317,1.0
15.209614681205482,0.4340296684729238,1.0
15.220125791918107,0.4342239616924203,1.0
15.230644166683817,0.43441828974657865,1.0
15.241169810522674,0.43461265260432996,1.0
15.251702728458215,0.4348070502345787,1.0
15.262242925517453,0.43500148260620336,1.0
15.272790406730856,0.4351959496880553,1.0
15.283345177132388,0.4353904514489599,1.0
15.293907241759484,0.4355849878577162,1.0
15.304476605653061,0.4357795588830966,1.0
15.315053273857522,0.4359741644938471,1.0
15.325637251420755,0.43616880465868746,1.0
15.336228543394133,0.43636347934631087,1.0
15.346827154832525,0.43655818852538397,1.0
15.357433090794297,0.4367529321645475,1.0
15.36804635634129,0.43694771023241513,1.0
15.378666956538867,0.43714252269757464,1.0
15.389294896455882,0.43733736952858737,1.0
15.39993018116469,0.4375322506939876,1.0
15.410572815741157,0.43772716616228435,1.0
15.421222805264652,0.43792211590195945,1.0
15.431880154818057,0.43811709988146863,1.0
15.442544869487774,0.4383121180692412,1.0
15.453216954363695,0.4385071704336799,1.0
15.463896414539255,0.4387022569431614,1.0
15.4745832551114,0.4388973775660358,1.0
15.4852774811806,0.43909253227062695,1.0
15.495979097850846,0.4392877210252323,1.0
15.506688110229662,0.4394829437981229,1.0
15.517404523428098,0.4396782005575436,1.0
15.528128342560736,0.43987349127171266,1.0
15.5388595727457,0.4400688159088223,1.0
15.549598219104633,0.4402641744370379,1.0
15.560344286762732,0.440459566824499,1.0
15.571097780848737,0.44065499303931865,1.0
15.581858706494923,0.4408504530495834,1.0
15.592627068837125,0.44104594682335385,1.0
15.603402873014712,0.44124147432866373,1.0
15.614186124170624,0.44143703553352104,1.0
15.624976827451327,0.44163263040590695,1.0
15.635774988006867,0.4418282589137766,1.0
15.646580610990842,0.44202392102505866,1.0
15.657393701560414,0.44221961670765575,1.0
15.668214264876303,0.4424153459294439,1.0
15.679042306102803,0.44261110865827313,1.0
15.68987783040777,0.4428069048619669,1.0
15.700720842962637,0.4430027345083224,1.0
15.711571348942407,0.4431985975651107,1.0
15.72242935352567,0.4433944940000766,1.0
15.733294861894567,0.44359042378093827,1.0
15.74416787923485,0.443786386875388,1.0
15.755048410735842,0.4439823832510916,1.0
15.765936461590455,0.4441784128756887,1.0
15.776832036995186,0.44437447571679267,1.0
15.787735142150131,0.44457057174199055,1.0
15.798645782258978,0.44476670091884324,1.0
15.809563962528994,0.4449628632148851,1.0
15.820489688171067,0.44515905859762456,1.0
15.831422964399676,0.44535528703454375,1.0
15.842363796432906,0.44555154849309836,1.0
15.853312189492447,0.4457478429407181,1.0
15.864268148803598,0.4459441703448064,1.0
15.87523167959527,0.4461405306727401,1.0
15.886202787099986,0.44633692389187046,1.0
15.897181476553895,0.4465333499695221,1.0
15.908167753196738,0.44672980887299335,1.0
15.919161622271902,0.44692630056955646,1.0
15.930163089026392,0.4471228250264575,1.0
15.941172158710838,0.4473193822109166,1.0
15.952188836579495,0.4475159720901269,1.0
15.963213127890253,0.4477125946312563,1.0
15.974245037904645,0.447909249801446,1.0
15.985284571887812,0.4481059375678108,1.0
15.996331735108559,0.4483026578974399,1.0
16.007386532839323,0.4484994107573958,1.0
16.018448970356193,0.44869619611471523,1.0
16.02951905293889,0.4488930139364084,1.0
16.040596785870797,0.4490898641894597,1.0
16.051682174438938,0.44928674684082703,1.0
16.062775223934,0.44948366185744243,1.0
16.073875939650318,0.44968060920621145,1.0
16.0849843268859,0.4498775888540141,1.0
16.096100390942382,0.4500746007677033,1.0
16.107224137125108,0.4502716449141067,1.0
16.118355570743056,0.45046872126002535,1.0
16.129494697108886,0.45066582977223413,1.0
16.14064152153893,0.4508629704174823,1.0
16.15179604935319,0.4510601431624926,1.0
16.16295828587536,0.45125734797396183,1.0
16.17412823643277,0.4514545848185602,1.0
16.185305906356486,0.4516518536629326,1.0
16.19649130098122,0.4518491544736969,1.0
16.207684425645386,0.45204648721744584,1.0
16.21888528569109,0.45224385186074534,1.0
16.23009388646412,0.45244124837013566,1.0
16.24131023331397,0.45263867671213076,1.0
16.252534331593818,0.45283613685321855,1.0
16.26376618666055,0.453033628759861,1.0
16.275005803874762,0.45323115239849376,1.0
16.286253188600725,0.45342870773552657,1.0
16.297508346206442,0.4536262947373431,1.0
16.308771282063628,0.45382391337030104,1.0
16.320042001547698,0.45402156360073187,1.0
16.331320510037788,0.4542192453949412,1.0
16.34260681291675,0.45441695871920834,1.0
16.353900915571163,0.45461470353978706,1.0
16.365202823391307,0.45481247982290435,1.0
16.37651254177121,0.4550102875347618,1.0
16.387830076108617,0.4552081266415348,1.0
16.399155431805006,0.4554059971093728,1.0
16.41048861426559,0.45560389890439873,1.0
16.42182962889931,0.4558018319927103,1.0
16.43317848111886,0.4559997963403787,1.0
16.44453517634065,0.45619779191344934,1.0
16.45589971998487,0.4563958186779417,1.0
16.46727211747541,0.4565938765998488,1.0
16.478652374239946,0.45679196564513813,1.0
16.49004049570988,0.4569900857797511,1.0
16.50143648732039,0.4571882369696032,1.0
16.512840354510395,0.4573864191805839,1.0
16.524252102722574,0.4575846323785567,1.0
16.53567173740338,0.45778287652935923,1.0
16.547099264003002,0.45798115159880276,1.0
16.558534687975424,0.45817945755267325,1.0
16.569978014778385,0.45837779435673026,1.0
16.581429249873402,0.45857616197670764,1.0
16.592888398725766,0.45877456037831327,1.0
16.604355466804535,0.4589729895272289,1.0
16.61583045958256,0.45917144938911075,1.0
16.627313382536467,0.45936993992958886,1.0
16.63880424114667,0.45956846111426736,1.0
16.650303040897374,0.4597670129087246,1.0
16.66180978727655,0.4599655952785129,1.0
16.673324485775993,0.46016420818915865,1.0
16.68484714189128,0.4603628516061628,1.0
16.69637776112178,0.46056152549499946,1.0
16.70791634897068,0.46076022982111803,1.0
16.71946291094495,0.4609589645499413,1.0
16.73101745255539,0.4611577296468665,1.0
16.74257997931657,0.4613565250772647,1.0
16.754150496746906,0.4615553508064813,1.0
16.765729010368617,0.46175420679983586,1.0
16.777315525707735,0.46195309302262216,1.0
16.788910048294117,0.46215200944010804,1.0
16.800512583661433,0.46235095601753556,1.0
16.812123137347182,0.46254993272012085,1.0
16.823741714892698,0.4627489395130543,1.0
16.835368321843134,0.46294797636150065,1.0
16.847002963747467,0.4631470432305984,1.0
16.85864564615853,0.46334614008546066,1.0
16.87029637463298,0.4635452668911745,1.0
16.881955154731312,0.4637444236128013,1.0
16.893621992017877,0.4639436102153767,1.0
16.90529689206086,0.46414282666391055,1.0
16.916979860432296,0.4643420729233867,1.0
16.928670902708085,0.4645413489587636,1.0
16.940370024467946,0.46474065473497345,1.0
16.952077231295483,0.46493999021692317,1.0
16.963792528778153,0.4651393553694937,1.0
16.975515922507277,0.46533875015754034,1.0
16.987247418078027,0.4655381745458924,1.0
16.99898702108946,0.46573762849935374,1.0
17.010734737144485,0.4659371119827024,1.0
17.022490571849897,0.4661366249606907,1.0
17.034254530816366,0.46633616739804534,1.0
17.046026619658413,0.4665357392594668,1.0
17.05780684399447,0.4667353405096303,1.0
17.06959520944684,0.4669349711131856,1.0
17.08139172164172,0.4671346310347563,1.0
17.093196386209176,0.46733432023894056,1.0
17.105009208783184,0.46753403869031074,1.0
17.11683019500161,0.46773378635341367,1.0
17.128659350506204,0.46793356319277,1.0
17.140496680942622,0.46813336917287557,1.0
17.152342191960425,0.4683332042581999,1.0
17.16419588921308,0.4685330684131871,1.0
17.176057778357954,0.4687329616022557,1.0
17.18792786505633,0.4689328837897983,1.0
17.1998061549734,0.46913283494018226,1.0
17.211692653778265,0.46933281501774904,1.0
17.223587367143956,0.46953282398681456,1.0
17.235490300747426,0.46973286181166923,1.0
17.24740146026953,0.4699329284565774,1.0
17.259320851395067,0.47013302388577866,1.0
17.271248479812762,0.4703331480634859,1.0
17.283184351215272,0.47053330095388757,1.0
17.295128471299183,0.4707334825211458,1.0
17.307080845765025,0.4709336927293972,1.0
17.319041480317267,0.4711339315427534,1.0
17.331010380664306,0.47133419892529943,1.0
17.342987552518498,0.4715344948410956,1.0
17.354973001596143,0.4717348192541765,1.0
17.366966733617495,0.47193517212855096,1.0
17.378968754306758,0.47213555342820246,1.0
17.390979069392092,0.4723359631170888,1.0
17.402997684605616,0.47253640115914247,1.0
17.415024605683406,0.4727368675182704,1.0
17.42705983836552,0.4729373621583538,1.0
17.439103388395946,0.4731378850432485,1.0
17.451155261522675,0.4733384361367845,1.0
17.463215463497665,0.47353901540276716,1.0
17.47528400007684,0.47373962280497556,1.0
17.4873608770201,0.47394025830716363,1.0
17.499446100091344,0.4741409218730598,1.0
17.511539675058433,0.47434161346636694,1.0
17.523641607693236,0.4745423330507626,1.0
17.535751903771573,0.4747430805898987,1.0
17.547870569073293,0.47494385604740175,1.0
17.55999760938223,0.47514465938687306,1.0
17.572133030486206,0.47534549057188813,1.0
17.584276838177054,0.4755463495659974,1.0
17.5964290382506,0.4757472363327256,1.0
17.60858963650668,0.4759481508355723,1.0
17.620758638749138,0.47614909303801134,1.0
17.63293605078584,0.47635006290349174,1.0
17.645121878428633,0.47655106039543615,1.0
17.657316127493413,0.47675208547724285,1.0
17.66951880380008,0.47695313811228424,1.0
17.681729913172568,0.47715421826390736,1.0
17.69394946143882,0.47735532589543395,1.0
17.706177454430822,0.47755646097016047,1.0
17.718413897984583,0.4777576234513579,1.0
17.730658797940137,0.47795881330227197,1.0
17.74291216014156,0.4781600304861229,1.0
17.75517399043698,0.47836127496610586,1.0
17.767444294678548,0.47856254670539033,1.0
17.77972307872247,0.478763845667121,1.0
17.792010348428995,0.47896517181441667,1.0
17.804306109662424,0.4791665251103713,1.0
17.816610368291105,0.4793679055180532,1.0
17.828923130187448,0.4795693130005057,1.0
17.841244401227932,0.47977074752074683,1.0
17.85357418729306,0.4799722090417688,1.0
17.865912494267437,0.48017369752653927,1.0
17.87825932803972,0.48037521293800034,1.0
17.89061469450264,0.48057675523906873,1.0
17.90297859955299,0.4807783243926362,1.0
17.91535104909166,0.4809799203615692,1.0
17.927732049023582,0.4811815431087086,1.0
17.9401216052578,0.48138319259687046,1.0
17.952519723707432,0.48158486878884543,1.0
17.96492641028968,0.4817865716473991,1.0
17.977341670925842,0.4819883011352717,1.0
17.989765511541297,0.48219005721517827,1.0
18.00219793806553,0.4823918398498089,1.0
18.01463895643212,0.48259364900182816,1.0
18.027088572578744,0.4827954846338757,1.0
18.039546792447183,0.4829973467085659,1.0
18.052013621983335,0.48319923518848823,1.0
18.06448906713718,0.4834011500362064,1.0
18.076973133862836,0.4836030912142594,1.0
18.08946582811853,0.4838050586851612,1.0
18.1019671558666,0.4840070524114005,1.0
18.114477123073513,0.4842090723554408,1.0
18.12699573570986,0.48441111847972074,1.0
18.139522999750334,0.4846131907466533,1.0
18.152058921173786,0.4848152891186271,1.0
18.164603505963193,0.485017413558005,1.0
18.177156760105657,0.4852195640271253,1.0
18.189718689592425,0.485421740488301,1.0
18.202289300418883,0.48562394290381994,1.0
18.214868598584562,0.48582617123594507,1.0
18.227456590093134,0.4860284254469143,1.0
18.240053280952424,0.4862307054989404,1.0
18.252658677174406,0.48643301135421096,1.0
18.265272784775224,0.486635342974889,1.0
18.277895609775143,0.4868377003231119,1.0
18.29052715819863,0.48704008336099264,1.0
18.303167436074286,0.4872424920506187,1.0
18.315816449434898,0.4874449263540529,1.0
18.32847420431741,0.4876473862333331,1.0
18.34114070676295,0.4878498716504716,1.0
18.353815962816796,0.48805238256745653,1.0
18.36649997852843,0.48825491894625045,1.0
18.379192759951508,0.48845748074879125,1.0
18.39189431314386,0.48866006793699196,1.0
18.40460464416752,0.48886268047274045,1.0
18.41732375908869,0.4890653183178996,1.0
18.430051663977775,0.48926798143430766,1.0
18.442788364909383,0.4894706697837777,1.0
18.455533867962306,0.4896733833280979,1.0
18.468288179219556,0.48987612202903197,1.0
18.481051304768314,0.49007888584831794,1.0
18.4938232507,0.4902816747476696,1.0
18.506604023110235,0.4904844886887757,1.0
18.519393628098847,0.49068732763329964,1.0
18.532192071769888,0.4908901915428808,1.0
18.544999360231632,0.4910930803791335,1.0
18.557815499596547,0.4912959941036466,1.0
18.57064049598135,0.4914989326779845,1.0
18.583474355506986,0.49170189606368714,1.0
18.596317084298622,0.491904884222269,1.0
18.609168688485656,0.49210789711522024,1.0
18.622029174201728,0.49231093470400594,1.0
18.634898547584715,0.4925139969500665,1.0
18.647776814776734,0.4927170838148175,1.0
18.66066398192415,0.49292019525964975,1.0
18.673560055177568,0.49312333124592933,1.0
18.686465040691864,0.4933264917349976,1.0
18.699378944626133,0.49352967668817077,1.0
18.712301773143754,0.4937328860667409,1.0
18.72523353241236,0.4939361198319749,1.0
18.73817422860384,0.49413937794511503,1.0
18.751123867894353,0.494342660367379,1.0
18.76408245646434,0.4945459670599599,1.0
18.777050000498473,0.4947492979840254,1.0
18.790026506185736,0.49495265310071923,1.0
18.80301197971938,0.4951560323711603,1.0
18.81600642729693,0.4953594357564425,1.0
18.8290098551202,0.4955628632176354,1.0
18.842022269395287,0.4957663147157838,1.0
18.855043676332578,0.49596979021190785,1.0
18.86807408214675,0.4961732896670029,1.0
18.881113493056784,0.49637681304204,1.0
18.894161915285952,0.49658036029796543,1.0
18.90721935506181,0.49678393139570043,1.0
18.920285818616247,0.49698752629614235,1.0
18.933361312185436,0.4971911449601634,1.0
18.946445842009883,0.49739478734861153,1.0
18.959539414334383,0.4975984534223099,1.0
18.972642035408057,0.4978021431420571,1.0
18.98575371148436,0.4980058564686275,1.0
18.99887444882103,0.49820959336277026,1.0
19.012004253680164,0.49841335378521046,1.0
19.025143132328175,0.49861713769664867,1.0
19.038291091035806,0.49882094505776076,1.0
19.051448136078132,0.49902477582919813,1.0
19.064614273734573,0.4992286299715876,1.0
19.07778951028888,0.49943250744553164,1.0
19.090973852029148,0.4996364082116081,1.0
19.104167305247824,0.4998403322303703,1.0
19.1173698762417,0.5000442794623474,1.0
19.130581571311904,0.5002482498680436,1.0
19.143802396763945,0.5004522434079389,1.0
19.15703235890767,0.5006562600424891,1.0
19.1702714640573,0.500860299732125,1.0
19.183519718531414,0.5010643624372534,1.0
19.19677712865296,0.5012684481182568,1.0
19.210043700749242,0.5014725567354925,1.0
19.223319441151954,0.5016766882492943,1.0
19.236604356197162,0.5018808426199713,1.0
19.249898452225302,0.502085019807808,1.0
19.2632017355812,0.5022892197730646,1.0
19.276514212614074,0.5024934424759772,1.0
19.28983588967751,0.5026976878767571,1.0
19.303166773129494,0.5029019559355917,1.0
19.316506869332418,0.5031062466126439,1.0
19.32985618465305,0.5033105598680521,1.0
19.343214725462584,0.5035148956619308,1.0
19.356582498136582,0.5037192539543693,1.0
19.369959509055036,0.5039236347054337,1.0
19.38334576460235,0.5041280378751649,1.0
19.396741271167325,0.5043324634235804,1.0
19.41014603514319,0.5045369113106726,1.0
19.423560062927596,0.5047413814964101,1.0
19.436983360922582,0.504945873940737,1.0
19.450415935534654,0.5051503886035733,1.0
19.46385779317472,0.5053549254448148,1.0
19.47730894025813,0.5055594844243329,1.0
19.490769383204658,0.5057640655019751,1.0
19.504239128438527,0.5059686686375641,1.0
19.517718182388386,0.506173293790899,1.0
19.531206551487337,0.5063779409217546,1.0
19.544704242172923,0.5065826099898812,1.0
19.558211260887145,0.5067873009550055,1.0
19.57172761407643,0.506992013776829,1.0
19.58525330819169,0.5071967484150303,1.0
19.598788349688277,0.5074015048292629,1.0
19.612332745026013,0.5076062829791568,1.0
19.625886500669182,0.5078110828243175,1.0
19.639449623086538,0.5080159043243266,1.0
19.653022118751306,0.5082207474387417,1.0
19.666603994141163,0.5084256121270955,1.0
19.68019525573829,0.5086304983488976,1.0
19.69379591002934,0.5088354060636333,1.0
19.707405963505447,0.5090403352307634,1.0
19.72102542266223,0.5092452858097251,1.0
19.734654293999796,0.5094502577599311,1.0
19.74829258402275,0.5096552510407709,1.0
19.761940299240184,0.5098602656116089,1.0
19.775597446165694,0.5100653014317862,1.0
19.789264031317387,0.51027035846062,1.0
19.802940061217843,0.5104754366574027,1.0
19.816625542394178,0.5106805359814034,1.0
19.830320481378013,0.510885656391867,1.0
19.84402488470548,0.5110907978480147,1.0
19.857738758917233,0.5112959603090433,1.0
19.871462110558443,0.5115011437341261,1.0
19.885194946178792,0.511706348082412,1.0
19.898937272332507,0.5119115733130262,1.0
19.912689095578333,0.51211681938507,1.0
19.926450422479558,0.512322086257621,1.0
19.940221259603994,0.5125273738897326,1.0
19.954001613524003,0.5127326822404343,1.0
19.96779149081648,0.512938011268732,1.0
19.98159089806287,0.5131433609336074,1.0
19.99539984184916,0.5133487311940186,1.0
20.0092183287659,0.5135541220088997,1.0
20.0230463654082,0.5137595333371615,1.0
20.036883958375686,0.5139649651376895,1.0
20.050731114272594,0.5141704173693472,1.0
20.0645878397077,0.5143758899909732,1.0
20.07845414129435,0.5145813829613826,1.0
20.09233002565047,0.5147868962393666,1.0
20.106215499398555,0.514992429783693,1.0
20.120110569165657,0.5151979835531053,1.0
20.134015241583434,0.5154035575063237,1.0
20.14792952328812,0.5156091516020443,1.0
20.161853420920526,0.5158147657989399,1.0
20.175786941126066,0.5160204000556591,1.0
20.189730090554733,0.516226054330827,1.0
20.20368287586113,0.5164317285830451,1.0
20.217645303704444,0.5166374227708911,1.0
20.231617380748478,0.5168431368529188,1.0
20.245599113661637,0.5170488707876593,1.0
20.259590509116915,0.5172546245336183,1.0
20.27359157379194,0.5174603980492792,1.0
20.287602314368954,0.5176661912931017,1.0
20.301622737534807,0.5178720042235212,1.0
20.315652849980975,0.5180778367989503,1.0
20.329692658403555,0.5182836889777771,1.0
20.343742169503294,0.5184895607183668,1.0
20.357801389985518,0.5186954519790608,1.0
20.371870326560238,0.5189013627181768,1.0
20.38594898594208,0.5191072928940091,1.0
20.40003737485031,0.5193132424648284,1.0
20.414135500008847,0.5195192113888818,1.0
20.428243368146248,0.5197251996243929,1.0
20.442360985995727,0.5199312071295619,1.0
20.45648836029514,0.520137233862565,1.0
20.470625497787015,0.5203432797815558,1.0
20.484772405218536,0.5205493448446639,1.0
20.498929089341523,0.5207554290099945,1.0
20.5130955569125,0.5209615322356315,1.0
20.52727181469264,0.5211676544796331,1.0
20.541457869447797,0.5213737957000355,1.0
20.555653727948492,0.5215799558548508,1.0
20.569859396969946,0.521786134902068,1.0
20.58407488329202,0.5219923327996526,1.0
20.5983001936993,0.5221985495055466,1.0
20.612535334981047,0.5224047849776686,1.0
20.62678031393121,0.522611039173914,1.0
20.641035137348446,0.5228173120521546,1.0
20.65529981203609,0.5230236035702391,1.0
20.669574344802204,0.5232299136859927,1.0
20.68385874245953,0.5234362423572172,1.0
20.69815301182554,0.5236425895416912,1.0
20.712457159722394,0.5238489551971698,1.0
20.726771192977,0.5240553392813855,1.0
20.74109511842094,0.5242617417520461,1.0
20.755428942890553,0.5244681625668373,1.0
20.76977267322689,0.5246746016834213,1.0
20.784126316275724,0.5248810590594369,1.0
20.798489878887573,0.5250875346524997,1.0
20.812863367917686,0.5252940284202019,1.0
20.82724679022603,0.5255005403201128,1.0
20.841640152677332,0.5257070703097783,1.0
20.856043462141063,0.5259136183467209,1.0
20.870456725491437,0.5261201843884403,1.0
20.884879949607416,0.5263267683924128,1.0
20.89931314137272,0.5265333703160915,1.0
20.913756307675825,0.5267399901169066,1.0
20.92820945540997,0.5269466277522648,1.0
20.94267259147315,0.5271532831795499,1.0
20.95714572276815,0.5273599563561226,1.0
20.97162885620248,0.5275666472393199,1.0
20.986121998688464,0.527773355786457,1.0
21.000625157143194,0.5279800819548245,1.0
21.015138338488534,0.5281868257016906,1.0
21.029661549651138,0.5283935869843011,1.0
21.044194797562447,0.528600365759878,1.0
21.058738089158698,0.5288071619856198,1.0
21.0732914313809,0.5290139756187029,1.0
21.08785483117487,0.5292208066162802,1.0
21.10242829549124,0.5294276549354817,1.0
21.117011831285428,0.5296345205334146,1.0
21.131605445517664,0.5298414033671628,1.0
21.146209145152987,0.5300483033937874,1.0
21.160822937161257,0.5302552205703263,1.0
21.17544682851714,0.5304621548537948,1.0
21.190080826200127,0.530669106201185,1.0
21.20472493719454,0.5308760745694666,1.0
21.219379168489503,0.5310830599155854,1.0
21.234043527078992,0.5312900621964648,1.0
21.248718019961817,0.5314970813690058,1.0
21.263402654141615,0.5317041173900858,1.0
21.27809743662687,0.5319111702165598,1.0
21.292802374430913,0.5321182398052594,1.0
21.307517474571895,0.5323253261129941,1.0
21.322242744072852,0.5325324290965502,1.0
21.336978189961652,0.5327395487126908,1.0
21.351723819271033,0.5329466849181568,1.0
21.366479639038587,0.5331538376696661,1.0
21.381245656306763,0.5333610069239136,1.0
21.396021878122887,0.5335681926375716,1.0
21.410808311539157,0.5337753947672899,1.0
21.42560496361263,0.5339826132696949,1.0
21.440411841405254,0.5341898481013908,1.0
21.455228951983866,0.5343970992189594,1.0
21.470056302420147,0.5346043665789585,1.0
21.484893899790706,0.5348116501379244,1.0
21.499741751177023,0.5350189498523703,1.0
21.514599863665484,0.5352262656787867,1.0
21.529468244347363,0.5354335975736416,1.0
21.544346900318846,0.53564094549338,1.0
21.55923583868099,0.5358483093944247,1.0
21.574135066539803,0.5360556892331756,1.0
21.589044591006175,0.53626308496601,1.0
21.603964419195925,0.5364704965492827,1.0
21.618894558229783,0.5366779239393258,1.0
21.6338350152334,0.5368853670924487,1.0
21.648785797337354,0.5370928259649388,1.0
21.66374691167715,0.5373003005130601,1.0
21.678718365393223,0.5375077906930549,1.0
21.69370016563095,0.5377152964611425,1.0
21.708692319540624,0.5379228177735194,1.0
21.723694834277502,0.5381303545863602,1.0
21.73870771700178,0.5383379068558166,1.0
21.7537309748786,0.5385454745380182,1.0
21.76876461507806,0.5387530575890718,1.0
21.783808644775203,0.5389606559650617,1.0
21.798863071150056,0.5391682696220502,1.0
21.81392790138756,0.5393758985160766,1.0
21.829003142677667,0.5395835426031582,1.0
21.84408880221528,0.5397912018392897,1.0
21.859184887200275,0.5399988761804435,1.0
21.874291404837507,0.5402065655825695,1.0
21.889408362336805,0.5404142700015954,1.0
21.904535766912986,0.5406219893934263,1.0
21.919673625785848,0.5408297237139451,1.0
21.934821946180183,0.5410374729190126,1.0
21.94998073532578,0.5412452369644671,1.0
21.965150000457403,0.5414530158061238,1.0
21.98032974881484,0.5416608093997775,1.0
21.99551998764287,0.5418686177011985,1.0
22.010720724191284,0.5420764406661366,1.0
22.02593196571488,0.542284278250318,1.0
22.041153719473485,0.5424921304094483,1.0
22.056385992731904,0.5426999970992091,1.0
22.071628792760002,0.5429078782752607,1.0
22.08688212683265,0.5431157738932412,1.0
22.102146002229752,0.5433236839087662,1.0
22.11742042623624,0.5435316082774293,1.0
22.132705406142087,0.5437395469548021,1.0
22.14800094924229,0.5439474998964338,1.0
22.163307062836903,0.5441554670578513,1.0
22.17862375423102,0.54436344839456,1.0
22.193951030734773,0.5445714438620424,1.0
22.20928889966337,0.5447794534157598,1.0
22.224637368337042,0.5449874770111504,1.0
22.239996444081097,0.5451955146036308,1.0
22.255366134225913,0.5454035661485958,1.0
22.27074644610692,0.5456116316014178,1.0
22.28613738706462,0.5458197109174473,1.0
22.30153896444461,0.5460278040520128,1.0
22.316951185597517,0.5462359109604207,1.0
22.332374057879086,0.5464440315979555,1.0
22.34780758865013,0.5466521659198795,1.0
22.36325178527656,0.5468603138814334,1.0
22.378706655129367,0.5470684754378355,1.0
22.394172205584642,0.5472766505442825,1.0
22.409648444023567,0.5474848391559493,1.0
22.42513537783243,0.5476930412279881,1.0
22.440633014402625,0.5479012567155301,1.0
22.456141361130662,0.5481094855736847,1.0
22.47166042541813,0.5483177277575378,1.0
22.487190214671763,0.5485259832221551,1.0
22.50273073630341,0.5487342519225802,1.0
22.51828199773004,0.5489425338138348,1.0
22.533844006373737,0.549150828850918,1.0
22.549416769661747,0.5493591369888079,1.0
22.56500029502639,0.5495674581824604,1.0
22.58059458990518,0.5497757923868101,1.0
22.59619966174074,0.5499841395567694,1.0
22.61181551798085,0.5501924996472288,1.0
22.62744216607843,0.5504008726130576,1.0
22.64307961349155,0.550609258409103,1.0
22.658727867683442,0.5508176569901905,1.0
22.674386936122485,0.5510260683111239,1.0
22.69005682628223,0.5512344923266854,1.0
22.70573754564138,0.5514429289916356,1.0
22.721429101683835,0.5516513782607134,1.0
22.737131501898613,0.5518598400886356,1.0
22.75284475377996,0.5520683144300979,1.0
22.768568864827277,0.5522768012397742,1.0
22.784303842545153,0.5524853004723167,1.0
22.800049694443363,0.5526938120823562,1.0
22.815806428036883,0.5529023360245018,1.0
22.83157405084585,0.5531108722533411,1.0
22.847352570395625,0.55331942072344,1.0
22.863141994216765,0.5535279813893429,1.0
22.878942329845035,0.5537365542055728,1.0
22.894753584821398,0.5539451391266311,1.0
22.910575766692038,0.5541537361069977,1.0
22.926408883008342,0.5543623451011309,1.0
22.942252941326927,0.5545709660634678,1.0
22.95810794920963,0.5547795989484239,1.0
22.973973914223507,0.554988243710393,1.0
22.98985084394086,0.5551969003037479,1.0
23.005738745939198,0.5554055686828401,1.0
23.02163762780128,0.5556142488019987,1.0
23.037547497115117,0.5558229406155324,1.0
23.053468361473946,0.5560316440777282,1.0
23.069400228476265,0.5562403591428516,1.0
23.085343105725826,0.5564490857651474,1.0
23.101297000831604,0.556657823898838,1.0
23.117261921407867,0.5568665734981253,1.0
23.133237875074133,0.5570753345171897,1.0
23.149224869455185,0.5572841069101901,1.0
23.16522291218108,0.5574928906312645,1.0
23.181232010887143,0.5577016856345292,1.0
23.197252173213975,0.5579104918740794,1.0
23.213283406807463,0.5581193093039892,1.0
23.229325719318776,0.5583281378783115,1.0
23.245379118404376,0.5585369775510781,1.0
23.261443611725987,0.5587458282762988,1.0
23.277519206950664,0.5589546900079632,1.0
23.293605911750745,0.5591635627000392,1.0
23.30970373380387,0.5593724463064736,1.0
23.325812680792996,0.5595813407811925,1.0
23.341932760406383,0.5597902460781004,1.0
23.358063980337583,0.5599991621510807,1.0
23.37420634828549,0.5602080889539959,1.0
23.390359871954317,0.5604170264406874,1.0
23.406524559053597,0.5606259745649754,1.0
23.422700417298184,0.5608349332806593,1.0
23.438887454408277,0.5610439025415171,1.0
23.455085678109402,0.5612528823013062,1.0
23.471295096132422,0.5614618725137624,1.0
23.48751571621355,0.5616708731326013,1.0
23.50374754609434,0.5618798841115169,1.0
23.519990593521705,0.5620889054041827,1.0
23.536244866247888,0.5622979369642503,1.0
23.552510372030508,0.5625069787453516,1.0
23.56878711863255,0.5627160307010968,1.0
23.585075113822356,0.5629250927850754,1.0
23.601374365373633,0.5631341649508562,1.0
23.617684881065482,0.5633432471519869,1.0
23.634006668682336,0.5635523393419941,1.0
23.650339736014043,0.5637614414743842,1.0
23.666684090855828,0.5639705535026422,1.0
23.6830397410083,0.5641796753802325,1.0
23.699406694277464,0.5643888070605987,1.0
23.71578495847471,0.5645979484971634,1.0
23.732174541416835,0.5648070996433289,1.0
23.748575450926033,0.5650162604524761,1.0
23.7649876948299,0.5652254308779658,1.0
23.78141128096147,0.565434610873138,1.0
23.797846217159137,0.565643800391311,1.0
23.81429251126675,0.5658529993857835,1.0
23.830750171133577,0.5660622078098331,1.0
23.847219204614305,0.5662714256167168,1.0
23.863699619569044,0.5664806527596711,1.0
23.880191423863344,0.5666898891919115,1.0
23.896694625368198,0.5668991348666331,1.0
23.913209231960003,0.5671083897370103,1.0
23.929735251520636,0.5673176537561969,1.0
23.946272691937413,0.5675269268773262,1.0
23.962821561103095,0.567736209053511,1.0
23.979381866915897,0.5679455002378432,1.0
23.995953617279497,0.5681548003833945,1.0
24.012536820103033,0.568364109443216,1.0
24.02913148330111,0.5685734273703382,1.0
24.045737614793797,0.5687827541177712,1.0
24.06235522250666,0.568992089638505,1.0
24.078984314370693,0.5692014338855079,1.0
24.095624898322413,0.569410786811729,1.0
24.112276982303815,0.5696201483700962,1.0
24.128940574262373,0.5698295185135179,1.0
24.145615682151057,0.5700388971948811,1.0
24.16230231392835,0.570248284367053,1.0
24.179000477558194,0.5704576799828801,1.0
24.19571018101007,0.5706670839951888,1.0
24.21243143225896,0.5708764963567852,1.0
24.22916423928535,0.5710859170204545,1.0
24.245908610075244,0.5712953459389624,1.0
24.262664552620166,0.5715047830650537,1.0
24.279432074917167,0.5717142283514532,1.0
24.29621118496882,0.5719236817508653,1.0
24.31300189078322,0.5721331432159743,1.0
24.329804200374014,0.5723426126994442,1.0
24.34661812176039,0.572552090153919,1.0
24.363443662967036,0.5727615755320214,1.0
24.380280832024233,0.5729710687863554,1.0
24.397129636967794,0.573180569869504,1.0
24.41399008583908,0.5733900787340304,1.0
24.430862186685022,0.5735995953324773,1.0
24.447745947558115,0.5738091196173674,1.0
24.464641376516383,0.5740186515412035,1.0
24.481548481623456,0.5742281910564679,1.0
24.49846727094853,0.5744377381156234,1.0
24.515397752566372,0.5746472926711121,1.0
24.532339934557328,0.5748568546753564,1.0
24.54929382500733,0.5750664240807587,1.0
24.5662594320079,0.5752760008397011,1.0
24.58323676365615,0.575485584904546,1.0
24.60022582805479,0.5756951762276357,1.0
24.61722663331214,0.5759047747612928,1.0
24.634239187542082,0.5761143804578188,1.0
24.65126349886415,0.5763239932694967,1.0
24.668299575403477,0.576533613148589,1.0
24.685347425290807,0.576743240047338,1.0
24.702407056662498,0.5769528739179666,1.0
24.719478477660548,0.5771625147126775,1.0
24.736561696432574,0.5773721623836537,1.0
24.753656721131797,0.5775818168830582,1.0
24.770763559917114,0.5777914781630344,1.0
24.787882220953037,0.5780011461757055,1.0
24.80501271240973,0.5782108208731753,1.0
24.822155042463,0.5784205022075276,1.0
24.839309219294293,0.5786301901308265,1.0
24.856475251090732,0.5788398845951163,1.0
24.873653146045083,0.5790495855524216,1.0
24.89084291235577,0.5792592929547472,1.0
24.90804455822691,0.5794690067540786,1.0
24.925258091868233,0.5796787269023808,1.0
24.942483521495202,0.5798884533515997,1.0
24.95972085532893,0.5800981860536614,1.0
24.976970101596212,0.5803079249604726,1.0
24.994231268529536,0.5805176700239201,1.0
25.011504364367088,0.5807274211958712,1.0
25.028789397352707,0.5809371784281733,1.0
25.04608637573597,0.5811469416726548,1.0
25.063395307772144,0.5813567108811241,1.0
25.080716201722193,0.5815664860053703,1.0
25.098049065852802,0.5817762669971626,1.0
25.115393908436364,0.5819860538082511,1.0
25.132750737750982,0.5821958463903663,1.0
25.150119562080487,0.5824056446952189,1.0
25.167500389714434,0.5826154486745008,1.0
25.18489322894811,0.5828252582798836,1.0
25.20229808808254,0.5830350734630205,1.0
25.219714975424452,0.583244894175544,1.0
25.23714389928635,0.5834547203690683,1.0
25.254584867986477,0.5836645519951876,1.0
25.272037889848814,0.5838743890054771,1.0
25.289502973203103,0.5840842313514925,1.0
25.306980126384854,0.5842940789847699,1.0
25.324469357735293,0.5845039318568267,1.0
25.34197067560146,0.5847137899191605,1.0
25.359484088336135,0.5849236531232497,1.0
25.37700960429789,0.5851335214205534,1.0
25.394547231851057,0.5853433947625116,1.0
25.412096979365753,0.5855532731005452,1.0
25.429658855217887,0.5857631563860554,1.0
25.447232867789143,0.5859730445704244,1.0
25.464819025467012,0.5861829376050155,1.0
25.482417336644787,0.5863928354411728,1.0
25.500027809721516,0.5866027380302206,1.0
25.517650453102103,0.5868126453234646,1.0
25.53528527519724,0.5870225572721912,1.0
25.552932284423434,0.5872324738276681,1.0
25.570591489203007,0.5874423949411433,1.0
25.588262897964103,0.5876523205638463,1.0
25.605946519140705,0.587862250646987,1.0
25.623642361172575,0.5880721851417569,1.0
25.641350432505366,0.5882821239993276,1.0
25.659070741590536,0.5884920671708526,1.0
25.676803296885392,0.5887020146074659,1.0
25.69454810685309,0.5889119662602825,1.0
25.712305179962627,0.5891219220803988,1.0
25.730074524688852,0.589331882018892,1.0
25.74785614951248,0.5895418460268202,1.0
25.765650062920077,0.5897518140552231,1.0
25.783456273404095,0.5899617860551215,1.0
25.801274789462806,0.5901717619775164,1.0
25.819105619600407,0.5903817417733909,1.0
25.83694877232695,0.5905917253937085,1.0
25.854804256158367,0.5908017127894155,1.0
25.872672079616486,0.5910117039114372,1.0
25.89055225122902,0.5912216987106816,1.0
25.908444779529557,0.5914316971380373,1.0
25.926349673057604,0.5916416991443745,1.0
25.944266940358563,0.5918517046805443,1.0
25.962196589983744,0.5920617136973794,1.0
25.980138630490366,0.5922717261456937,1.0
25.998093070441556,0.5924817419762822,1.0
26.016059918406366,0.5926917611399217,1.0
26.034039182959766,0.59290178358737,1.0
26.052030872682657,0.5931118092693661,1.0
26.07003499616186,0.5933218381366309,1.0
26.08805156199015,0.5935318701398664,1.0
26.106080578766203,0.5937419052297557,1.0
26.124122055094677,0.5939519433569639,1.0
26.142175999586154,0.5941619844721371,1.0
26.160242420857177,0.5943720285259034,1.0
26.17832132753024,0.5945820754688719,1.0
26.19641272823381,0.5947921252516334,1.0
26.214516631602276,0.5950021778247601,1.0
26.232633046276028,0.595212233138806,1.0
26.25076198090143,0.5954222911443063,1.0
26.268903444130803,0.5956323517917781,1.0
26.287057444622462,0.5958424150317198,1.0
26.305223991040698,0.5960524808146116,1.0
26.323403092055788,0.5962625490909153,1.0
26.34159475634401,0.5964726198110742,1.0
26.359798992587628,0.5966826929255136,1.0
26.378015809474924,0.5968927683846402,1.0
26.396245215700148,0.5971028461388422,1.0
26.414487219963586,0.5973129261384896,1.0
26.432741830971544,0.5975230083339348,1.0
26.45100905743632,0.5977330926755109,1.0
26.469288908076255,0.5979431791135336,1.0
26.487581391615702,0.5981532675982999,1.0
26.50588651678506,0.5983633580800888,1.0
26.52420429232072,0.5985734505091611,1.0
26.542534726965158,0.5987835448357592,1.0
26.560877829466868,0.5989936410101079,1.0
26.579233608580395,0.5992037389824133,1.0
26.597602073066334,0.5994138387028635,1.0
26.615983231691335,0.5996239401216287,1.0
26.634377093228103,0.5998340431888609,1.0
26.65278366645541,0.6000441478546941,1.0
26.671202960158094,0.6002542540692442,1.0
26.68963498312708,0.6004643617826093,1.0
26.708079744159313,0.6006744709448688,1.0
26.72653725205788,0.6008845815060848,1.0
26.745007515631922,0.6010946934163011,1.0
26.763490543696676,0.6013048066255435,1.0
26.78198634507347,0.601514921083821,1.0
26.800494928589735,0.6017250367411225,1.0
26.81901630307897,0.6019351535474207,1.0
26.837550477380816,0.6021452714526697,1.0
26.85609746034101,0.6023553904068062,1.0
26.874657260811404,0.6025655103597485,1.0
26.893229887649962,0.6027756312613974,1.0
26.911815349720772,0.6029857530616362,1.0
26.93041365589405,0.6031958757103295,1.0
26.949024815046144,0.6034059991573248,1.0
26.967648836059528,0.603616123352452,1.0
26.98628572782282,0.6038262482455226,1.0
27.0049354992308,0.6040363737863311,1.0
27.023598159184342,0.6042464999246534,1.0
27.042273716590522,0.6044566266102486,1.0
27.06096218036255,0.6046667537928575,1.0
27.079663559419803,0.6048768814222037,1.0
27.098377862687816,0.6050870094479929,1.0
27.117105099098314,0.6052971378199132,1.0
27.135845277589144,0.6055072664876353,1.0
27.154598407104377,0.6057173954008119,1.0
27.17336449659425,0.6059275245090787,1.0
27.192143555015182,0.6061376537620535,1.0
27.21093559132979,0.6063477831093365,1.0
27.229740614506873,0.6065579125005106,1.0
27.24855863352144,0.6067680418851411,1.0
27.2673896573547,0.6069781712127759,1.0
27.286233694994056,0.6071883004329454,1.0
27.305090755433152,0.6073984294951628,1.0
27.323960847671803,0.6076085583489231,1.0
27.342843980716076,0.6078186869437047,1.0
27.361740163578258,0.6080288152289685,1.0
27.380649405276856,0.6082389431541578,1.0
27.39957171483662,0.6084490706686987,1.0
27.418507101288522,0.608659197722,1.0
27.437455573669805,0.6088693242634529,1.0
27.456417141023906,0.6090794502424317,1.0
27.475391812400556,0.6092895756082932,1.0
27.494379596855726,0.6094997003103771,1.0
27.513380503451646,0.6097098242980058,1.0
27.532394541256807,0.6099199475204843,1.0
27.55142171934597,0.6101300699271006,1.0
27.570462046800166,0.6103401914671256,1.0
27.589515532706702,0.6105503120898128,1.0
27.60858218615916,0.6107604317443986,1.0
27.627662016257432,0.610970550380103,1.0
27.646755032107645,0.6111806679461271,1.0
27.66586124282227,0.6113907843916568,1.0
27.684980657520054,0.6116008996658601,1.0
27.70411328532605,0.6118110137178879,1.0
27.723259135371613,0.6120211264968743,1.0
27.742418216794434,0.6122312379519362,1.0
27.76159053873846,0.6124413480321738,1.0
27.78077611035402,0.6126514566866699,1.0
27.799974940797725,0.6128615638644906,1.0
27.819187039232542,0.6130716695146852,1.0
27.838412414827754,0.6132817735862857,1.0
27.857651076758984,0.6134918760283075,1.0
27.8769030342082,0.6137019767897489,1.0
27.896168296363708,0.6139120758195917,1.0
27.915446872420173,0.6141221730668004,1.0
27.934738771578605,0.614332268480323,1.0
27.954044003046395,0.6145423620090906,1.0
27.97336257603725,0.6147524536020172,1.0
27.992694499771286,0.6149625432080007,1.0
28.012039783474982,0.6151726307759215,1.0
28.03139843638119,0.6153827162546438,1.0
28.050770467729137,0.615592799593015,1.0
28.07015588676446,0.6158028807398657,1.0
28.08955470273914,0.6160129596440097,1.0
28.108966924911584,0.6162230362542443,1.0
28.128392562546598,0.6164331105193503,1.0
28.147831624915383,0.6166431823880918,1.0
28.16728412129555,0.6168532518092159,1.0
28.18675006097111,0.6170633187314537,1.0
28.206229453232513,0.6172733831035194,1.0
28.22572230737661,0.6174834448741108,1.0
28.245228632706688,0.617693503991909,1.0
28.264748438532465,0.6179035604055793,1.0
28.28428173417006,0.6181136140637686,1.0
28.30382852894208,0.6183236649151101,1.0
28.32338883217754,0.6185337129082182,1.0
28.34296265321192,0.6187437579916921,1.0
28.36255000138714,0.6189538001141143,1.0
28.3821508860516,0.6191638392240506,1.0
28.401765316560112,0.619373875270051,1.0
28.421393302273998,0.6195839082006488,1.0
28.441034852561028,0.619793937964361,1.0
28.46068997679546,0.6200039645096882,1.0
28.48035868435802,0.6202139877851149,1.0
28.500040984635916,0.6204240077391093,1.0
28.519736887022848,0.6206340243201232,1.0
28.539446400919008,0.6208440374765921,1.0
28.559169535731083,0.6210540471569357,1.0
28.57890630087226,0.621264053309557,1.0
28.59865670576224,0.6214740558828434,1.0
28.61842075982721,0.6216840548251653,1.0
28.63819847249989,0.6218940500848776,1.0
28.65798985321952,0.622104041610319,1.0
28.677794911431857,0.622314029349812,1.0
28.69761365658919,0.6225240132516628,1.0
28.71744609815035,0.6227339932641621,1.0
28.73729224558067,0.6229439693355842,1.0
28.757152108352056,0.6231539414141871,1.0
28.77702569594295,0.6233639094482134,1.0
28.796913017838353,0.6235738733858892,1.0
28.816814083529806,0.6237838331754251,1.0
28.836728902515418,0.6239937887650151,1.0
28.856657484299866,0.6242037401028381,1.0
28.876599838394384,0.6244136871370564,1.0
28.89655597431679,0.6246236298158167,1.0
28.916525901591474,0.6248335680872498,1.0
28.936509629749423,0.625043501899471,1.0
28.95650716832817,0.6252534312005787,1.0
28.976518526871878,0.6254633559386568,1.0
28.996543714931295,0.6256732760617725,1.0
29.01658274206377,0.6258831915179777,1.0
29.03663561783325,0.6260931022553083,1.0
29.05670235181032,0.6263030082217849,1.0
29.076782953572117,0.6265129093654115,1.0
29.096877432702456,0.6267228056341775,1.0
29.116985798791756,0.6269326969760557,1.0
29.137108061437058,0.627142583339004,1.0
29.157244230242043,0.6273524646709638,1.0
29.177394314817022,0.627562340919862,1.0
29.197558324778957,0.6277722120336088,1.0
29.21773626975144,0.6279820779600995,1.0
29.23792815936474,0.6281919386472138,1.0
29.258134003255766,0.6284017940428159,1.0
29.27835381106806,0.6286116440947538,1.0
29.298587592451877,0.6288214887508606,1.0
29.318835357064113,0.6290313279589541,1.0
29.339097114568343,0.6292411616668364,1.0
29.359372874634822,0.6294509898222942,1.0
29.379662646940503,0.6296608123730985,1.0
29.399966441168978,0.6298706292670052,1.0
29.42028426701058,0.6300804404517552,1.0
29.440616134162322,0.630290245875073,1.0
29.460962052327922,0.6305000454846689,1.0
29.481322031217797,0.6307098392282371,1.0
29.50169608054908,0.6309196270534568,1.0
29.522084210045623,0.6311294089079921,1.0
29.542486429437986,0.6313391847394914,1.0
29.562902748463465,0.6315489544955883,1.0
29.583333176866077,0.6317587181239009,1.0
29.603777724396593,0.6319684755720326,1.0
29.62423640081248,0.6321782267875705,1.0
29.644709215877988,0.6323879717180878,1.0
29.665196179364102,0.6325977103111419,1.0
29.685697301048556,0.6328074425142751,1.0
29.706212590715847,0.633017168275015,1.0
29.72674205815725,0.6332268875408736,1.0
29.74728571317075,0.6334366002593483,1.0
29.76784356556116,0.6336463063779213,1.0
29.788415625140054,0.6338560058440597,1.0
29.809001901725775,0.6340656986052156,1.0
29.829602405143465,0.6342753846088263,1.0
29.85021714522505,0.634485063802314,1.0
29.870846131809245,0.634694736133086,1.0
29.891489374741575,0.6349044015485348,1.0
29.912146883874364,0.6351140599960378,1.0
29.93281866906676,0.635323711422958,1.0
29.953504740184673,0.6355333557766426,1.0
29.974205107100893,0.6357429930044248,1.0
29.994919779695,0.6359526230536228,1.0
30.01564876785341,0.63616224587154,1.0
30.036392081469373,0.6363718614054649,1.0
30.057149730442973,0.6365814696026714,1.0
30.07792172468115,0.6367910704104186,1.0
30.098708074097647,0.6370006637759511,1.0
30.119508788613103,0.6372102496464982,1.0
30.140323878155,0.6374198279692753,1.0
30.161153352657678,0.6376293986914827,1.0
30.18199722206234,0.6378389617603063,1.0
30.202855496317063,0.6380485171229171,1.0
30.223728185376803,0.6382580647264718,1.0
30.244615299203385,0.6384676045181124,1.0
30.26551684776553,0.6386771364449664,1.0
30.286432841038852,0.6388866604541471,1.0
30.307363289005824,0.6390961764927523,1.0
30.328308201655858,0.6393056845078663,1.0
30.349267588985256,0.6395151844465586,1.0
30.37024146099722,0.6397246762558845,1.0
30.39122982770188,0.6399341598828844,1.0
30.41223269911629,0.6401436352745846,1.0
30.433250085264383,0.640353102377997,1.0
30.45428199617706,0.6405625611401193,1.0
30.47532844189214,0.6407720115079345,1.0
30.496389432454396,0.6409814534284116,1.0
30.517464977915516,0.6411908868485051,1.0
30.538555088334157,0.6414003117151553,1.0
30.55965977377591,0.6416097279752884,1.0
30.58077904431333,0.641819135575816,1.0
30.60191291002594,0.642028534463636,1.0
30.62306138100022,0.6422379245856316,1.0
30.644224467329632,0.6424473058886724,1.0
30.66540217911458,0.6426566783196128,1.0
30.686594526462482,0.6428660418252944,1.0
30.707801519487735,0.6430753963525437,1.0
30.729023168311723,0.6432847418481737,1.0
30.75025948306282,0.6434940782589832,1.0
30.77151047387642,0.6437034055317566,1.0
30.792776150894873,0.6439127236132649,1.0
30.814056524267585,0.6441220324502643,1.0
30.835351604150965,0.6443313319894979,1.0
30.856661400708436,0.644540622177694,1.0
30.87798592411044,0.6447499029615678,1.0
30.89932518453446,0.6449591742878199,1.0
30.920679192165004,0.6451684361031372,1.0
30.942047957193616,0.645377688354193,1.0
30.963431489818895,0.6455869309876464,1.0
30.984829800246487,0.6457961639501427,1.0
31.006242898689063,0.6460053871883139,1.0
31.02767079536638,0.6462146006487771,1.0
31.049113500505257,0.6464238042781368,1.0
31.07057102433957,0.646632998022983,1.0
31.092043377110276,0.6468421818298925,1.0
31.113530569065404,0.647051355645428,1.0
31.13503261046008,0.6472605194161386,1.0
31.156549511556474,0.6474696730885598,1.0
31.178081282623893,0.6476788166092136,1.0
31.19962793393873,0.647887949924608,1.0
31.221189475784467,0.6480970729812378,1.0
31.242765918451706,0.6483061857255839,1.0
31.264357272238158,0.6485152881041137,1.0
31.285963547448645,0.6487243800632815,1.0
31.307584754395116,0.6489334615495275,1.0
31.329220903396642,0.6491425325092786,1.0
31.350872004779447,0.6493515928889486,1.0
31.372538068876835,0.649560642634937,1.0
31.39421910602931,0.6497696816936304,1.0
31.415915126584498,0.6499787100114023,1.0
31.437626140897176,0.6501877275346124,1.0
31.459352159329285,0.6503967342096071,1.0
31.481093192249933,0.6506057299827195,1.0
31.50284925003535,0.6508147148002694,1.0
31.524620343068985,0.6510236886085631,1.0
31.54640648174145,0.651232651353894,1.0
31.568207676450534,0.6514416029825417,1.0
31.59002393760121,0.6516505434407732,1.0
31.611855275605645,0.6518594726748418,1.0
31.633701700883204,0.6520683906309879,1.0
31.655563223860447,0.6522772972554385,1.0
31.67743985497114,0.6524861924944075,1.0
31.699331604656265,0.652695076294096,1.0
31.721238483364015,0.6529039486006915,1.0
31.743160501549823,0.6531128093603688,1.0
31.765097669676294,0.6533216585192891,1.0
31.787049998213316,0.6535304960236012,1.0
31.809017497637996,0.6537393218194407,1.0
31.8310001784347,0.6539481358529299,1.0
31.852998051094982,0.6541569380701784,1.0
31.87501112611771,0.6543657284172828,1.0
31.897039414008972,0.6545745068403269,1.0
31.91908292528214,0.6547832732853812,1.0
31.941141670457828,0.6549920276985037,1.0
31.963215660063938,0.6552007700257393,1.0
31.985304904635637,0.65540950021312,1.0
32.00740941471538,0.6556182182066655,1.0
32.029529200852906,0.6558269239523821,1.0
32.05166427360524,0.6560356173962634,1.0
32.07381464353671,0.6562442984842904,1.0
32.09598032121895,0.6564529671624317,1.0
32.118161317230864,0.6566616233766424,1.0
32.14035764215871,0.6568702670728653,1.0
32.162569306596055,0.6570788981970307,1.0
32.18479632114376,0.6572875166950561,1.0
32.20703869641005,0.6574961225128465,1.0
32.22929644301044,0.657704715596294,1.0
32.251569571567806,0.6579132958912783,1.0
32.273858092712366,0.6581218633436666,1.0
32.296162017081684,0.6583304178993133,1.0
32.31848135532067,0.6585389595040609,1.0
32.34081611808159,0.6587474881037385,1.0
32.36316631602408,0.6589560036441635,1.0
32.38553195981512,0.6591645060711404,1.0
32.40791306012909,0.6593729953304615,1.0
32.43030962764773,0.6595814713679066,1.0
32.452721673060175,0.6597899341292431,1.0
32.47514920706295,0.6599983835602264,1.0
32.49759224035993,0.6602068196065988,1.0
32.52005078366243,0.6604152422140906,1.0
32.54252484768916,0.6606236513284203,1.0
32.56501444316625,0.6608320468952935,1.0
32.587519580827184,0.6610404288604039,1.0
32.61004027141294,0.661248797169433,1.0
32.63257652567187,0.6614571517680496,1.0
32.655128354359775,0.661665492601911,1.0
32.67769576823988,0.6618738196166618,1.0
32.700278778082854,0.6620821327579347,1.0
32.7228773946668,0.6622904319713504,1.0
32.74549162877728,0.6624987172025172,1.0
32.76812149120731,0.6627069883970315,1.0
32.79076699275736,0.6629152455004775,1.0
32.81342814423536,0.6631234884584278,1.0
32.836104956456715,0.6633317172164425,1.0
32.858797440244324,0.6635399317200702,1.0
32.8815056064285,0.6637481319148466,1.0
32.904229465847116,0.6639563177462966,1.0
32.92696902934549,0.6641644891599325,1.0
32.949724307776485,0.664372646101255,1.0
32.97249531200038,0.6645807885157528,1.0
32.99528205288503,0.6647889163489026,1.0
33.018084541305775,0.6649970295461697,1.0
33.04090278814548,0.6652051280530072,1.0
33.063736804294514,0.6654132118148567,1.0
33.0865866006508,0.6656212807771477,1.0
33.10945218811976,0.6658293348852982,1.0
33.13233357761438,0.6660373740847145,1.0
33.15523078005517,0.6662453983207912,1.0
33.178143806370194,0.6664534075389112,1.0
33.20107266749507,0.6666614016844457,1.0
33.22401737437298,0.6668693807027544,1.0
33.24697793795463,0.667077344539185,1.0
33.269954369198345,0.667285293139074,1.0
33.29294667906999,0.6674932264477466,1.0
33.31595487854303,0.6677011444105158,1.0
33.33897897859852,0.6679090469726836,1.0
33.362018990225046,0.6681169340795403,1.0
33.38507492441885,0.6683248056763648,1.0
33.40814679218375,0.6685326617084245,1.0
33.43123460453118,0.6687405021209755,1.0
33.45433837248016,0.6689483268592623,1.0
33.477458107057345,0.6691561358685182,1.0
33.500593819297016,0.669363929093965,1.0
33.52374552024105,0.6695717064808135,1.0
33.54691322093899,0.6697794679742627,1.0
33.570096932447996,0.6699872135195006,1.0
33.59329666583287,0.670194943061704,1.0
33.61651243216607,0.6704026565460387,1.0
33.63974424252767,0.6706103539176582,1.0
33.66299210800546,0.670818035121706,1.0
33.68625603969485,0.671025700103314,1.0
33.70953604869895,0.6712333488076027,1.0
33.73283214612849,0.671440981179682,1.0
33.75614434310193,0.6716485971646503,1.0
33.7794726507454,0.6718561967075951,1.0
33.8028170801927,0.6720637797535928,1.0
33.82617764258536,0.6722713462477087,1.0
33.84955434907257,0.672478896134997,1.0
33.87294721081126,0.6726864293605014,1.0
33.89635623896604,0.672893945869254,1.0
33.919781444709265,0.6731014456062764,1.0
33.94322283922099,0.6733089285165791,1.0
33.966680433689,0.6735163945451619,1.0
33.990154239308815,0.6737238436370133,1.0
34.01364426728371,0.6739312757371118,1.0
34.03715052882465,0.6741386907904235,1.0
34.06067303515039,0.6743460887419055,1.0
34.08421179748744,0.674553469536503,1.0
34.10776682707007,0.6747608331191508,1.0
34.131338135140275,0.674968179434773,1.0
34.15492573294785,0.675175508428283,1.0
34.17852963175038,0.6753828200445834,1.0
34.20214984281319,0.6755901142285661,1.0
34.22578637740942,0.6757973909251124,1.0
34.24943924681999,0.6760046500790932,1.0
34.27310846233362,0.6762118916353684,1.0
34.29679403524682,0.6764191155387876,1.0
34.320495976863924,0.67662632173419,1.0
34.34421429849707,0.676833510166404,1.0
34.367949011466216,0.6770406807802476,1.0
34.39170012709915,0.6772478335205285,1.0
34.415467656731444,0.6774549683320432,1.0
34.43925161170657,0.6776620851595787,1.0
34.463052003375786,0.6778691839479112,1.0
34.486868843098236,0.6780762646418064,1.0
34.5107021422409,0.6782833271860199,1.0
34.534551912178586,0.6784903715252969,1.0
34.55841816429399,0.6786973976043721,1.0
34.58230090997768,0.67890440536797,1.0
34.60620016062808,0.679111394760805,1.0
34.630115927651495,0.679318365727581,1.0
34.65404822246212,0.679525318212992,1.0
34.677997056482035,0.6797322521617213,1.0
34.7019624411412,0.6799391675184426,1.0
34.72594438787749,0.6801460642278191,1.0
34.74994290813669,0.6803529422345039,1.0
34.77395801337247,0.6805598014831402,1.0
34.79798971504646,0.6807666419183611,1.0
34.822038024628135,0.6809734634847889,1.0
34.84610295359497,0.6811802661270371,1.0
34.87018451343234,0.6813870497897082,1.0
34.89428271563359,0.6815938144173954,1.0
34.91839757169992,0.6818005599546814,1.0
34.94252909314058,0.6820072863461393,1.0
34.96667729147271,0.6822139935363322,1.0
34.990842178221456,0.6824206814698133,1.0
35.01502376491989,0.6826273500911257,1.0
35.039222063109065,0.6828339993448032,1.0
35.06343708433802,0.6830406291753693,1.0
35.08766884016377,0.6832472395273379,1.0
35.11191734215131,0.6834538303452131,1.0
35.136182601873635,0.6836604015734892,1.0
35.16046463091173,0.6838669531566508,1.0
35.1847634408546,0.684073485039173,1.0
35.20907904329926,0.684279997165521,1.0
35.23341144985069,0.6844864894801501,1.0
35.257760672121954,0.6846929619275065,1.0
35.2821267217341,0.6848994144520264,1.0
35.30650961031626,0.6851058469981367,1.0
35.33090934950551,0.6853122595102545,1.0
35.355325950947055,0.6855186519327876,1.0
35.3797594262941,0.685725024210134,1.0
35.40420978720794,0.6859313762866827,1.0
35.428677045357894,0.6861377081068125,1.0
35.453161212421364,0.6863440196148934,1.0
35.477662300083814,0.6865503107552857,1.0
35.502180320038796,0.6867565814723405,1.0
35.526715283987926,0.6869628317103992,1.0
35.55126720364092,0.6871690614137941,1.0
35.575836090715576,0.6873752705268482,1.0
35.60042195693782,0.6875814589938753,1.0
35.62502481404162,0.6877876267591795,1.0
35.64964467376911,0.6879937737670555,1.0
35.67428154787052,0.6881998999617904,1.0
35.69893544810421,0.6884060052876598,1.0
35.723606386236625,0.6886120896889316,1.0
35.748294374042395,0.6888181531098642,1.0
35.772999423304256,0.6890241954947067,1.0
35.7977215458131,0.6892302167876994,1.0
35.82246075336796,0.6894362169330732,1.0
35.84721705777603,0.6896421958750503,1.0
35.87199047085265,0.6898481535578435,1.0
35.896781004421356,0.6900540899256566,1.0
35.92158867031381,0.6902600049226849,1.0
35.94641348036989,0.6904658984931142,1.0
35.97125544643764,0.6906717705811217,1.0
35.99611458037328,0.6908776211308757,1.0
36.020990894041276,0.6910834500865354,1.0
36.0458843993142,0.6912892573922504,1.0
36.07079510807291,0.6914950429921638,1.0
36.09572303220644,0.6917008068304071,1.0
36.12066818361208,0.6919065488511048,1.0
36.145630574195266,0.6921122689983721,1.0
36.17061021586972,0.6923179672163152,1.0
36.19560712055739,0.6925236434490322,1.0
36.220621300188455,0.6927292976406119,1.0
36.24565276670133,0.6929349297351348,1.0
36.2707015320427,0.6931405396766726,1.0
36.2957676081675,0.6933461274092884,1.0
36.32085100703891,0.6935516928770368,1.0
36.34595174062841,0.6937572360239636,1.0
36.371069820915714,0.6939627567941064,1.0
36.396205259888845,0.6941682551314938,1.0
36.4213580695441,0.6943737309801464,1.0
36.44652826188609,0.6945791842840765,1.0
36.47171584892765,0.6947846149872866,1.0
36.49692084269,0.6949900230337723,1.0
36.52214325520263,0.6951954083675203,1.0
36.54738309850336,0.6954007709325085,1.0
36.572640384638284,0.6956061106727071,1.0
36.59791512566187,0.6958114275320775,1.0
36.6232073336369,0.696016721454573,1.0
36.64851702063449,0.6962219923841387,1.0
36.67384419873411,0.6964272402647113,1.0
36.699188880023556,0.6966324650402191,1.0
36.724551076599006,0.6968376666545827,1.0
36.74993080056496,0.6970428450517139,1.0
36.775328064034326,0.6972480001755168,1.0
36.80074287912835,0.6974531319698872,1.0
36.82617525797667,0.6976582403787129,1.0
36.85162521271733,0.6978633253458737,1.0
36.87709275549668,0.6980683868152407,1.0
36.90257789846955,0.6982734247306777,1.0
36.92808065379914,0.6984784390360401,1.0
36.95360103365707,0.6986834296751756,1.0
36.97913905022333,0.6988883965919237,1.0
37.00469471568636,0.6990933397301161,1.0
37.03026804224302,0.6992982590335766,1.0
37.05585904209861,0.6995031544461208,1.0
37.08146772746684,0.6997080259115569,1.0
37.10709411056987,0.699912873373685,1.0
37.13273820363831,0.7001176967762975,1.0
37.15840001891124,0.7003224960631789,1.0
37.18407956863615,0.700527271178106,1.0
37.209776865069045,0.7007320220648477,1.0
37.235491920474374,0.7009367486671655,1.0
37.261224747125056,0.7011414509288131,1.0
37.28697535730254,0.7013461287935367,1.0
37.312743763296666,0.701550782205074,1.0
37.338529977405855,0.7017554111071561,1.0
37.364334011937,0.7019600154435058,1.0
37.39015587920551,0.7021645951578396,1.0
37.41599559153526,0.7023691501938647,1.0
37.441853161258685,0.7025736804952818,1.0
37.46772860071674,0.7027781860057839,1.0
37.4936219222589,0.7029826666690567,1.0
37.51953313824317,0.7031871224287783,1.0
37.5454622610361,0.7033915532286195,1.0
37.571409303012786,0.7035959590122434,1.0
37.59737427655688,0.703800339723306,1.0
37.62335719406058,0.7040046953054561,1.0
37.64935806792467,0.7042090257023347,1.0
37.67537691055849,0.7044133308575761,1.0
37.70141373437995,0.7046176107148069,1.0
37.72746855181556,0.7048218652176468,1.0
37.75354137530039,0.7050260943097076,1.0
37.77963221727812,0.7052302979345948,1.0
37.80574109020103,0.705434476035906,1.0
37.83186800653004,0.7056386285572324,1.0
37.85801297873459,0.7058427554421572,1.0
37.88417601929283,0.7060468566342575,1.0
37.91035714069148,0.7062509320771023,1.0
37.93655635542592,0.7064549817142544,1.0
37.962773676000154,0.7066590054892691,1.0
37.98900911492681,0.706863003345695,1.0
38.0152626847272,0.7070669752270734,1.0
38.041534397931244,0.707270921076939,1.0
38.06782426707756,0.7074748408388195,1.0
38.09413230471342,0.7076787344562354,1.0
38.12045852339475,0.7078826018727007,1.0
38.1468029356862,0.7080864430317225,1.0
38.17316555416103,0.7082902578768011,1.0
38.19954639140124,0.70849404635143,1.0
38.22594545999752,0.7086978083990955,1.0
38.252362772549276,0.7089015439632776,1.0
38.278798341664555,0.7091052529874499,1.0
38.30525217996019,0.7093089354150784,1.0
38.3317243000617,0.7095125911896235,1.0
38.35821471460335,0.7097162202545381,1.0
38.3847234362281,0.7099198225532688,1.0
38.41125047758769,0.7101233980292557,1.0
38.43779585134257,0.7103269466259323,1.0
38.46435957016196,0.7105304682867256,1.0
38.49094164672382,0.7107339629550559,1.0
38.51754209371489,0.710937430574337,1.0
38.54416092383065,0.7111408710879765,1.0
38.57079814977539,0.7113442844393756,1.0
38.59745378426217,0.7115476705719289,1.0
38.62412784001278,0.7117510294290241,1.0
38.650820329757885,0.7119543609540436,1.0
38.67753126623689,0.7121576650903627,1.0
38.70426066219807,0.7123609417813508,1.0
38.7310085303984,0.7125641909703706,1.0
38.75777488360376,0.7127674126007789,1.0
38.784559734588846,0.7129706066159263,1.0
38.81136309613714,0.7131737729591567,1.0
38.83818498104101,0.7133769115738086,1.0
38.86502540210162,0.7135800224032135,1.0
38.891884372129,0.7137831053906974,1.0
38.918761903942034,0.7139861604795799,1.0
38.94565801036846,0.7141891876131746,1.0
38.97257270424489,0.714392186734789,1.0
38.999505998416794,0.7145951577877245,1.0
39.026457905738546,0.714798100715277,1.0
39.053428439073336,0.7150010154607355,1.0
39.08041761129333,0.7152039019673837,1.0
39.10742543527953,0.7154067601784994,1.0
39.13445192392187,0.7156095900373541,1.0
39.161497090119205,0.7158123914872138,1.0
39.18856094677923,0.7160151644713385,1.0
39.215643506818644,0.7162179089329824,1.0
39.24274478316304,0.7164206248153938,1.0
39.26986478874693,0.7166233120618155,1.0
39.29700353651379,0.716825970615484,1.0
39.324161039416026,0.7170286004196307,1.0
39.351337310415005,0.717231201417481,1.0
39.37853236248104,0.7174337735522547,1.0
39.405746208593406,0.7176363167671658,1.0
39.43297886174037,0.7178388310054227,1.0
39.46023033491914,0.7180413162102286,1.0
39.487500641135966,0.718243772324781,1.0
39.514789793405996,0.718446199292271,1.0
39.54209780475344,0.7186485970558852,1.0
39.5694246882115,0.7188509655588046,1.0
39.596770456822384,0.7190533047442043,1.0
39.624135123637274,0.7192556145552541,1.0
39.65151870171643,0.7194578949351187,1.0
39.6789212041291,0.719660145826957,1.0
39.706342643953576,0.7198623671739228,1.0
39.73378303427719,0.7200645589191644,1.0
39.761242388196315,0.720266721005825,1.0
39.78872071881638,0.7204688533770421,1.0
39.81621803925185,0.7206709559759485,1.0
39.84373436262629,0.7208730287456714,1.0
39.871269702072304,0.7210750716293327,1.0
39.89882407073158,0.7212770845700496,1.0
39.92639748175488,0.7214790675109335,1.0
39.95398994830211,0.7216810203950912,1.0
39.981601483542164,0.7218829431656245,1.0
40.00923210065312,0.7220848357656292,1.0
40.03688181282215,0.722286698138197,1.0
40.06455063324554,0.7224885302264141,1.0
40.09223857512865,0.722690331973362,1.0
40.11994565168601,0.722892103322117,1.0
40.14767187614129,0.7230938442157504,1.0
40.175417261727276,0.723295554597329,1.0
40.2031818216859,0.7234972344099141,1.0
40.230965569268264,0.7236988835965625,1.0
40.2587685177346,0.7239005021003261,1.0
40.28659068035433,0.724102089864252,1.0
40.31443207040603,0.7243036468313825,1.0
40.34229270117745,0.7245051729447549,1.0
40.37017258596554,0.7247066681474021,1.0
40.398071738076446,0.7249081323823525,1.0
40.42599017082545,0.7251095655926287,1.0
40.453927897537106,0.7253109677212498,1.0
40.48188493154514,0.7255123387112299,1.0
40.50986128619251,0.7257136785055783,1.0
40.537856974831406,0.7259149870473,1.0
40.565872010823185,0.7261162642793951,1.0
40.5939064075385,0.7263175101448596,1.0
40.62196017835722,0.7265187245866845,1.0
40.65003333666847,0.7267199075478569,1.0
40.67812589587062,0.7269210589713588,1.0
40.70623786937131,0.7271221788001684,1.0
40.734369270587415,0.7273232669772589,1.0
40.762520112945126,0.7275243234455996,1.0
40.790690409879886,0.7277253481481553,1.0
40.81888017483642,0.7279263410278863,1.0
40.84708942126877,0.7281273020277489,1.0
40.87531816264026,0.7283282310906951,1.0
40.90356641242349,0.7285291281596721,1.0
40.93183418410041,0.7287299931776234,1.0
40.960121491162276,0.7289308260874886,1.0
40.98842834710969,0.7291316268322025,1.0
41.01675476545251,0.7293323953546959,1.0
41.04510075971002,0.7295331315978957,1.0
41.073466343410786,0.7297338355047248,1.0
41.10185153009276,0.7299345070181017,1.0
41.13025633330323,0.730135146080941,1.0
41.158680766598856,0.7303357526361532,1.0
41.187124843545654,0.7305363266266452,1.0
41.215588577719025,0.7307368679953195,1.0
41.24407198270375,0.7309373766850749,1.0
41.27257507209401,0.7311378526388062,1.0
41.301097859493346,0.7313382957994043,1.0
41.329640358514744,0.7315387061097565,1.0
41.35820258278059,0.7317390835127463,1.0
41.38678454592263,0.7319394279512524,1.0
41.41538626158209,0.7321397393681511,1.0
41.44400774340961,0.7323400177063143,1.0
41.47264900506527,0.7325402629086102,1.0
41.50131006021855,0.7327404749179033,1.0
41.529990922548414,0.7329406536770545,1.0
41.558691605743284,0.7331407991289213,1.0
41.58741212350102,0.7333409112163571,1.0
41.61615248952895,0.7335409898822121,1.0
41.6449127175439,0.7337410350693325,1.0
41.67369282127215,0.7339410467205617,1.0
41.702492814449464,0.7341410247787389,1.0
41.73131271082112,0.7343409691867002,1.0
41.76015252414188,0.734540879887278,1.0
41.789012268176016,0.7347407568233014,1.0
41.81789195669733,0.7349405999375965,1.0
41.84679160348908,0.7351404091729847,1.0
41.87571122234412,0.7353401844722861,1.0
41.904650827064806,0.7355399257783155,1.0
41.93361043146304,0.7357396330338855,1.0
41.96259004936027,0.7359393061818053,1.0
41.991589694587475,0.7361389451648807,1.0
42.020609380985206,0.7363385499259142,1.0
42.0496491224036,0.7365381204077054,1.0
42.078708932702334,0.7367376565530506,1.0
42.107788825750674,0.7369371583047428,1.0
42.13688881542749,0.7371366256055722,1.0
42.166008915621205,0.7373360583983256,1.0
42.19514914022988,0.7375354566257871,1.0
42.224309503161145,0.7377348202307373,1.0
42.25349001833227,0.7379341491559543,1.0
42.282690699670134,0.7381334433442129,1.0
42.31191156111125,0.7383327027382854,1.0
42.34115261660172,0.7385319272809401,1.0
42.37041388009732,0.7387311169149435,1.0
42.39969536556347,0.7389302715830589,1.0
42.42899708697526,0.7391293912280468,1.0
42.45831905831737,0.7393284757926645,1.0
42.48766129358422,0.7395275252196671,1.0
42.517023806779854,0.7397265394518066,1.0
42.546406611918016,0.7399255184318321,1.0
42.57580972302213,0.7401244621024905,1.0
42.605233154125315,0.7403233704065255,1.0
42.63467691927037,0.7405222432866785,1.0
42.664141032509825,0.7407210806856882,1.0
42.6936255079059,0.7409198825462905,1.0
42.72313035953054,0.7411186488112189,1.0
42.752655601465435,0.7413173794232043,1.0
42.78220124780196,0.7415160743249752,1.0
42.811767312641294,0.7417147334592575,1.0
42.84135381009428,0.7419133567687749,1.0
42.870960754281576,0.7421119441962477,1.0
42.90058815933357,0.742310495684395,1.0
42.93023603939046,0.7425090111759327,1.0
42.95990440860213,0.7427074906135749,1.0
42.98959328112831,0.742905933940033,1.0
43.019302671138504,0.7431043410980163,1.0
43.049032592812,0.7433027120302316,1.0
43.07878306033789,0.7435010466793835,1.0
43.10855408791507,0.7436993449881747,1.0
43.13834568975224,0.7438976068993052,1.0
43.16815788006794,0.7440958323554732,1.0
43.19799067309051,0.7442940212993745,1.0
43.22784408305815,0.7444921736737031,1.0
43.257718124218876,0.7446902894211507,1.0
43.287612810830595,0.7448883684844071,1.0
43.31752815716098,0.7450864108061596,1.0
43.34746417748764,0.7452844163290937,1.0
43.37742088609802,0.7454823849958933,1.0
43.40739829728947,0.7456803167492401,1.0
43.4373964253692,0.7458782115318137,1.0
43.46741528465428,0.746076069286292,1.0
43.4974548894717,0.7462738899553509,1.0
43.52751525415837,0.7464716734816648,1.0
43.55759639306107,0.7466694198079057,1.0
43.58769832053653,0.7468671288767442,1.0
43.617821050951385,0.7470648006308491,1.0
43.64796459868219,0.7472624350128874,1.0
43.678128978115446,0.7474600319655241,1.0
43.708314203647596,0.7476575914314233,1.0
43.738520289685034,0.7478551133532466,1.0
43.768747250644104,0.7480525976736544,1.0
43.798995100951146,0.7482500443353056,1.0
43.82926385504238,0.7484474532808567,1.0
43.85955352736409,0.748644824452964,1.0
43.88986413237252,0.7488421577942813,1.0
43.92019568453393,0.7490394532474614,1.0
43.95054819832448,0.7492367107551549,1.0
43.98092168823045,0.7494339302600116,1.0
44.01131616874807,0.7496311117046799,1.0
44.04173165438359,0.7498282550318066,1.0
44.072168159653316,0.7500253601840372,1.0
44.10262569908355,0.7502224271040159,1.0
44.13310428721067,0.7504194557343854,1.0
44.16360393858106,0.7506164460177874,1.0
44.19412466775118,0.7508133978968623,1.0
44.22466648928756,0.7510103113142491,1.0
44.255229417766756,0.7512071862125858,1.0
44.28581346777544,0.751404022534509,1.0
44.31641865391037,0.7516008202226546,1.0
44.347044990778315,0.7517975792196566,1.0
44.37769249299623,0.7519942994681487,1.0
44.40836117519113,0.7521909809107631,1.0
44.43905105200017,0.7523876234901312,1.0
44.46976213807053,0.7525842271488833,1.0
44.50049444805962,0.7527807918296486,1.0
44.531247996634924,0.7529773174750557,1.0
44.56202279847408,0.7531738040277318,1.0
44.59281886826487,0.7533702514303036,1.0
44.6236362207052,0.7535666596253966,1.0
44.65447487050317,0.7537630285556358,1.0
44.68533483237703,0.7539593581636452,1.0
44.71621612105519,0.754155648392048,1.0
44.747118751276254,0.7543518991834666,1.0
44.778042737789,0.7545481104805228,1.0
44.80898809535243,0.754744282225838,1.0
44.839954838735686,0.7549404143620319,1.0
44.870942982718155,0.7551365068317245,1.0
44.90195254208945,0.7553325595775349,1.0
44.93298353164939,0.7555285725420815,1.0
44.964035966208,0.7557245456679824,1.0
44.99510986058557,0.7559204788978549,1.0
45.02620522961262,0.7561163721743157,1.0
45.057322088129936,0.7563122254399813,1.0
45.08846045098853,0.7565080386374677,1.0
45.119620333049696,0.7567038117093904,1.0
45.15080174918501,0.7568995445983644,1.0
45.18200471427629,0.7570952372470043,1.0
45.21322924321567,0.7572908895979247,1.0
45.24447535090557,0.7574865015937394,1.0
45.27574305225869,0.7576820731770623,1.0
45.307032362198065,0.7578776042905069,1.0
45.33834329565705,0.7580730948766866,1.0
45.36967586757924,0.7582685448782139,1.0
45.401030092918646,0.7584639542377016,1.0
45.43240598663959,0.7586593228977635,1.0
45.46380356371674,0.758854650801011,1.0
45.49522283913505,0.7590499378900569,1.0
45.52666382788993,0.7592451841075137,1.0
45.55812654498708,0.7594403893959937,1.0
45.589611005442606,0.7596355536981091,1.0
45.621117224282976,0.7598306769564723,1.0
45.65264521654505,0.7600257591136957,1.0
45.684194997276066,0.7602208001123918,1.0
45.715766581533686,0.7604157998951729,1.0
45.74735998438595,0.7606107584046519,1.0
45.778975220911335,0.7608056755834414,1.0
45.81061230619872,0.7610005513741543,1.0
45.84227125534742,0.7611953857194039,1.0
45.87395208346721,0.7613901785618036,1.0
45.90565480567824,0.7615849298439673,1.0
45.93737943711117,0.7617796395085082,1.0
45.96912599290709,0.7619743074980412,1.0
46.0008944882176,0.7621689337551805,1.0
46.03268493820467,0.7623635182225412,1.0
46.06449735804084,0.7625580608427387,1.0
46.0963317629091,0.7627525615583887,1.0
46.12818816800296,0.7629470203121075,1.0
46.160066588526384,0.7631414370465116,1.0
46.19196703969388,0.7633358117042185,1.0
46.22388953673045,0.7635301442278457,1.0
46.25583409487163,0.7637244345600115,1.0
46.28780072936349,0.7639186826433351,1.0
46.31978945546261,0.7641128884204356,1.0
46.351800288436145,0.7643070518339332,1.0
46.38383324356181,0.7645011728264494,1.0
46.4158883361278,0.7646952513406046,1.0
46.44796558143295,0.7648892873190217,1.0
46.480064994786666,0.7650832807043236,1.0
46.51218659150892,0.7652772314391342,1.0
46.544330386930234,0.7654711394660778,1.0
46.576496396391775,0.7656650047277802,1.0
46.608684635245304,0.7658588271668675,1.0
46.640895118853166,0.7660526067259668,1.0
46.67312786258835,0.7662463433477064,1.0
46.70538288183447,0.7664400369747153,1.0
46.73766019198573,0.7666336875496235,1.0
46.769959808447034,0.7668272950150621,1.0
46.802281746633874,0.7670208593136633,1.0
46.83462602197244,0.76721438038806,1.0
46.86699264989956,0.7674078581808865,1.0
46.899381645862725,0.7676012926347783,1.0
46.93179302532015,0.767794683692372,1.0
46.96422680374064,0.7679880312963049,1.0
46.99668299660376,0.7681813353892158,1.0
47.029161619399765,0.7683745959137451,1.0
47.061662687629635,0.7685678128125342,1.0
47.09418621680498,0.7687609860282254,1.0
47.12673222244821,0.7689541155034628,1.0
47.15930072009244,0.7691472011808919,1.0
47.19189172528151,0.769340243003159,1.0
47.22450525357001,0.7695332409129123,1.0
47.257141320523274,0.7697261948528014,1.0
47.28979994171741,0.7699191047654769,1.0
47.32248113273927,0.7701119705935915,1.0
47.355184909186484,0.7703047922797989,1.0
47.38791128666746,0.7704975697667545,1.0
47.42066028080139,0.7706903029971156,1.0
47.45343190721829,0.7708829919135405,1.0
47.48622618155895,0.7710756364586898,1.0
47.51904311947494,0.7712682365752248,1.0
47.551882736628684,0.7714607922058092,1.0
47.58474504869344,0.7716533032931084,1.0
47.61763007135331,0.7718457697797892,1.0
47.65053782030314,0.7720381916085205,1.0
47.68346831124874,0.7722305687219726,1.0
47.7164215599067,0.7724229010628179,1.0
47.749397582004505,0.7726151885737306,1.0
47.78239639328049,0.7728074311973866,1.0
47.81541800948389,0.772999628876464,1.0
47.8484624463748,0.7731917815536425,1.0
47.88152971972423,0.773383889171604,1.0
47.91461984531405,0.7735759516730323,1.0
47.94773283893708,0.7737679690006132,1.0
47.980868716397026,0.7739599410970344,1.0
48.01402749350856,0.7741518679049862,1.0
48.04720918609719,0.77434374936716,1.0
48.080413809999456,0.7745355854262502,1.0
48.1136413810628,0.774727376024953,1.0
48.14689191514564,0.7749191211059671,1.0
48.18016542811729,0.7751108206119928,1.0
48.213461935858106,0.7753024744857333,1.0
48.246781454259384,0.7754940826698934,1.0
48.28012399922341,0.7756856451071809,1.0
48.31348958666346,0.7758771617403053,1.0
48.34687823250379,0.7760686325119789,1.0
48.38028995267969,0.776260057364916,1.0
48.413724763137445,0.7764514362418335,1.0
48.44718267983436,0.7766427690854509,1.0
48.480663718738775,0.7768340558384897,1.0
48.514167895830056,0.7770252964436745,1.0
48.547695227098615,0.7772164908437317,1.0
48.58124572854596,0.777407638981391,1.0
48.61481941618454,0.7775987407993838,1.0
48.64841630603799,0.777789796240445,1.0
48.68203641414096,0.7779808052473114,1.0
48.71567975653923,0.7781717677627229,1.0
48.749346349289574,0.7783626837294221,1.0
48.783036208459954,0.778553553090154,1.0
48.8167493501294,0.7787443757876665,1.0
48.850485790388056,0.7789351517647103,1.0
48.8842455453372,0.779125880964039,1.0
48.91802863108921,0.7793165633284087,1.0
48.951835063767625,0.7795071988005786,1.0
48.98566485950711,0.7796977873233107,1.0
49.01951803445349,0.7798883288393702,1.0
49.053394604763746,0.7800788232915247,1.0
49.08729458660601,0.7802692706225449,1.0
49.12121799615965,0.7804596707752053,1.0
49.15516484961509,0.780650023692282,1.0
49.189135163174065,0.7808403293165551,1.0
49.22312895304945,0.7810305875908078,1.0
49.257146235465335,0.7812207984578261,1.0
49.29118702665705,0.781410961860399,1.0
49.32525134287107,0.7816010777413193,1.0
49.35933920036516,0.7817911460433823,1.0
49.39345061540832,0.7819811667093868,1.0
49.427585604280765,0.782171139682135,1.0
49.461744183273986,0.7823610649044321,1.0
49.49592636869072,0.7825509423190867,1.0
49.530132176844965,0.782740771868911,1.0
49.564361624062,0.78293055349672,1.0
49.5986147266784,0.7831202871453327,1.0
49.632891501041996,0.783309972757571,1.0
49.667191963511954,0.7834996102762605,1.0
49.70151613045875,0.7836891996442306,1.0
49.735864018264095,0.7838787408043133,1.0
49.770235643321115,0.784068233699345,1.0
49.804631022034215,0.7842576782721652,1.0
49.839050170819185,0.7844470744656172,1.0
49.87349310610307,0.7846364222225479,1.0
49.90795984432435,0.7848257214858078,1.0
49.94245040193284,0.7850149721982509,1.0
49.97696479538971,0.7852041743027353,1.0
50.01150304116753,0.7853933277421222,1.0
50.04606515575023,0.7855824324592773,1.0
50.08065115563314,0.7857714883970696,1.0
50.11526105732301,0.7859604954983721,1.0
50.149894877337964,0.7861494537060615,1.0
50.18455263220756,0.7863383629630185,1.0
50.21923433847278,0.7865272232121276,1.0
50.25394001268603,0.7867160343962775,1.0
50.28866967141119,0.7869047964583606,1.0
50.323423331223495,0.7870935093412731,1.0
50.35820100870973,0.7872821729879151,1.0
50.393002720468104,0.7874707873411921,1.0
50.42782848310832,0.7876593523440119,1.0
50.46267831325151,0.7878478679392871,1.0
50.49755222753033,0.7880363340699348,1.0
50.53245024258892,0.7882247506788758,1.0
50.56737237508295,0.7884131177090351,1.0
50.60231864167956,0.7886014351033421,1.0
50.63728905905742,0.7887897028047305,1.0
50.672283643906745,0.7889779207561378,1.0
50.70730241292927,0.7891660889005064,1.0
50.742345382838266,0.7893542071807828,1.0
50.777412570358564,0.7895422755399174,1.0
50.81250399222655,0.7897302939208657,1.0
50.84761966519021,0.7899182622665876,1.0
50.88275960600901,0.7901061805200464,1.0
50.91792383145409,0.7902940486242109,1.0
50.95311235830815,0.7904818665220542,1.0
50.988325203365484,0.7906696341565538,1.0
51.02356238343202,0.7908573514706916,1.0
51.05882391532524,0.7910450184074544,1.0
51.09410981587429,0.7912326349098334,1.0
51.12942010191996,0.7914202009208245,1.0
51.164754790314646,0.7916077163834283,1.0
51.20011389792241,0.7917951812406501,1.0
51.23549744161896,0.7919825954354996,1.0
51.27090543829167,0.792169958910992,1.0
51.30633790483958,0.7923572716101464,1.0
51.34179485817342,0.7925445334759872,1.0
51.377276315215596,0.7927317444515436,1.0
51.412782292900204,0.7929189044798498,1.0
51.448312808173085,0.7931060135039447,1.0
51.483867877991706,0.7932930714668717,1.0
51.51944751932532,0.7934800783116799,1.0
51.5550517491549,0.793667033981423,1.0
51.59068058447316,0.7938539384191599,1.0
51.626334042284505,0.7940407915679543,1.0
51.66201213960514,0.7942275933708751,1.0
51.69771489346303,0.7944143437709963,1.0
51.73344232089789,0.7946010427113969,1.0
51.76919443896122,0.7947876901351613,1.0
51.8049712647163,0.7949742859853788,1.0
51.8407728152382,0.795160830205144,1.0
51.8765991076138,0.7953473227375569,1.0
51.91245015894178,0.7955337635257226,1.0
51.948325986332634,0.7957201525127514,1.0
51.984226606908685,0.7959064896417593,1.0
52.020152037804095,0.7960927748558672,1.0
52.05610229616489,0.7962790080982018,1.0
52.09207739914885,0.7964651893118946,1.0
52.12807736392572,0.7966513184400831,1.0
52.16410220767706,0.79683739542591,1.0
52.200151947596346,0.7970234202125239,1.0
52.236226600888855,0.7972093927430783,1.0
52.27232618477182,0.7973953129607326,1.0
52.30845071647436,0.7975811808086518,1.0
52.3446002132375,0.7977669962300065,1.0
52.38077469231417,0.7979527591679727,1.0
52.41697417096923,0.7981384695657324,1.0
52.45319866647948,0.798324127366473,1.0
52.489448196133644,0.7985097325133879,1.0
52.525722777232396,0.7986952849496759,1.0
52.56202242708838,0.7988807846185421,1.0
52.59834716302619,0.7990662314631967,1.0
52.63469700238243,0.7992516254268567,1.0
52.6710719625056,0.7994369664527439,1.0
52.70747206075626,0.7996222544840864,1.0
52.74389731450696,0.7998074894641187,1.0
52.780347741142236,0.7999926713360807,1.0
52.816823358058684,0.8001778000432184,1.0
52.853324182664835,0.8003628755287839,1.0
52.88985023238132,0.8005478977360353,1.0
52.926401524640795,0.8007328666082367,1.0
52.962978076887964,0.8009177820886585,1.0
52.99957990657958,0.8011026441205769,1.0
53.03620703118446,0.8012874526472744,1.0
53.072859468183495,0.8014722076120399,1.0
53.109537235069666,0.8016569089581682,1.0
53.146240349348034,0.8018415566289604,1.0
53.18296882853575,0.802026150567724,1.0
53.21972269016208,0.8022106907177727,1.0
53.256501951768435,0.8023951770224268,1.0
53.29330663090827,0.802579609425012,1.0
53.33013674514723,0.8027639878688616,1.0
53.3669923120631,0.8029483122973147,1.0
53.40387334924582,0.8031325826537167,1.0
53.44077987429741,0.8033167988814199,1.0
53.47771190483215,0.8035009609237829,1.0
53.51466945847643,0.8036850687241707,1.0
53.55165255286887,0.8038691222259549,1.0
53.588661205660244,0.8040531213725138,1.0
53.62569543451353,0.8042370661072323,1.0
53.662755257103925,0.804420956373502,1.0
53.69984069111883,0.8046047921147207,1.0
53.73695175425787,0.8047885732742935,1.0
53.77408846423292,0.804972299795632,1.0
53.81125083876805,0.8051559716221545,1.0
53.84843889559964,0.805339588697286,1.0
53.8856526524763,0.8055231509644587,1.0
53.92289212715887,0.805706658367111,1.0
53.960157337420505,0.8058901108486887,1.0
53.99744830104664,0.8060735083526442,1.0
54.034765035835015,0.8062568508224373,1.0
54.07210755959561,0.806440138201534,1.0
54.109475890150776,0.8066233704334079,1.0
54.14687004533515,0.8068065474615395,1.0
54.184290042995706,0.8069896692294161,1.0
54.22173590099175,0.8071727356805322,1.0
54.259207637194926,0.8073557467583895,1.0
54.29670526948923,0.8075387024064967,1.0
54.33422881577103,0.8077216025683698,1.0
54.37177829394903,0.8079044471875316,1.0
54.409353721944335,0.8080872362075128,1.0
54.44695511769044,0.8082699695718507,1.0
54.484582499133246,0.8084526472240904,1.0
54.52223588423099,0.8086352691077835,1.0
54.559915290954365,0.8088178351664898,1.0
54.597620737286505,0.8090003453437759,1.0
54.63535224122294,0.809182799583216,1.0
54.67310982077168,0.8093651978283919,1.0
54.71089349395308,0.8095475400228925,1.0
54.74870327880004,0.8097298261103143,1.0
54.78653919335791,0.8099120560342614,1.0
54.824401255684485,0.8100942297383452,1.0
54.86228948385006,0.810276347166185,1.0
54.9002038959374,0.8104584082614074,1.0
54.93814451004178,0.8106404129676467,1.0
54.976111344270976,0.8108223612285447,1.0
55.01410441674528,0.8110042529877513,1.0
55.052123745597505,0.8111860881889237,1.0
55.090169348973,0.8113678667757269,1.0
55.12824124502966,0.811549588691834,1.0
55.16633945193789,0.8117312538809253,1.0
55.20446398788067,0.8119128622866891,1.0
55.2426148710536,0.8120944138528221,1.0
55.2807921196648,0.8122759085230281,1.0
55.31899575193495,0.8124573462410193,1.0
55.35722578609738,0.8126387269505156,1.0
55.395482240397996,0.8128200505952452,1.0
55.433765133095314,0.8130013171189436,1.0
55.47207448246047,0.8131825264653552,1.0
55.51041030677722,0.8133636785782318,1.0
55.548772624341964,0.8135447734013334,1.0
55.58716145346375,0.8137258108784283,1.0
55.62557681246426,0.8139067909532928,1.0
55.66401871967786,0.8140877135697113,1.0
55.702487193451574,0.8142685786714767,1.0
55.7409822521451,0.8144493862023897,1.0
55.77950391413088,0.8146301361062597,1.0
55.818052197793925,0.8148108283269037,1.0
55.85662712153208,0.8149914628081476,1.0
55.89522870375584,0.8151720394938256,1.0
55.93385696288848,0.81535255832778,1.0
55.9725119173659,0.8155330192538616,1.0
56.01119358563684,0.8157134222159298,1.0
56.04990198616275,0.8158937671578522,1.0
56.08863713741786,0.8160740540235051,1.0
56.12739905788914,0.8162542827567729,1.0
56.166187766076355,0.8164344533015492,1.0
56.20500328049204,0.8166145656017355,1.0
56.243845619661535,0.8167946196012423,1.0
56.28271480212299,0.8169746152439887,1.0
56.32161084642734,0.8171545524739022,1.0
56.360533771138364,0.8173344312349193,1.0
56.39948359483269,0.8175142514709852,1.0
56.438460336099695,0.8176940131260533,1.0
56.4774640135417,0.8178737161440862,1.0
56.51649464577384,0.8180533604690555,1.0
56.555552251424146,0.8182329460449413,1.0
56.59463684913345,0.8184124728157327,1.0
56.633748457555534,0.8185919407254276,1.0
56.672887095357055,0.8187713497180328,1.0
56.712052781217565,0.8189506997375641,1.0
56.75124553382952,0.8191299907280462,1.0
56.79046537189831,0.8193092226335129,1.0
56.82971231414223,0.8194883953980071,1.0
56.86898637929253,0.8196675089655805,1.0
56.908287586093394,0.819846563280294,1.0
56.94761595330197,0.8200255582862177,1.0
56.98697149968836,0.8202044939274309,1.0
57.02635424403564,0.8203833701480217,1.0
57.065764205139885,0.820562186892088,1.0
57.1052014018101,0.8207409441037362,1.0
57.14466585286834,0.8209196417270825,1.0
57.184157577149676,0.8210982797062523,1.0
57.223676593502205,0.8212768579853801,1.0
57.263222920786944,0.82145537650861,1.0
57.30279657787807,0.8216338352200954,1.0
57.34239758366275,0.8218122340639988,1.0
57.38202595704121,0.8219905729844929,1.0
57.421681716926734,0.8221688519257588,1.0
57.46136488224568,0.8223470708319881,1.0
57.5010754719375,0.8225252296473813,1.0
57.54081350495469,0.8227033283161486,1.0
57.5805790002629,0.8228813667825098,1.0
57.62037197684085,0.8230593449906943,1.0
57.660192453680395,0.8232372628849411,1.0
57.70004044978649,0.823415120409499,1.0
57.73991598417729,0.8235929175086266,1.0
57.77981907588397,0.8237706541265915,1.0
57.819749743950965,0.8239483302076717,1.0
57.859708007435835,0.8241259456961549,1.0
57.89969388540935,0.8243035005363387,1.0
57.939707396955356,0.8244809946725301,1.0
57.97974856117098,0.8246584280490464,1.0
58.01981739716653,0.8248358006102147,1.0
58.0599139240655,0.8250131123003718,1.0
58.10003816100462,0.8251903630638647,1.0
58.14019012713383,0.8253675528450503,1.0
58.18036984161631,0.8255446815882954,1.0
58.2205773236285,0.8257217492379771,1.0
58.26081259236005,0.8258987557384823,1.0
58.30107566701391,0.826075701034208,1.0
58.341366566806286,0.8262525850695617,1.0
58.38168531096671,0.8264294077889608,1.0
58.42203191873788,0.8266061691368324,1.0
58.462406409375916,0.8267828690576144,1.0
58.50280880215019,0.8269595074957552,1.0
58.54323911634344,0.8271360843957126,1.0
58.58369737125164,0.8273125997019556,1.0
58.62418358618417,0.8274890533589628,1.0
58.66469778046373,0.8276654453112235,1.0
58.705239973426394,0.8278417755032376,1.0
58.74581018442158,0.8280180438795147,1.0
58.78640843281208,0.8281942503845758,1.0
58.82703473797407,0.8283703949629515,1.0
58.86768911929712,0.8285464775591834,1.0
58.90837159618419,0.8287224981178235,1.0
58.949082188051655,0.8288984565834344,1.0
58.989820914329314,0.8290743529005892,1.0
59.03058779446039,0.8292501870138714,1.0
59.07138284790156,0.8294259588678762,1.0
59.112206094122875,0.8296016684072077,1.0
59.153057552607926,0.829777315576482,1.0
59.193937242853735,0.8299529003203259,1.0
59.23484518437083,0.8301284225833763,1.0
59.275781396683136,0.8303038823102814,1.0
59.31674589932816,0.8304792794457001,1.0
59.35773871185687,0.8306546139343022,1.0
59.39875985383375,0.830829885720768,1.0
59.439809344836824,0.8310050947497892,1.0
59.48088720445762,0.8311802409660682,1.0
59.52199345230122,0.8313553243143185,1.0
59.56312810798625,0.8315303447392642,1.0
59.60429119114489,0.831705302185641,1.0
59.6454827214229,0.8318801965981951,1.0
59.6867027184796,0.8320550279216841,1.0
59.72795120198792,0.8322297961008767,1.0
59.76922819163439,0.8324045010805529,1.0
59.81053370711906,0.832579142805503,1.0
59.85186776815571,0.8327537212205295,1.0
59.89323039447167,0.8329282362704457,1.0
59.93462160580798,0.8331026879000761,1.0
59.9760414219192,0.8332770760542568,1.0
60.01748986257363,0.8334514006778347,1.0
60.058966947553245,0.8336256617156685,1.0
60.10047269665363,0.833799859112628,1.0
60.142007129684096,0.8339739928135944,1.0
60.18357026646762,0.8341480627634605,1.0
60.22516212684089,0.8343220689071306,1.0
60.2667827306543,0.83449601118952,1.0
60.30843209777196,0.834669889555556,1.0
60.35011024807171,0.8348437039501773,1.0
60.39181720144513,0.835017454318334,1.0
60.43355297779756,0.8351911406049884,1.0
60.47531759704804,0.8353647627551133,1.0
60.51711107912943,0.8355383207136942,1.0
60.55893344398835,0.8357118144257277,1.0
60.60078471158525,0.8358852438362224,1.0
60.64266490189425,0.8360586088901987,1.0
60.68457403490339,0.8362319095326884,1.0
60.7265121306145,0.8364051457087356,1.0
60.7684792090432,0.8365783173633956,1.0
60.81047529021898,0.8367514244417361,1.0
60.852500394185135,0.8369244668888365,1.0
60.89455454099885,0.837097444649788,1.0
60.93663775073114,0.8372703576696939,1.0
60.9787500434669,0.8374432058936694,1.0
61.020891439304926,0.8376159892668417,1.0
61.06306195835786,0.8377887077343501,1.0
61.105261620752295,0.8379613612413458,1.0
61.14749044662872,0.8381339497329925,1.0
61.18974845614148,0.8383064731544652,1.0
61.232035669458924,0.8384789314509516,1.0
61.27435210676331,0.8386513245676519,1.0
61.31669778825089,0.8388236524497779,1.0
61.35907273413176,0.8389959150425538,1.0
61.401476964630085,0.8391681122912161,1.0
61.44391049998397,0.8393402441410137,1.0
61.486373360445526,0.8395123105372077,1.0
61.528865566280835,0.8396843114250714,1.0
61.571387137769996,0.8398562467498908,1.0
61.61393809520712,0.8400281164569641,1.0
61.65651845890035,0.840199920491602,1.0
61.69912824917186,0.8403716587991275,1.0
61.74176748635785,0.8405433313248764,1.0
61.78443619080861,0.8407149380141965,1.0
61.827134382888474,0.8408864788124488,1.0
61.86986208297587,0.8410579536650068,1.0
61.91261931146323,0.8412293625172558,1.0
61.95540608875718,0.8414007053145943,1.0
61.99822243527839,0.8415719820024339,1.0
62.041068371461705,0.8417431925261981,1.0
62.083943917755974,0.8419143368313238,1.0
62.12684909462429,0.8420854148632599,1.0
62.169783922543836,0.8422564265674687,1.0
62.21274842200597,0.8424273718894253,1.0
62.2557426135162,0.8425982507746171,1.0
62.29876651759419,0.8427690631685448,1.0
62.34182015477381,0.8429398090167222,1.0
62.38490354560311,0.8431104882646752,1.0
62.42801671064434,0.8432811008579435,1.0
62.47115967047396,0.8434516467420794,1.0
62.514332445682655,0.8436221258626483,1.0
62.55753505687536,0.8437925381652286,1.0
62.60076752467116,0.8439628835954115,1.0
62.644029869703495,0.8441331620988016,1.0
62.68732211262002,0.8443033736210168,1.0
62.7306442740827,0.8444735181076878,1.0
62.77399637476767,0.8446435955044586,1.0
62.81737843536546,0.8448136057569863,1.0
62.86079047658088,0.8449835488109415,1.0
62.90423251913302,0.8451534246120079,1.0
62.947704583755296,0.8453232331058825,1.0
62.99120669119548,0.8454929742382757,1.0
63.03473886221564,0.845662647954911,1.0
63.07830111759223,0.8458322542015256,1.0
63.12189347811604,0.84600179292387,1.0
63.165515964592245,0.846171264067708,1.0
63.20916859784037,0.8463406675788171,1.0
63.252851398694354,0.8465100034029882,1.0
63.29656438800256,0.8466792714860258,1.0
63.34030758662766,0.8468484717737476,1.0
63.38408101544683,0.8470176042119851,1.0
63.427884695351665,0.8471866687465838,1.0
63.47171864724822,0.8473556653234021,1.0
63.515582892056884,0.8475245938883128,1.0
63.55947745071262,0.8476934543872019,1.0
63.603402344164834,0.8478622467659693,1.0
63.64735759337738,0.8480309709705287,1.0
63.69134321932863,0.8481996269468075,1.0
63.73535924301143,0.8483682146407469,1.0
63.77940568543315,0.848536733998302,1.0
63.82348256761567,0.8487051849654418,1.0
63.86758991059541,0.8488735674881491,1.0
63.911727735423305,0.8490418815124207,1.0
63.955896063164865,0.8492101269842672,1.0
64.00009491490016,0.8493783038497138,1.0
64.04432431172376,0.8495464120547986,1.0
64.08858427474489,0.8497144515455747,1.0
64.13287482508736,0.8498824222681087,1.0
64.17719598388952,0.8500503241684819,1.0
64.22154777230442,0.8502181571927891,1.0
64.26593021149962,0.8503859212871396,1.0
64.31034332265737,0.8505536163976569,1.0
64.35478712697457,0.8507212424704784,1.0
64.39926164566273,0.8508887994517562,1.0
64.44376689994806,0.8510562872876564,1.0
64.48830291107141,0.8512237059243594,1.0
64.53286970028832,0.8513910553080598,1.0
64.577467288869,0.8515583353849671,1.0
64.6220956980984,0.8517255461013045,1.0
64.66675494927614,0.8518926874033099,1.0
64.71144506371658,0.8520597592372359,1.0
64.75616606274885,0.8522267615493495,1.0
64.80091796771669,0.8523936942859315,1.0
64.84570079997872,0.852560557393278,1.0
64.89051458090826,0.8527273508176995,1.0
64.93535933189348,0.8528940745055209,1.0
64.98023507433717,0.853060728403082,1.0
65.02514182965707,0.853227312456737,1.0
65.07007961928565,0.8533938266128548,1.0
65.1150484646702,0.853560270817819,1.0
65.16004838727284,0.8537266450180281,1.0
65.2050794085705,0.8538929491598952,1.0
65.25014155005499,0.8540591831898482,1.0
65.29523483323294,0.8542253470543297,1.0
65.34035927962587,0.8543914406997976,1.0
65.38551491077013,0.854557464072724,1.0
65.430701748217,0.8547234171195965,1.0
65.47591981353263,0.8548892997869174,1.0
65.52116912829811,0.8550551120212037,1.0
65.56644971410935,0.855220853768988,1.0
65.61176159257728,0.8553865249768171,1.0
65.65710478532773,0.8555521255912535,1.0
65.70247931400152,0.8557176555588746,1.0
65.7478852002543,0.8558831148262728,1.0
65.79332246575683,0.8560485033400557,1.0
65.83879113219474,0.856213821046846,1.0
65.88429122126874,0.8563790678932817,1.0
65.92982275469446,0.8565442438260159,1.0
65.97538575420258,0.856709348791717,1.0
66.02098024153878,0.8568743827370688,1.0
66.06660623846376,0.8570393456087702,1.0
66.11226376675329,0.8572042373535353,1.0
66.15795284819816,0.857369057918094,1.0
66.20367350460423,0.8575338072491913,1.0
66.24942575779245,0.8576984852935876,1.0
66.29520962959879,0.857863091998059,1.0
66.34102514187437,0.8580276273093965,1.0
66.38687231648537,0.8581920911744072,1.0
66.43275117531313,0.8583564835399135,1.0
66.47866174025408,0.8585208043527531,1.0
66.52460403321977,0.85868505355978,1.0
66.5705780761369,0.858849231107863,1.0
66.61658389094735,0.8590133369438872,1.0
66.66262149960814,0.8591773710147528,1.0
66.70869092409146,0.859341333267376,1.0
66.7547921863847,0.859505223648689,1.0
66.80092530849045,0.8596690421056392,1.0
66.84709031242649,0.8598327885851901,1.0
66.8932872202258,0.8599964630343209,1.0
66.93951605393664,0.8601600654000268,1.0
66.98577683562245,0.8603235956293187,1.0
67.03206958736199,0.860487053669224,1.0
67.07839433124914,0.8606504394667845,1.0
67.1247510893932,0.8608137529690596,1.0
67.17113988391867,0.860976994123124,1.0
67.21756073696541,0.8611401628760683,1.0
67.26401367068844,0.8613032591749995,1.0
67.31049870725822,0.8614662829670403,1.0
67.3570158688605,0.8616292341993298,1.0
67.40356517769635,0.8617921128190229,1.0
67.4501466559822,0.8619549187732911,1.0
67.49676032594978,0.8621176520093217,1.0
67.54340620984625,0.8622803124743182,1.0
67.59008432993413,0.8624429001155008,1.0
67.6367947084913,0.8626054148801056,1.0
67.68353736781103,0.8627678567153848,1.0
67.73031233020204,0.8629302255686074,1.0
67.77711961798845,0.8630925213870585,1.0
67.82395925350981,0.8632547441180398,1.0
67.87083125912106,0.8634168937088688,1.0
67.91773565719264,0.8635789701068801,1.0
67.96467247011044,0.8637409732594246,1.0
68.01164172027586,0.8639029031138694,1.0
68.05864343010568,0.8640647596175987,1.0
68.10567762203225,0.8642265427180126,1.0
68.1527443185034,0.8643882523625283,1.0
68.1998435419825,0.8645498884985793,1.0
68.24697531494841,0.8647114510736158,1.0
68.29413965989554,0.8648729400351048,1.0
68.34133659933384,0.8650343553305299,1.0
68.38856615578881,0.8651956969073914,1.0
68.43582835180155,0.8653569647132063,1.0
68.48312320992868,0.8655181586955086,1.0
68.53045075274247,0.8656792788018489,1.0
68.57781100283079,0.8658403249797949,1.0
68.625203982797,0.8660012971769304,1.0
68.67262971526024,0.8661621953408571,1.0
68.7200882228552,0.8663230194191931,1.0
68.7675795282322,0.8664837693595735,1.0
68.81510365405732,0.8666444451096503,1.0
68.86266062301212,0.8668050466170929,1.0
68.91025045779399,0.8669655738295872,1.0
68.95787318111596,0.8671260266948364,1.0
69.00552881570673,0.867286405160561,1.0
69.05321738431073,0.8674467091744982,1.0
69.10093890968813,0.8676069386844026,1.0
69.14869341461478,0.8677670936380462,1.0
69.19648092188231,0.8679271739832176,1.0
69.24430145429808,0.8680871796677231,1.0
69.29215503468522,0.8682471106393863,1.0
69.34004168588265,0.8684069668460477,1.0
69.38796143074507,0.8685667482355656,1.0
69.43591429214287,0.8687264547558148,1.0
69.4839002929624,0.868886086354689,1.0
69.53191945610577,0.8690456429800976,1.0
69.57997180449091,0.8692051245799683,1.0
69.62805736105153,0.8693645311022464,1.0
69.67617614873728,0.8695238624948943,1.0
69.72432819051365,0.8696831187058921,1.0
69.77251350936197,0.8698422996832373,1.0
69.82073212827947,0.8700014053749452,1.0
69.86898407027928,0.8701604357290484,1.0
69.91726935839041,0.8703193906935975,1.0
69.96558801565783,0.8704782702166605,1.0
70.01394006514238,0.8706370742463229,1.0
70.06232552992087,0.8707958027306884,1.0
70.11074443308605,0.870954455617878,1.0
70.15919679774665,0.8711130328560308,1.0
70.20768264702735,0.8712715343933036,1.0
70.25620200406877,0.8714299601778708,1.0
70.30475489202759,0.8715883101579247,1.0
70.35334133407646,0.8717465842816758,1.0
70.4019613534041,0.8719047824973524,1.0
70.45061497321514,0.8720629047532004,1.0
70.49930221673033,0.8722209509974841,1.0
70.54802310718645,0.8723789211784855,1.0
70.59677766783636,0.8725368152445048,1.0
70.64556592194896,0.87269463314386,1.0
70.69438789280922,0.8728523748248876,1.0
70.74324360371824,0.8730100402359419,1.0
70.79213307799321,0.8731676293253952,1.0
70.84105633896742,0.8733251420416384,1.0
70.89001340999029,0.8734825783330801,1.0
70.93900431442738,0.8736399381481474,1.0
70.98802907566045,0.8737972214352862,1.0
71.03708771708726,0.8739544281429589,1.0
71.08618026212193,0.8741115582196485,1.0
71.13530673419463,0.8742686116138545,1.0
71.18446715675184,0.8744255882740957,1.0
71.23366155325607,0.874582488148909,1.0
71.2828899471862,0.8747393111868499,1.0
71.3321523620373,0.8748960573364921,1.0
71.38144882132063,0.875052726546428,1.0
71.43077934856376,0.8752093187652681,1.0
71.48014396731045,0.8753658339416419,1.0
71.5295427011208,0.8755222720241972,1.0
71.57897557357116,0.8756786329616005,1.0
71.62844260825415,0.8758349167025368,1.0
71.67794382877874,0.8759911231957097,1.0
71.72747925877017,0.8761472523898416,1.0
71.77704892187008,0.8763033042336735,1.0
71.82665284173638,0.8764592786759655,1.0
71.8762910420433,0.8766151756654956,1.0
71.92596354648153,0.8767709951510614,1.0
71.97567037875805,0.8769267370814787,1.0
72.02541156259633,0.8770824014055828,1.0
72.07518712173606,0.8772379880722272,1.0
72.1249970799335,0.8773934970302847,1.0
72.17484146096123,0.8775489282286468,1.0
72.22472028860831,0.8777042816162242,1.0
72.27463358668022,0.8778595571419462,1.0
72.32458137899891,0.8780147547547614,1.0
72.37456368940276,0.8781698744036374,1.0
72.42458054174665,0.8783249160375608,1.0
72.47463195990194,0.8784798796055371,1.0
72.52471796775647,0.8786347650565912,1.0
72.57483858921464,0.8787895723397672,1.0
72.62499384819728,0.8789443014041278,1.0
72.67518376864189,0.8790989521987559,1.0
72.72540837450232,0.8792535246727524,1.0
72.77566768974914,0.8794080187752382,1.0
72.82596173836941,0.8795624344553535,1.0
72.87629054436684,0.8797167716622576,1.0
72.9266541317616,0.8798710303451291,1.0
72.97705252459053,0.8800252104531662,1.0
73.02748574690715,0.8801793119355862,1.0
73.07795382278148,0.8803333347416259,1.0
73.12845677630025,0.8804872788205419,1.0
73.17899463156684,0.8806411441216097,1.0
73.22956741270123,0.8807949305941246,1.0
73.28017514384013,0.8809486381874014,1.0
73.33081784913688,0.8811022668507746,1.0
73.38149555276155,0.8812558165335981,1.0
73.43220827890092,0.8814092871852454,1.0
73.48295605175846,0.8815626787551099,1.0
73.53373889555434,0.881715991192604,1.0
73.58455683452551,0.8818692244471605,1.0
73.63540989292567,0.8820223784682318,1.0
73.6862980950253,0.8821754532052899,1.0
73.73722146511156,0.8823284486078264,1.0
73.78818002748848,0.8824813646253532,1.0
73.83917380647688,0.8826342012074015,1.0
73.89020282641437,0.8827869583035228,1.0
73.94126711165536,0.8829396358632882,1.0
73.99236668657116,0.8830922338362889,1.0
74.04350157554983,0.8832447521721358,1.0
74.09467180299633,0.8833971908204601,1.0
74.14587739333251,0.8835495497309127,1.0
74.19711837099707,0.8837018288531647,1.0
74.24839476044559,0.8838540281369074,1.0
74.29970658615056,0.8840061475318517,1.0
74.35105387260143,0.8841581869877293,1.0
74.40243664430446,0.8843101464542912,1.0
74.45385492578293,0.8844620258813092,1.0
74.50530874157708,0.884613825218575,1.0
74.55679811624411,0.8847655444159008,1.0
74.60832307435808,0.8849171834231188,1.0
74.65988364051016,0.8850687421900815,1.0
74.71147983930847,0.8852202206666617,1.0
74.76311169537813,0.8853716188027528,1.0
74.8147792333613,0.8855229365482682,1.0
74.86648247791715,0.8856741738531417,1.0
74.91822145372188,0.8858253306673279,1.0
74.96999618546879,0.8859764069408014,1.0
75.02180669786817,0.8861274026235575,1.0
75.07365301564748,0.8862783176656118,1.0
75.12553516355119,0.8864291520170008,1.0
75.17745316634091,0.8865799056277812,1.0
75.22940704879538,0.8867305784480306,1.0
75.28139683571038,0.8868811704278465,1.0
75.33342255189892,0.8870316815173479,1.0
75.3854842221911,0.887182111666674,1.0
75.43758187143425,0.8873324608259848,1.0
75.48971552449275,0.887482728945461,1.0
75.54188520624827,0.887632915975304,1.0
75.59409094159965,0.8877830218657361,1.0
75.64633275546291,0.8879330465670002,1.0
75.69861067277131,0.8880829900293602,1.0
75.75092471847536,0.8882328522031008,1.0
75.80327491754277,0.8883826330385274,1.0
75.85566129495852,0.8885323324859667,1.0
75.9080838757249,0.888681950495766,1.0
75.9605426848614,0.8888314870182936,1.0
76.01303774740485,0.888980942003939,1.0
76.06556908840942,0.8891303154031127,1.0
76.11813673294647,0.8892796071662457,1.0
76.17074070610481,0.8894288172437906,1.0
76.22338103299055,0.8895779455862213,1.0
76.27605773872715,0.8897269921440322,1.0
76.32877084845538,0.8898759568677392,1.0
76.38152038733345,0.8900248397078796,1.0
76.43430638053695,0.8901736406150114,1.0
76.48712885325885,0.8903223595397141,1.0
76.53998783070953,0.8904709964325885,1.0
76.59288333811682,0.8906195512442568,1.0
76.64581540072594,0.8907680239253623,1.0
76.69878404379959,0.8909164144265694,1.0
76.75178929261791,0.8910647226985645,1.0
76.80483117247854,0.891212948692055,1.0
76.85790970869655,0.8913610923577698,1.0
76.91102492660457,0.8915091536464593,1.0
76.96417685155272,0.8916571325088954,1.0
77.01736550890854,0.8918050288958712,1.0
77.07059092405724,0.8919528427582016,1.0
77.12385312240151,0.8921005740467233,1.0
77.17715212936164,0.892248222712294,1.0
77.23048797037538,0.8923957887057935,1.0
77.28386067089815,0.8925432719781232,1.0
77.33727025640296,0.892690672480206,1.0
77.39071675238038,0.8928379901629864,1.0
77.44420018433865,0.8929852249774309,1.0
77.4977205778036,0.8931323768745276,1.0
77.5512779583187,0.8932794458052866,1.0
77.60487235144511,0.8934264317207393,1.0
77.65850378276158,0.8935733345719395,1.0
77.71217227786464,0.8937201543099627,1.0
77.76587786236841,0.8938668908859058,1.0
77.81962056190477,0.8940135442508883,1.0
77.87340040212335,0.8941601143560516,1.0
77.92721740869136,0.8943066011525583,1.0
77.9810716072939,0.8944530045915937,1.0
78.03496302363374,0.8945993246243651,1.0
78.0888916834315,0.8947455612021016,1.0
78.14285761242542,0.8948917142760544,1.0
78.19686083637166,0.895037783797497,1.0
78.25090138104414,0.8951837697177248,1.0
78.30497927223459,0.8953296719880556,1.0
78.35909453575258,0.8954754905598291,1.0
78.41324719742546,0.8956212253844076,1.0
78.46743728309852,0.8957668764131751,1.0
78.52166481863483,0.8959124435975383,1.0
78.57592982991538,0.8960579268889262,1.0
78.63023234283902,0.8962033262387896,1.0
78.68457238332252,0.8963486415986025,1.0
78.73894997730058,0.8964938729198607,1.0
78.79336515072572,0.8966390201540823,1.0
78.8478179295685,0.8967840832528079,1.0
78.90230833981741,0.8969290621676009,1.0
78.95683640747892,0.8970739568500471,1.0
79.01140215857734,0.8972187672517545,1.0
79.06600561915513,0.8973634933243538,1.0
79.12064681527268,0.8975081350194983,1.0
79.17532577300838,0.8976526922888638,1.0
79.23004251845866,0.897797165084149,1.0
79.28479707773798,0.8979415533570747,1.0
79.33958947697883,0.8980858570593848,1.0
79.39441974233179,0.898230076142846,1.0
79.4492878999655,0.8983742105592472,1.0
79.50419397606667,0.8985182602604005,1.0
79.55913799684014,0.8986622251981405,1.0
79.61411998850882,0.898806105324325,1.0
79.6691399773138,0.8989499005908343,1.0
79.72419798951421,0.8990936109495714,1.0
79.77929405138741,0.8992372363524626,1.0
79.83442818922887,0.8993807767514567,1.0
79.88960042935234,0.8995242320985257,1.0
79.94481079808956,0.8996676023456648,1.0
80.00005932179063,0.8998108874448916,1.0
80.0553460268238,0.8999540873482471,1.0
80.11067093957556,0.9000972020077954,1.0
80.16603408645061,0.9002402313756234,1.0
80.22143549387194,0.9003831754038413,1.0
80.27687518828075,0.9005260340445822,1.0
80.33235319613657,0.9006688072500028,1.0
80.38786954391713,0.9008114949722824,1.0
80.44342425811857,0.900954097163624,1.0
80.49901736525524,0.9010966137762534,1.0
80.55464889185993,0.9012390447624203,1.0
80.61031886448357,0.9013813900743967,1.0
80.66602730969565,0.9015236496644787,1.0
80.72177425408391,0.9016658234849857,1.0
80.77755972425447,0.9018079114882599,1.0
80.83338374683194,0.9019499136266675,1.0
80.88924634845912,0.9020918298525981,1.0
80.9451475557974,0.902233660118464,1.0
81.00108739552657,0.9023754043767017,1.0
81.05706589434479,0.9025170625797712,1.0
81.11308307896873,0.9026586346801556,1.0
81.1691389761335,0.9028001206303617,1.0
81.22523361259269,0.9029415203829202,1.0
81.28136701511839,0.9030828338903849,1.0
81.33753921050118,0.9032240611053335,1.0
81.39375022555014,0.9033652019803673,1.0
81.4500000870929,0.9035062564681114,1.0
81.50628882197567,0.9036472245212147,1.0
81.56261645706307,0.903788106092349,1.0
81.61898301923846,0.9039289011342111,1.0
81.67538853540366,0.9040696095995208,1.0
81.73183303247916,0.9042102314410218,1.0
81.78831653740397,0.9043507666114817,1.0
81.84483907713577,0.9044912150636923,1.0
81.9014006786509,0.9046315767504689,1.0
81.95800136894427,0.9047718516246507,1.0
82.0146411750295,0.9049120396391009,1.0
82.07132012393886,0.905052140746707,1.0
82.12803824272329,0.9051921549003802,1.0
82.18479555845245,0.9053320820530555,1.0
82.2415920982147,0.9054719221576925,1.0
82.29842788911708,0.9056116751672744,1.0
82.35530295828544,0.9057513410348088,1.0
82.4122173328643,0.9058909197133272,1.0
82.46917104001705,0.9060304111558858,1.0
82.52616410692565,0.906169815315564,1.0
82.58319656079105,0.9063091321454662,1.0
82.64026842883288,0.9064483615987207,1.0
82.6973797382897,0.9065875036284803,1.0
82.75453051641871,0.9067265581879219,1.0
82.81172079049608,0.9068655252302469,1.0
82.86895058781683,0.9070044047086807,1.0
82.92621993569479,0.9071431965764734,1.0
82.9835288614627,0.9072819007868993,1.0
83.04087739247217,0.9074205172932572,1.0
83.09826555609372,0.9075590460488703,1.0
83.15569337971681,0.9076974870070864,1.0
83.21316089074978,0.9078358401212776,1.0
83.27066811661994,0.9079741053448406,1.0
83.32821508477356,0.9081122826311967,1.0
83.3858018226759,0.9082503719337919,1.0
83.4434283578111,0.9083883732060963,1.0
83.50109471768239,0.9085262864016052,1.0
83.55880092981198,0.9086641114738382,1.0
83.61654702174111,0.9088018483763398,1.0
83.67433302103008,0.9089394970626791,1.0
83.73215895525811,0.9090770574864497,1.0
83.79002485202363,0.9092145296012706,1.0
83.84793073894407,0.9093519133607849,1.0
83.90587664365596,0.9094892087186608,1.0
83.96386259381492,0.9096264156285915,1.0
84.0218886170957,0.9097635340442947,1.0
84.07995474119217,0.9099005639195131,1.0
84.1380609938173,0.9100375052080146,1.0
84.1962074027033,0.9101743578635918,1.0
84.25439399560145,0.9103111218400622,1.0
84.31262080028226,0.9104477970912683,1.0
84.37088784453547,0.9105843835710782,1.0
84.42919515616988,0.9107208812333837,1.0
84.48754276301366,0.910857290032103,1.0
84.54593069291417,0.910993609921179,1.0
84.604358973738,0.9111298408545793,1.0
84.66282763337095,0.9112659827862971,1.0
84.72133669971818,0.9114020356703507,1.0
84.77988620070408,0.9115379994607835,1.0
84.83847616427236,0.9116738741116642,1.0
84.89710661838603,0.9118096595770867,1.0
84.95577759102746,0.9119453558111702,1.0
85.01448911019828,0.9120809627680591,1.0
85.07324120391955,0.9122164804019233,1.0
85.13203390023166,0.9123519086669579,1.0
85.19086722719439,0.9124872475173835,1.0
85.24974121288689,0.9126224969074461,1.0
85.30865588540773,0.9127576567914171,1.0
85.36761127287494,0.9128927271235933,1.0
85.42660740342586,0.9130277078582969,1.0
85.48564430521739,0.9131625989498757,1.0
85.54472200642587,0.9132974003527032,1.0
85.60384053524713,0.9134321120211784,1.0
85.66299991989635,0.9135667339097255,1.0
85.72220018860838,0.913701265972795,1.0
85.78144136963749,0.9138357081648624,1.0
85.84072349125752,0.9139700604404292,1.0
85.9000465817618,0.9141043227540223,1.0
85.95941066946327,0.9142384950601948,1.0
86.0188157826944,0.9143725773135251,1.0
86.07826194980724,0.9145065694686175,1.0
86.13774919917346,0.9146404714801022,1.0
86.19727755918429,0.914774283302635,1.0
86.25684705825064,0.9149080048908976,1.0
86.31645772480304,0.915041636199598,1.0
86.3761095872916,0.9151751771834693,1.0
86.43580267418615,0.915308627797271,1.0
86.49553701397622,0.9154419879957885,1.0
86.55531263517098,0.9155752577338332,1.0
86.61512956629936,0.9157084369662424,1.0
86.67498783590989,0.9158415256478795,1.0
86.73488747257093,0.9159745237336337,1.0
86.79482850487058,0.9161074311784208,1.0
86.85481096141667,0.9162402479371821,1.0
86.91483487083678,0.9163729739648853,1.0
86.97490026177834,0.9165056092165244,1.0
87.03500716290851,0.9166381536471192,1.0
87.09515560291429,0.916770607211716,1.0
87.15534561050251,0.9169029698653872,1.0
87.21557721439983,0.9170352415632315,1.0
87.27585044335275,0.9171674222603738,1.0
87.33616532612773,0.9172995119119655,1.0
87.3965218915109,0.9174315104731838,1.0
87.45692016830849,0.9175634178992327,1.0
87.51736018534655,0.9176952341453429,1.0
87.57784197147112,0.9178269591667706,1.0
87.638365555548,0.9179585929187991,1.0
87.69893096646312,0.918090135356738,1.0
87.75953823312233,0.9182215864359231,1.0
87.82018738445139,0.9183529461117172,1.0
87.88087844939614,0.9184842143395093,1.0
87.94161145692235,0.918615391074715,1.0
88.00238643601584,0.9187464762727764,1.0
88.06320341568248,0.9188774698891624,1.0
88.12406242494815,0.9190083718793683,1.0
88.18496349285881,0.9191391821989163,1.0
88.24590664848047,0.919269900803355,1.0
88.30689192089928,0.91940052764826,1.0
88.36791933922146,0.9195310626892335,1.0
88.42898893257328,0.9196615058819041,1.0
88.49010073010122,0.9197918571819277,1.0
88.55125476097189,0.9199221165449869,1.0
88.6124510543721,0.9200522839267908,1.0
88.67368963950868,0.9201823592830759,1.0
88.7349705456088,0.920312342569605,1.0
88.79629380191976,0.9204422337421682,1.0
88.85765943770909,0.9205720327565823,1.0
88.91906748226454,0.9207017395686911,1.0
88.98051796489408,0.9208313541343656,1.0
89.04201091492598,0.9209608764095034,1.0
89.10354636170874,0.9210903063500296,1.0
89.16512433461116,0.9212196439118959,1.0
89.22674486302233,0.9213488890510815,1.0
89.28840797635165,0.9214780417235922,1.0
89.3501137040289,0.9216071018854616,1.0
89.41186207550403,0.9217360694927497,1.0
89.47365312024752,0.9218649445015438,1.0
89.53548686775017,0.9219937268679596,1.0
89.59736334752314,0.9221224165481381,1.0
89.65928258909794,0.9222510134982489,1.0
89.72124462202657,0.9223795176744886,1.0
89.78324947588142,0.9225079290330808,1.0
89.84529718025532,0.9226362475302767,1.0
89.90738776476154,0.9227644731223549,1.0
89.96952125903383,0.922892605765621,1.0
90.03169769272641,0.9230206454164085,1.0
90.093917095514,0.923148592031078,1.0
90.15617949709181,0.9232764455660175,1.0
90.21848492717561,0.9234042059776428,1.0
90.28083341550166,0.9235318732223969,1.0
90.34322499182682,0.9236594472567504,1.0
90.4056596859285,0.9237869280372017,1.0
90.46813752760458,0.9239143155202764,1.0
90.53065854667372,0.9240416096625276,1.0
90.59322277297505,0.9241688104205366,1.0
90.65583023636843,0.9242959177509118,1.0
90.7184809667342,0.9244229316102897,1.0
90.7811749939735,0.9245498519553341,1.0
90.84391234800805,0.924676678742737,1.0
90.90669305878029,0.9248034119292176,1.0
90.96951715625335,0.9249300514715231,1.0
91.03238467041102,0.9250565973264286,1.0
91.09529563125787,0.9251830494507371,1.0
91.15825006881919,0.9253094078012791,1.0
91.22124801314098,0.9254356723349133,1.0
91.28428949429006,0.9255618430085261,1.0
91.347374542354,0.9256879197790316,1.0
91.41050318744118,0.9258139026033726,1.0
91.47367545968079,0.9259397914385192,1.0
91.53689138922276,0.9260655862414694,1.0
91.60015100623795,0.9261912869692498,1.0
91.66345434091807,0.9263168935789146,1.0
91.72680142347568,0.9264424060275461,1.0
91.79019228414413,0.926567824272255,1.0
91.8536269531778,0.9266931482701798,1.0
91.9171054608519,0.9268183779784871,1.0
91.9806278374626,0.9269435133543721,1.0
92.04419411332698,0.9270685543550575,1.0
92.10780431878308,0.927193500937795,1.0
92.17145848418991,0.9273183530598639,1.0
92.23515663992747,0.9274431106785719,1.0
92.29889881639672,0.9275677737512553,1.0
92.36268504401966,0.9276923422352783,1.0
92.42651535323931,0.9278168160880338,1.0
92.49038977451977,0.9279411952669429,1.0
92.55430833834606,0.9280654797294546,1.0
92.6182710752244,0.9281896694330473,1.0
92.68227801568204,0.9283137643352268,1.0
92.74632919026742,0.9284377643935283,1.0
92.81042462954986,0.9285616695655148,1.0
92.87456436412002,0.928685479808778,1.0
92.93874842458965,0.9288091950809383,1.0
93.00297684159162,0.9289328153396442,1.0
93.06724964578,0.9290563405425735,1.0
93.13156686783002,0.9291797706474317,1.0
93.19592853843812,0.9293031056119538,1.0
93.26033468832199,0.9294263453939029,1.0
93.32478534822049,0.9295494899510708,1.0
93.38928054889374,0.9296725392412782,1.0
93.45382032112313,0.9297954932223745,1.0
93.51840469571134,0.9299183518522377,1.0
93.58303370348234,0.9300411150887747,1.0
93.64770737528129,0.9301637828899211,1.0
93.71242574197478,0.9302863552136411,1.0
93.77718883445075,0.9304088320179282,1.0
93.84199668361846,0.9305312132608047,1.0
93.90684932040841,0.9306534989003215,1.0
93.97174677577264,0.9307756888945583,1.0
94.03668908068452,0.9308977832016244,1.0
94.10167626613881,0.9310197817796574,1.0
94.16670836315173,0.9311416845868241,1.0
94.23178540276086,0.9312634915813204,1.0
94.29690741602533,0.9313852027213713,1.0
94.36207443402566,0.9315068179652304,1.0
94.42728648786385,0.9316283372711809,1.0
94.49254360866345,0.9317497605975349,1.0
94.55784582756948,0.9318710879026336,1.0
94.62319317574847,0.9319923191448473,1.0
94.68858568438856,0.9321134542825757,1.0
94.75402338469931,0.9322344932742475,1.0
94.81950630791195,0.9323554360783204,1.0
94.88503448527929,0.9324762826532819,1.0
94.95060794807577,0.9325970329576483,1.0
95.0162267275973,0.9327176869499654,1.0
95.08189085516155,0.9328382445888084,1.0
95.1476003621078,0.9329587058327817,1.0
95.21335527979699,0.933079070640519,1.0
95.2791556396117,0.9331993389706835,1.0
95.34500147295626,0.9333195107819678,1.0
95.41089281125663,0.933439586033094,1.0
95.47682968596055,0.9335595646828134,1.0
95.54281212853748,0.9336794466899071,1.0
95.60884017047857,0.9337992320131855,1.0
95.67491384329684,0.9339189206114886,1.0
95.74103317852702,0.9340385124436861,1.0
95.80719820772556,0.9341580074686768,1.0
95.87340896247088,0.9342774056453896,1.0
95.9396654743631,0.9343967069327828,1.0
96.00596777502429,0.9345159112898445,1.0
96.07231589609819,0.9346350186755922,1.0
96.13870986925059,0.9347540290490732,1.0
96.20514972616908,0.9348729423693648,1.0
96.27163549856317,0.9349917585955737,1.0
96.33816721816429,0.9351104776868365,1.0
96.40474491672578,0.9352290996023195,1.0
96.47136862602292,0.9353476243012188,1.0
96.53803837785297,0.9354660517427604,1.0
96.60475420403516,0.9355843818862004,1.0
96.6715161364107,0.9357026146908244,1.0
96.7383242068428,0.9358207501159479,1.0
96.80517844721673,0.9359387881209166,1.0
96.87207888943979,0.9360567286651061,1.0
96.93902556544121,0.9361745717079217,1.0
97.00601850717244,0.936292317208799,1.0
97.07305774660695,0.9364099651272035,1.0
97.14014331574035,0.9365275154226307,1.0
97.20727524659024,0.9366449680546063,1.0
97.27445357119646,0.9367623229826858,1.0
97.34167832162098,0.9368795801664553,1.0
97.40894952994789,0.9369967395655306,1.0
97.47626722828348,0.9371138011395579,1.0
97.5436314487562,0.9372307648482133,1.0
97.61104222351675,0.9373476306512036,1.0
97.678499584738,0.9374643985082654,1.0
97.7460035646151,0.9375810683791655,1.0
97.8135541953654,0.9376976402237014,1.0
97.88115150922853,0.9378141140017006,1.0
97.94879553846644,0.9379304896730208,1.0
98.0164863153634,0.9380467671975508,1.0
98.08422387222579,0.9381629465352084,1.0
98.15200824138256,0.938279027645943,1.0
98.21983945518488,0.9383950104897338,1.0
98.28771754600636,0.9385108950265909,1.0
98.35564254624282,0.9386266812165545,1.0
98.42361448831262,0.9387423690196951,1.0
98.4916334046565,0.9388579583961143,1.0
98.55969932773758,0.9389734493059437,1.0
98.62781229004142,0.9390888417093458,1.0
98.69597232407607,0.9392041355665134,1.0
98.76417946237198,0.93931933083767,1.0
98.83243373748215,0.9394344274830699,1.0
98.90073518198204,0.9395494254629977,1.0
98.9690838284696,0.939664324737769,1.0
99.03747970956537,0.9397791252677298,1.0
99.10592285791245,0.9398938270132572,1.0
99.17441330617632,0.9400084299347584,1.0
99.24295108704523,0.940122933992672,1.0
99.31153623322993,0.940237339147467,1.0
99.3801687774639,0.9403516453596432,1.0
99.44884875250298,0.9404658525897316,1.0
99.5175761911259,0.9405799607982936,1.0
99.58635112613393,0.9406939699459218,1.0
99.65517359035104,0.9408078799932394,1.0
99.72404361662386,0.9409216909009007,1.0
99.79296123782174,0.941035402629591,1.0
99.86192648683675,0.9411490151400262,1.0
99.93093939658365,0.9412625283929538,1.0
100.0,0.9413759423491517,1.0
100.06910833004609,0.9414892569694292,1.0
100.138264419705,0.9416024722146263,1.0
100.20746830198259,0.9417155880456146,1.0
100.27672000990756,0.9418286044232963,1.0
100.3460195765314,0.941941521308605,1.0
100.41536703492847,0.9420543386625053,1.0
100.48476241819596,0.942167056445993,1.0
100.55420575945395,0.9422796746200951,1.0
100.62369709184541,0.9423921931458699,1.0
100.69323644853633,0.9425046119844069,1.0
100.76282386271528,0.9426169310968265,1.0
100.83245936759408,0.942729150444281,1.0
100.90214299640743,0.9428412699879533,1.0
100.97187478241297,0.9429532896890582,1.0
101.04165475889131,0.9430652095088417,1.0
101.11148295914612,0.9431770294085808,1.0
101.18135941650402,0.9432887493495845,1.0
101.25128416431481,0.9434003692931929,1.0
101.32125723595098,0.9435118892007773,1.0
101.39127866480845,0.9436233090337407,1.0
101.46134848430609,0.9437346287535175,1.0
101.53146672788583,0.9438458483215738,1.0
101.60163342901278,0.9439569676994071,1.0
101.67184862117512,0.9440679868485462,1.0
101.7421123378842,0.9441789057305517,1.0
101.81242461267452,0.944289724307016,1.0
101.88278547910377,0.9444004425395627,1.0
101.95319497075283,0.9445110603898471,1.0
102.02365312122575,0.9446215778195565,1.0
102.09415996414984,0.9447319947904094,1.0
102.16471553317565,0.9448423112641564,1.0
102.23531986197696,0.9449525272025795,1.0
102.30597298425086,0.9450626425674927,1.0
102.37667493371768,0.9451726573207416,1.0
102.44742574412108,0.9452825714242036,1.0
102.51822544922805,0.945392384839788,1.0
102.5890740828289,0.9455020975294359,1.0
102.65997167873729,0.9456117094551202,1.0
102.73091827079026,0.9457212205788457,1.0
102.8019138928482,0.945830630862649,1.0
102.87295857879498,0.9459399402685988,1.0
102.94405236253779,0.9460491487587958,1.0
103.01519527800741,0.9461582562953724,1.0
103.08638735915777,0.9462672628404929,1.0
103.15762863996652,0.9463761683563541,1.0
103.22891915443475,0.9464849728051842,1.0
103.30025893658701,0.9465936761492441,1.0
103.37164802047137,0.9467022783508262,1.0
103.44308644015945,0.9468107793722554,1.0
103.51457422974637,0.9469191791758886,1.0
103.58611142335087,0.9470274777241147,1.0
103.65769805511533,0.9471356749793549,1.0
103.72933415920544,0.9472437709040623,1.0
103.8010197698108,0.9473517654607228,1.0
103.87275492114452,0.9474596586118537,1.0
103.94453964744339,0.9475674503200053,1.0
104.01637398296783,0.9476751405477599,1.0
104.08825796200196,0.947782729257732,1.0
104.16019161885357,0.9478902164125683,1.0
104.23217498785417,0.9479976019749481,1.0
104.30420810335899,0.948104885907583,1.0
104.37629099974703,0.9482120681732168,1.0
104.44842371142099,0.9483191487346259,1.0
104.52060627280743,0.948426127554619,1.0
104.5928387183566,0.9485330045960373,1.0
104.66512108254267,0.9486397798217543,1.0
104.73745339986353,0.9487464531946762,1.0
104.80983570484098,0.9488530246777416,1.0
104.88226803202063,0.9489594942339217,1.0
104.95475041597203,0.94906586182622,1.0
105.02728289128855,0.9491721274176729,1.0
105.09986549258751,0.9492782909713492,1.0
105.17249825451012,0.9493843524503504,1.0
105.24518121172156,0.9494903118178105,1.0
105.31791439891097,0.9495961690368963,1.0
105.39069785079143,0.949701924070807,1.0
105.46353160210013,0.9498075768827752,1.0
105.53641568759798,0.9499131274360652,1.0
105.60935014207017,0.9500185756939745,1.0
105.68233500032589,0.9501239216198338,1.0
105.75537029719833,0.9502291651770062,1.0
105.82845606754478,0.9503343063288873,1.0
105.90159234624662,0.9504393450389058,1.0
105.97477916820932,0.9505442812705236,1.0
106.04801656836261,0.9506491149872351,1.0
106.12130458166001,0.9507538461525673,1.0
106.19464324307953,0.9508584747300806,1.0
106.26803258762322,0.950963000683368,1.0
106.34147265031736,0.9510674239760559,1.0
106.41496346621241,0.9511717445718032,1.0
106.48850507038307,0.9512759624343019,1.0
106.56209749792826,0.9513800775272772,1.0
106.63574078397116,0.9514840898144872,1.0
106.70943496365925,0.9515879992597229,1.0
106.78318007216424,0.9516918058268088,1.0
106.85697614468222,0.9517955094796021,1.0
106.93082321643357,0.9518991101819932,1.0
107.00472132266297,0.9520026078979059,1.0
107.07867049863954,0.9521060025912967,1.0
107.15267077965672,0.9522092942261557,1.0
107.22672220103232,0.9523124827665062,1.0
107.30082479810861,0.952415568176404,1.0
107.37497860625226,0.9525185504199394,1.0
107.44918366085439,0.9526214294612347,1.0
107.52343999733056,0.9527242052644465,1.0
107.59774765112083,0.9528268777937638,1.0
107.67210665768972,0.9529294470134099,1.0
107.7465170525263,0.9530319128876406,1.0
107.82097887114412,0.9531342753807454,1.0
107.89549214908143,0.9532365344570475,1.0
107.97005692190066,0.9533386900809028,1.0
108.04467322518921,0.9534407422167012,1.0
108.11934109455889,0.9535426908288658,1.0
108.19406056564618,0.9536445358818535,1.0
108.26883167411215,0.9537462773401542,1.0
108.34365445564254,0.9538479151682916,1.0
108.41852894594774,0.953949449330823,1.0
108.49345518076294,0.9540508797923393,1.0
108.56843319584766,0.9541522065174644,1.0
108.64346302698652,0.9542534294708565,1.0
108.7185447099887,0.9543545486172069,1.0
108.7936782806882,0.954455563921241,1.0
108.86886377494369,0.9545564753477176,1.0
108.94410122863871,0.9546572828614291,1.0
109.01939067768154,0.9547579864272019,1.0
109.09473215800531,0.9548585860098956,1.0
109.17012570556797,0.9549590815744041,1.0
109.2455713563523,0.9550594730856549,1.0
109.32106914636599,0.9551597605086088,1.0
109.39661911164157,0.9552599438082613,1.0
109.47222128823651,0.9553600229496408,1.0
109.54787571223316,0.9554599978978103,1.0
109.62358241973885,0.955559868617866,1.0
109.69934144688584,0.9556596350749386,1.0
109.77515282983134,0.9557592972341921,1.0
109.85101660475758,0.9558588550608249,1.0
109.92693280787178,0.9559583085200691,1.0
110.00290147540619,0.956057657577191,1.0
110.07892264361809,0.9561569021974904,1.0
110.15499634878982,0.9562560423463017,1.0
110.2311226272288,0.9563550779889929,1.0
110.30730151526753,0.9564540090909662,1.0
110.38353304926375,0.9565528356176579,1.0
110.45981726559997,0.9566515575345382,1.0
110.5361542006842,0.9567501748071117,1.0
110.61254389094945,0.9568486874009167,1.0
110.68898637285399,0.956947095281526,1.0
110.76548168288122,0.9570453984145465,1.0
110.84202985753976,0.9571435967656193,1.0
110.91863093336349,0.9572416903004195,1.0
110.99528494691153,0.9573396789846567,1.0
111.07199193476835,0.9574375627840747,1.0
111.1487519335434,0.9575353416644512,1.0
111.22556497987173,0.9576330155915985,1.0
111.30243111041365,0.9577305845313633,1.0
111.37935036185476,0.9578280484496264,1.0
111.45632277090603,0.9579254073123031,1.0
111.53334837430377,0.9580226610853431,1.0
111.61042720880975,0.95811980973473,1.0
111.68755931121106,0.9582168532264824,1.0
111.76474471832027,0.9583137915266532,1.0
111.84198346697538,0.9584106246013295,1.0
111.91927559403983,0.9585073524166331,1.0
111.99662113640255,0.9586039749387201,1.0
112.07402013097797,0.9587004921337812,1.0
112.15147261470601,0.9587969039680415,1.0
112.22897862455213,0.958893210407761,1.0
112.30653819750734,0.9589894114192338,1.0
112.38415137058821,0.9590855069687889,1.0
112.4618181808369,0.9591814970227898,1.0
112.53953866532115,0.9592773815476344,1.0
112.61731286113432,0.9593731605097556,1.0
112.69514080539543,0.959468833875621,1.0
112.77302253524913,0.9595644016117323,1.0
112.85095808786573,0.9596598636846265,1.0
112.92894750044128,0.9597552200608751,1.0
113.00699081019758,0.9598504707070844,1.0
113.08508805438184,0.9599456155898951,1.0
113.16323927026737,0.9600406546759832,1.0
113.24144449515312,0.9601355879320592,1.0
113.31970376636379,0.9602304153248685,1.0
113.3980171212499,0.9603251368211914,1.0
113.47638459718777,0.9604197523878426,1.0
113.55480623157956,0.9605142619916724,1.0
113.6332820618534,0.9606086655995658,1.0
113.71181212546291,0.960702963178442,1.0
113.79039645988796,0.960797154695256,1.0
113.86903510263421,0.9608912401169972,1.0
113.94772809123324,0.9609852194106904,1.0
114.02647546324255,0.9610790925433951,1.0
114.10527725624561,0.9611728594822059,1.0
114.18413350785187,0.9612665201942524,1.0
114.26304425569674,0.9613600746466994,1.0
114.34200953744168,0.9614535228067462,1.0
114.42102939077415,0.9615468646416281,1.0
114.50010385340765,0.9616401001186148,1.0
114.57923296308178,0.9617332292050113,1.0
114.6584167575622,0.9618262518681577,1.0
114.73765527464063,0.9619191680754297,1.0
114.81694855213497,0.9620119777942373,1.0
114.89629662788923,0.9621046809920266,1.0
114.97569953977356,0.9621972776362785,1.0
115.0551573256843,0.9622897676945089,1.0
115.13467002354399,0.9623821511342696,1.0
115.21423767130135,0.962474427923147,1.0
115.29386030693131,0.9625665980287632,1.0
115.3735379684351,0.9626586614187755,1.0
115.45327069384018,0.9627506180608767,1.0
115.53305852120029,0.9628424679227946,1.0
115.61290148859558,0.9629342109722927,1.0
115.69279963413217,0.9630258471771694,1.0
115.7727529959429,0.9631173765052593,1.0
115.85276161218677,0.9632087989244318,1.0
115.93282552104924,0.9633001144025919,1.0
116.01294476074207,0.96339132290768,1.0
116.09311936950353,0.9634824244076723,1.0
116.1733493855982,0.9635734188705801,1.0
116.25363484731731,0.9636643062644507,1.0
116.33397579297818,0.9637550865573662,1.0
116.41437226092492,0.9638457597174449,1.0
116.49482428952808,0.9639363257128404,1.0
116.57533191718471,0.9640267845117421,1.0
116.65589518231836,0.9641171360823747,1.0
116.73651412337918,0.9642073803929988,1.0
116.81718877884386,0.9642975174119106,1.0
116.8979191872157,0.9643875471074418,1.0
116.97870538702462,0.96447746944796,1.0
117.05954741682713,0.9645672844018685,1.0
117.1404453152064,0.964656991937606,1.0
117.2213991207723,0.9647465920236474,1.0
117.30240887216134,0.964836084628503,1.0
117.38347460803672,0.9649254697207192,1.0
117.4645963670884,0.9650147472688779,1.0
117.54577418803308,0.9651039172415969,1.0
117.62700810961418,0.9651929796075301,1.0
117.7082981706019,0.9652819343353668,1.0
117.78964440979328,0.9653707813938325,1.0
117.87104686601212,0.9654595207516884,1.0
117.95250557810907,0.9655481523777317,1.0
118.03402058496162,0.9656366762407957,1.0
118.11559192547415,0.9657250923097495,1.0
118.19721963857789,0.9658134005534977,1.0
118.27890376323114,0.965901600940982,1.0
118.36064433841874,0.9659896934411788,1.0
118.44244140315281,0.9660776780231014,1.0
118.52429499647235,0.9661655546557988,1.0
118.60620515744331,0.9662533233083561,1.0
118.68817192515866,0.9663409839498946,1.0
118.77019533873838,0.9664285365495716,1.0
118.85227543732945,0.9665159810765804,1.0
118.93441226010597,0.9666033175001506,1.0
119.01660584626919,0.9666905457895478,1.0
119.09885623504708,0.9667776659140739,1.0
119.18116346569511,0.9668646778430667,1.0
119.26352757749575,0.9669515815459007,1.0
119.34594860975862,0.967038376991986,1.0
119.42842660182049,0.9671250641507696,1.0
119.51096159304532,0.9672116429917341,1.0
119.5935536228243,0.967298113484399,1.0
119.67620273057581,0.9673844755983195,1.0
119.75890895574548,0.9674707293030874,1.0
119.84167233780622,0.967556874568331,1.0
119.92449291625819,0.9676429113637145,1.0
120.00737073062885,0.9677288396589389,1.0
120.090305820473,0.9678146594237412,1.0
120.17329822537278,0.9679003706278951,1.0
120.25634798493765,0.9679859732412105,1.0
120.33945513880445,0.9680714672335339,1.0
120.42261972663744,0.968156852574748,1.0
120.50584178812828,0.9682421292347723,1.0
120.58912136299602,0.9683272971835625,1.0
120.67245849098725,0.968412356391111,1.0
120.75585321187593,0.9684973068274465,1.0
120.83930556546356,0.9685821484626346,1.0
120.92281559157915,0.9686668812667769,1.0
121.00638333007933,0.9687515052100123,1.0
121.09000882084791,0.9688360202625155,1.0
121.17369210379667,0.9689204263944984,1.0
121.25743321886479,0.9690047235762091,1.0
121.3412322060191,0.9690889117779328,1.0
121.42508910525403,0.9691729909699909,1.0
121.50900395659166,0.9692569611227418,1.0
121.59297680008169,0.9693408222065806,1.0
121.67700767580155,0.9694245741919388,1.0
121.76109662385647,0.969508217049285,1.0
121.84524368437903,0.9695917507491242,1.0
121.9294488975299,0.9696751752619983,1.0
122.01371230349737,0.9697584905584862,1.0
122.09803394249757,0.9698416966092032,1.0
122.18241385477434,0.9699247933848018,1.0
122.26685208059936,0.9700077808559711,1.0
122.3513486602722,0.9700906589934369,1.0
122.43590363412018,0.9701734277679626,1.0
122.52051704249855,0.9702560871503474,1.0
122.60518892579046,0.9703386371114281,1.0
122.68991932440693,0.9704210776220785,1.0
122.77470827878692,0.9705034086532089,1.0
122.85955582939735,0.9705856301757668,1.0
122.9444620167331,0.9706677421607368,1.0
123.02942688131701,0.9707497445791401,1.0
123.11445046369995,0.9708316374020352,1.0
123.19953280446084,0.9709134206005174,1.0
123.28467394420659,0.9709950941457195,1.0
123.3698739235722,0.9710766580088108,1.0
123.45513278322075,0.971158112160998,1.0
123.54045056384341,0.9712394565735247,1.0
123.62582730615951,0.9713206912176718,1.0
123.71126305091646,0.9714018160647573,1.0
123.79675783888986,0.9714828310861361,1.0
123.88231171088366,0.9715637362532005,1.0
123.96792470772954,0.9716445315373798,1.0
124.05359687028783,0.9717252169101407,1.0
124.13932823944701,0.9718057923429868,1.0
124.22511885612371,0.9718862578074594,1.0
124.31096876126296,0.9719666132751366,1.0
124.39687799583798,0.9720468587176337,1.0
124.48284660085038,0.9721269941066039,1.0
124.5688746173302,0.9722070194137371,1.0
124.65496208633543,0.9722869346107605,1.0
124.7411090489529,0.9723667396694391,1.0
124.82731554629758,0.9724464345615746,1.0
124.913581619513,0.9725260192590067,1.0
124.999907309771,0.972605493733612,1.0
125.08629265827194,0.9726848579573049,1.0
125.17273770624465,0.9727641119020366,1.0
125.2592424949464,0.9728432555397963,1.0
125.34580706566304,0.9729222888426104,1.0
125.43243145970892,0.973001211782543,1.0
125.51911571842693,0.973080024331695,1.0
125.60585988318856,0.9731587264622057,1.0
125.69266399539386,0.9732373181462513,1.0
125.77952809647151,0.9733157993560455,1.0
125.86645222787884,0.9733941700638399,1.0
125.95343643110178,0.9734724302419234,1.0
126.04048074765498,0.9735505798626226,1.0
126.12758521908175,0.9736286188983017,1.0
126.21474988695412,0.9737065473213622,1.0
126.30197479287284,0.9737843651042435,1.0
126.38925997846742,0.9738620722194228,1.0
126.47660548539616,0.9739396686394144,1.0
126.5640113553461,0.9740171543367709,1.0
126.65147763003311,0.9740945292840822,1.0
126.73900435120207,0.9741717934539761,1.0
126.82659156062623,0.9742489468191177,1.0
126.91423930010815,0.9743259893522103,1.0
127.00194761147915,0.9744029210259948,1.0
127.08971653659945,0.9744797418132498,1.0
127.1775461173582,0.9745564516867918,1.0
127.2654363956735,0.9746330506194751,1.0
127.35338741349243,0.9747095385841916,1.0
127.44139921279115,0.9747859155538714,1.0
127.52947183557448,0.9748621815014819,1.0
127.61760532387665,0.9749383364000288,1.0
127.70579971976079,0.9750143802225555,1.0
127.79405506531911,0.9750903129421435,1.0
127.88237140267293,0.975166134531912,1.0
127.97074877397266,0.9752418449650181,1.0
128.05918722139782,0.975317444214657,1.0
128.14768678715714,0.9753929322540618,1.0
128.23624751348842,0.9754683090565035,1.0
128.32486944265878,0.9755435745952911,1.0
128.41355261696444,0.9756187288437717,1.0
128.50229707873086,0.9756937717753303,1.0
128.59110287031285,0.97576870336339,1.0
128.67997003409437,0.9758435235814121,1.0
128.76889861248873,0.9759182324028957,1.0
128.85788864793858,0.975992829801378,1.0
128.9469401829158,0.9760673157504345,1.0
129.03605325992174,0.9761416902236787,1.0
129.12522792148707,0.9762159531947622,1.0
129.21446421017183,0.9762901046373748,1.0
129.30376216856547,0.9763641445252443,1.0
129.39312183928692,0.976438072832137,1.0
129.48254326498457,0.9765118895318572,1.0
129.5720264883362,0.9765855945982473,1.0
129.6615715520493,0.9766591880051881,1.0
129.75117849886044,0.9767326697265986,1.0
129.8408473715361,0.9768060397364359,1.0
129.9305782128723,0.9768792980086954,1.0
130.02037106569443,0.9769524445174111,1.0
130.11022597285765,0.9770254792366551,1.0
130.20014297724668,0.9770984021405376,1.0
130.29012212177588,0.9771712132032073,1.0
130.38016344938927,0.9772439123988514,1.0
130.47026700306063,0.9773164997016953,1.0
130.56043282579313,0.9773889750860028,1.0
130.65066096061997,0.9774613385260759,1.0
130.74095145060403,0.9775335899962553,1.0
130.83130433883792,0.9776057294709201,1.0
130.921719668444,0.9776777569244876,1.0
131.0121974825745,0.9777496723314136,1.0
131.10273782441138,0.9778214756661928,1.0
131.19334073716655,0.9778931669033578,1.0
131.28400626408168,0.9779647460174801,1.0
131.37473444842837,0.9780362129831693,1.0
131.46552533350817,0.978107567775074,1.0
131.55637896265247,0.978178810367881,1.0
131.64729537922267,0.9782499407363158,1.0
131.7382746266101,0.9783209588551425,1.0
131.8293167482361,0.9783918646991635,1.0
131.92042178755196,0.9784626582432203,1.0
132.0115897880391,0.9785333394621927,1.0
132.1028207932089,0.978603908330999,1.0
132.19411484660287,0.9786743648245965,1.0
132.28547199179258,0.9787447089179808,1.0
132.37689227237968,0.9788149405861866,1.0
132.46837573199605,0.9788850598042869,1.0
132.5599224143036,0.9789550665473935,1.0
132.65153236299452,0.9790249607906569,1.0
132.74320562179128,0.9790947425092669,1.0
132.83494223444615,0.9791644116784509,1.0
132.92674224474206,0.979233968273476,1.0
133.01860569649207,0.9793034122696478,1.0
133.1105326335395,0.9793727436423106,1.0
133.202523099758,0.9794419623668478,1.0
133.29457713905148,0.9795110684186811,1.0
133.3866947953543,0.9795800617732716,1.0
133.47887611263118,0.979648942406119,1.0
133.5711211348769,0.9797177102927617,1.0
133.66342990611705,0.9797863654087772,1.0
133.7558024704075,0.9798549077297818,1.0
133.84823887183455,0.9799233372314308,1.0
133.94073915451497,0.9799916538894184,1.0
134.03330336259603,0.9800598576794777,1.0
134.12593154025555,0.9801279485773806,1.0
134.21862373170177,0.9801959265589384,1.0
134.3113799811736,0.980263791600001,1.0
134.40420033294043,0.9803315436764573,1.0
134.49708483130235,0.9803991827642352,1.0
134.59003352058994,0.9804667088393021,1.0
134.68304644516448,0.9805341218776638,1.0
134.77612364941794,0.9806014218553655,1.0
134.8692651777729,0.9806686087484913,1.0
134.9624710746827,0.9807356825331646,1.0
135.05574138463135,0.9808026431855477,1.0
135.14907615213363,0.9808694906818419,1.0
135.2424754217351,0.9809362249982881,1.0
135.33593923801203,0.9810028461111658,1.0
135.42946764557163,0.9810693539967941,1.0
135.5230606890518,0.9811357486315307,1.0
135.61671841312133,0.9812020299917732,1.0
135.71044086247994,0.9812681980539577,1.0
135.80422808185833,0.9813342527945601,1.0
135.8980801160177,0.9814001941900949,1.0
135.99199700975058,0.9814660222171164,1.0
136.08597880788034,0.9815317368522178,1.0
136.18002555526135,0.9815973380720319,1.0
136.27413729677892,0.9816628258532304,1.0
136.36831407734945,0.9817282001725244,1.0
136.4625559419203,0.9817934610066644,1.0
136.55686293547012,0.9818586083324403,1.0
136.65123510300816,0.9819236421266809,1.0
136.74567248957518,0.981988562366255,1.0
136.84017514024305,0.9820533690280702,1.0
136.9347431001146,0.9821180620890736,1.0
137.029376414324,0.982182641526252,1.0
137.1240751280365,0.9822471073166311,1.0
137.21883928644863,0.9823114594372765,1.0
137.31366893478813,0.9823756978652929,1.0
137.408564118314,0.9824398225778245,1.0
137.50352488231644,0.9825038335520551,1.0
137.59855127211713,0.9825677307652078,1.0
137.6936433330689,0.9826315141945452,1.0
137.78880111055602,0.9826951838173694,1.0
137.88402464999405,0.9827587396110223,1.0
137.97931399683,0.9828221815528848,1.0
138.07466919654226,0.9828855096203777,1.0
138.17009029464066,0.9829487237909613,1.0
138.26557733666644,0.9830118240421353,1.0
138.3611303681924,0.9830748103514392,1.0
138.45674943482274,0.9831376826964519,1.0
138.55243458219326,0.9832004410547919,1.0
138.6481858559712,0.9832630854041176,1.0
138.74400330185549,0.9833256157221266,1.0
138.83988696557648,0.9833880319865564,1.0
138.93583689289642,0.9834503341751845,1.0
139.03185312960866,0.9835125222658271,1.0
139.12793572153865,0.9835745962363409,1.0
139.2240847145434,0.9836365560646221,1.0
139.32030015451159,0.9836984017286065,1.0
139.41658208736357,0.9837601332062696,1.0
139.51293055905148,0.9838217504756269,1.0
139.6093456155592,0.9838832535147335,1.0
139.70582730290238,0.983944642301684,1.0
139.80237566712864,0.9840059168146131,1.0
139.89899075431694,0.9840670770316953,1.0
139.9956726105786,0.9841281229311445,1.0
140.09242128205656,0.9841890544912149,1.0
140.18923681492572,0.9842498716902002,1.0
140.28611925539286,0.984310574506434,1.0
140.38306864969675,0.9843711629182901,1.0
140.480085044108,0.9844316369041815,1.0
140.5771684849293,0.9844919964425616,1.0
140.67431901849534,0.9845522415119236,1.0
140.7715366911727,0.9846123720908003,1.0
140.8688215493602,0.9846723881577649,1.0
140.96617363948857,0.9847322896914301,1.0
141.0635930080207,0.9847920766704488,1.0
141.16107970145154,0.9848517490735136,1.0
141.25863376630826,0.9849113068793574,1.0
141.35625524915008,0.9849707500667527,1.0
141.45394419656844,0.9850300786145124,1.0
141.55170065518703,0.985089292501489,1.0
141.64952467166168,0.9851483917065754,1.0
141.74741629268047,0.9852073762087042,1.0
141.84537556496383,0.9852662459868483,1.0
141.94340253526437,0.9853250010200203,1.0
142.0414972503671,0.9853836412872733,1.0
142.1396597570893,0.9854421667677,1.0
142.23789010228074,0.985500577440434,1.0
142.33618833282324,0.9855588732846478,1.0
142.43455449563132,0.985617054279555,1.0
142.5329886376518,0.985675120404409,1.0
142.63149080586408,0.9857330716385033,1.0
142.73006104727986,0.9857909079611716,1.0
142.8286994089434,0.9858486293517877,1.0
142.92740593793147,0.9859062357897658,1.0
143.0261806813535,0.98596372725456,1.0
143.1250236863511,0.9860211037256646,1.0
143.2239350000988,0.9860783651826145,1.0
143.32291466980368,0.9861355116049842,1.0
143.42196274270538,0.9861925429723891,1.0
143.52107926607619,0.9862494592644845,1.0
143.6202642872211,0.9863062604609659,1.0
143.71951785347775,0.9863629465415692,1.0
143.81884001221658,0.9864195174860706,1.0
143.9182308108407,0.9864759732742866,1.0
144.01769029678596,0.9865323138860739,1.0
144.117218517521,0.9865885393013295,1.0
144.21681552054733,0.986644649499991,1.0
144.31648135339924,0.9867006444620361,1.0
144.41621606364384,0.9867565241674829,1.0
144.5160196988812,0.98681228859639,1.0
144.61589230674417,0.9868679377288561,1.0
144.7158339348986,0.9869234715450206,1.0
144.8158446310433,0.9869788900250631,1.0
144.91592444290993,0.9870341931492038,1.0
145.0160734182633,0.9870893808977032,1.0
145.11629160490105,0.9871444532508621,1.0
145.21657905065402,0.987199410189022,1.0
145.316935803386,0.9872542516925648,1.0
145.41736191099386,0.9873089777419128,1.0
145.51785742140777,0.987363588317529,1.0
145.61842238259055,0.9874180833999165,1.0
145.71905684253863,0.9874724629696193,1.0
145.8197608492814,0.9875267270072217,1.0
145.92053445088155,0.9875808754933485,1.0
146.0213776954349,0.9876349084086653,1.0
146.1222906310705,0.987688825733878,1.0
146.22327330595073,0.9877426274497332,1.0
146.32432576827136,0.9877963135370181,1.0
146.425448066261,0.9878498839765604,1.0
146.5266402481821,0.9879033387492283,1.0
146.62790236233027,0.9879566778359309,1.0
146.7292344570345,0.9880099012176178,1.0
146.83063658065714,0.9880630088752791,1.0
146.93210878159408,0.9881160007899457,1.0
147.03365110827454,0.988168876942689,1.0
147.13526360916129,0.9882216373146213,1.0
147.23694633275048,0.9882742818868956,1.0
147.3386993275719,0.9883268106407053,1.0
147.44052264218882,0.9883792235572846,1.0
147.54241632519805,0.9884315206179085,1.0
147.64438042523005,0.9884837018038928,1.0
147.74641499094884,0.9885357670965939,1.0
147.84852007105204,0.988587716477409,1.0
147.950695714271,0.9886395499277759,1.0
148.0529419693707,0.9886912674291736,1.0
148.15525888514983,0.9887428689631212,1.0
148.25764651044082,0.9887943545111794,1.0
148.36010489410984,0.988845724054949,1.0
148.46263408505678,0.9888969775760721,1.0
148.5652341322154,0.9889481150562313,1.0
148.66790508455324,0.9889991364771501,1.0
148.7706469910717,0.9890500418205931,1.0
148.87345990080613,0.9891008310683655,1.0
148.9763438628254,0.9891515042023133,1.0
149.07929892623272,0.9892020612043239,1.0
149.18232514016506,0.9892525020563246,1.0
149.28542255379335,0.9893028267402848,1.0
149.38859121632254,0.9893530352382138,1.0
149.4918311769915,0.9894031275321625,1.0
149.59514248507324,0.9894531036042225,1.0
149.69852518987474,0.989502963436526,1.0
149.80197934073726,0.9895527070112469,1.0
149.9055049870356,0.9896023343105992,1.0
150.00910217817932,0.9896518453168387,1.0
150.1127709636118,0.9897012400122615,1.0
150.21651139281067,0.9897505183792051,1.0
150.32032351528773,0.9897996804000481,1.0
150.42420738058902,0.9898487260572095,1.0
150.52816303829482,0.9898976553331502,1.0
150.63219053801964,0.9899464682103715,1.0
150.7362899294123,0.9899951646714158,1.0
150.84046126215594,0.9900437446988668,1.0
150.94470458596805,0.9900922082753493,1.0
151.0490199506004,0.9901405553835289,1.0
151.15340740583926,0.9901887860061125,1.0
151.2578670015052,0.9902369001258479,1.0
151.3623987874533,0.9902848977255243,1.0
151.46700281357298,0.9903327787879718,1.0
151.57167912978832,0.9903805432960617,1.0
151.67642778605773,0.9904281912327066,1.0
151.78124883237425,0.9904757225808599,1.0
151.8861423187654,0.9905231373235164,1.0
151.99110829529332,0.990570435443712,1.0
152.09614681205474,0.990617616924524,1.0
152.201257919181,0.9906646817490704,1.0
152.30644166683825,0.9907116299005111,1.0
152.4116981052268,0.9907584613620464,1.0
152.5170272845822,0.9908051761169185,1.0
152.62242925517455,0.9908517741484105,1.0
152.72790406730857,0.9908982554398469,1.0
152.83345177132387,0.9909446199745932,1.0
152.93907241759484,0.9909908677360565,1.0
153.04476605653062,0.9910369987076848,1.0
153.15053273857524,0.9910830128729679,1.0
153.2563725142077,0.9911289102154364,1.0
153.36228543394148,0.9911746907186623,1.0
153.4682715483254,0.9912203543662591,1.0
153.57433090794305,0.9912659011418815,1.0
153.68046356341299,0.9913113310292255,1.0
153.78666956538876,0.9913566440120286,1.0
153.89294896455888,0.9914018400740695,1.0
153.99930181164697,0.9914469191991682,1.0
154.10572815741165,0.9914918813711862,1.0
154.2122280526466,0.9915367265740264,1.0
154.31880154818066,0.991581454791633,1.0
154.42544869487773,0.9916260660079916,1.0
154.53216954363694,0.9916705602071294,1.0
154.63896414539255,0.9917149373731148,1.0
154.745832551114,0.9917591974900575,1.0
154.852774811806,0.9918033405421091,1.0
154.95979097850847,0.9918473665134622,1.0
155.06688110229663,0.991891275388351,1.0
155.17404523428098,0.9919350671510513,1.0
155.28128342560734,0.9919787417858803,1.0
155.38859572745693,0.9920222992771965,1.0
155.49598219104624,0.9920657396094001,1.0
155.60344286762725,0.9921090627669329,1.0
155.71097780848729,0.9921522687342779,1.0
155.81858706494916,0.9921953574959598,1.0
155.92627068837132,0.992238329036545,1.0
156.0340287301472,0.9922811833406409,1.0
156.14186124170624,0.992323920392897,1.0
156.24976827451326,0.9923665401780041,1.0
156.35774988006867,0.9924090426806947,1.0
156.4658061099084,0.9924514278857428,1.0
156.57393701560414,0.9924936957779639,1.0
156.68214264876303,0.9925358463422153,1.0
156.79042306102818,0.9925778795633957,1.0
156.89877830407787,0.9926197954264455,1.0
157.00720842962653,0.9926615939163467,1.0
157.11571348942422,0.9927032750181229,1.0
157.22429353525678,0.9927448387168396,1.0
157.33294861894575,0.9927862849976036,1.0
157.44167879234857,0.9928276138455634,1.0
157.5504841073585,0.9928688252459095,1.0
157.65936461590462,0.9929099191838735,1.0
157.76832036995197,0.9929508956447294,1.0
157.8773514215014,0.9929917546137922,1.0
157.98645782258978,0.993032496076419,1.0
158.09563962528995,0.9930731200180085,1.0
158.20489688171068,0.9931136264240014,1.0
158.31422964399675,0.9931540152798795,1.0
158.42363796432906,0.9931942865711668,1.0
158.53312189492448,0.9932344402834291,1.0
158.64268148803598,0.9932744764022737,1.0
158.7523167959527,0.9933143949133497,1.0
158.86202787099987,0.9933541958023482,1.0
158.97181476553888,0.9933938790550018,1.0
159.0816775319673,0.9934334446570849,1.0
159.19161622271895,0.9934728925944141,1.0
159.30163089026385,0.9935122228528471,1.0
159.4117215871083,0.9935514354182842,1.0
159.52188836579504,0.9935905302766669,1.0
159.63213127890262,0.9936295074139788,1.0
159.74245037904646,0.9936683668162454,1.0
159.85284571887811,0.9937071084695338,1.0
159.96331735108558,0.9937457323599532,1.0
160.07386532839325,0.9937842384736546,1.0
160.18448970356192,0.9938226267968308,1.0
160.29519052938892,0.9938608973157165,1.0
160.40596785870812,0.9938990500165883,1.0
160.51682174438955,0.9939370848857647,1.0
160.62775223934017,0.9939750019096061,1.0
160.73875939650333,0.994012801074515,1.0
160.84984326885905,0.9940504823669353,1.0
160.9610039094239,0.9940880457733534,1.0
161.07224137125115,0.9941254912802975,1.0
161.18355570743063,0.9941628188743374,1.0
161.29494697108893,0.9942000285420852,1.0
161.4064152153894,0.994237120270195,1.0
161.517960493532,0.9942740940453625,1.0
161.6295828587536,0.9943109498543258,1.0
161.74128236432773,0.9943476876838647,1.0
161.85305906356484,0.9943843075208012,1.0
161.9649130098122,0.994420809351999,1.0
162.07684425645388,0.9944571931643641,1.0
162.1888528569109,0.9944934589448444,1.0
162.30093886464124,0.9945296066804299,1.0
162.4131023331397,0.9945656363581525,1.0
162.5253433159382,0.9946015479650863,1.0
162.6376618666055,0.9946373414883471,1.0
162.75005803874754,0.9946730169150932,1.0
162.86253188600713,0.9947085742325249,1.0
162.97508346206433,0.9947440134278843,1.0
163.0877128206362,0.9947793344884557,1.0
163.20042001547708,0.9948145374015656,1.0
163.31320510037798,0.9948496221545823,1.0
163.4260681291676,0.9948845887349165,1.0
163.53900915571165,0.9949194371300211,1.0
163.6520282339131,0.9949541673273906,1.0
163.76512541771208,0.9949887793145622,1.0
163.87830076108617,0.9950232730791149,1.0
163.99155431805005,0.9950576486086699,1.0
164.1048861426559,0.9950919058908905,1.0
164.2182962889933,0.9951260449134824,1.0
164.33178481118875,0.9951600656641931,1.0
164.44535176340668,0.9951939681308125,1.0
164.5589971998488,0.9952277523011726,1.0
164.6727211747542,0.9952614181631476,1.0
164.78652374239954,0.9952949657046539,1.0
164.9004049570989,0.9953283949136501,1.0
165.014364873204,0.995361705778137,1.0
165.12840354510402,0.9953948982861575,1.0
165.24252102722582,0.995427972425797,1.0
165.3567173740338,0.9954609281851827,1.0
165.47099264003003,0.9954937655524845,1.0
165.58534687975424,0.9955264845159142,1.0
165.69978014778385,0.995559085063726,1.0
165.81429249873403,0.9955915671842163,1.0
165.92888398725765,0.9956239308657238,1.0
166.04355466804535,0.9956561760966294,1.0
166.1583045958256,0.9956883028653563,1.0
166.27313382536468,0.9957203111603701,1.0
166.3880424114667,0.9957522009701784,1.0
166.50303040897364,0.9957839722833315,1.0
166.61809787276542,0.9958156250884216,1.0
166.73324485775984,0.9958471593740835,1.0
166.84847141891268,0.9958785751289942,1.0
166.96377761121772,0.9959098723418731,1.0
167.07916348970687,0.9959410510014818,1.0
167.1946291094496,0.9959721110966242,1.0
167.3101745255539,0.9960030526161466,1.0
167.4257997931657,0.996033875548938,1.0
167.54150496746905,0.996064579883929,1.0
167.65729010368617,0.9960951656100935,1.0
167.77315525707735,0.9961256327164468,1.0
167.88910048294116,0.9961559811920474,1.0
168.0051258366145,0.9961862110259957,1.0
168.121231373472,0.9962163222074346,1.0
168.23741714892714,0.9962463147255495,1.0
168.35368321843143,0.996276188569568,1.0
168.47002963747477,0.9963059437287602,1.0
168.58645646158539,0.996335580192439,1.0
168.70296374632986,0.9963650979499589,1.0
168.8195515473132,0.9963944969907175,1.0
168.93621992017887,0.9964237773041545,1.0
169.0529689206087,0.9964529388797524,1.0
169.16979860432306,0.9964819817070357,1.0
169.28670902708083,0.9965109057755718,1.0
169.40370024467944,0.99653971107497,1.0
169.52077231295482,0.9965683975948826,1.0
169.63792528778154,0.9965969653250041,1.0
169.75515922507276,0.9966254142550716,1.0
169.87247418078027,0.9966537443748645,1.0
169.9898702108946,0.9966819556742049,1.0
170.10734737144486,0.9967100481429573,1.0
170.22490571849897,0.9967380217710287,1.0
170.34254530816355,0.9967658765483685,1.0
170.46026619658403,0.9967936124649688,1.0
170.57806843994462,0.9968212295108643,1.0
170.69595209446834,0.9968487276761319,1.0
170.81391721641708,0.9968761069508912,1.0
170.93196386209183,0.9969033673253045,1.0
171.05009208783193,0.9969305087895763,1.0
171.16830195001612,0.9969575313339539,1.0
171.28659350506203,0.9969844349487272,1.0
171.4049668094262,0.9970112196242285,1.0
171.52342191960426,0.9970378853508325,1.0
171.64195889213082,0.997064432118957,1.0
171.76057778357955,0.9970908599190619,1.0
171.8792786505635,0.99711716874165,1.0
171.99806154973416,0.9971433585772664,1.0
172.1169265377828,0.997169429416499,1.0
172.23587367143972,0.9971953812499782,1.0
172.35490300747435,0.997221214068377,1.0
172.47401460269538,0.9972469278624113,1.0
172.59320851395074,0.9972725226228393,1.0
172.71248479812772,0.9972979983404616,1.0
172.8318435121528,0.9973233550061221,1.0
172.95128471299194,0.9973485926107067,1.0
173.07080845765034,0.9973737111451445,1.0
173.19041480317267,0.9973987106004067,1.0
173.31010380664304,0.9974235909675075,1.0
173.42987552518497,0.9974483522375036,1.0
173.54973001596144,0.9974729944014945,1.0
173.66966733617497,0.9974975174506223,1.0
173.7896875430676,0.9975219213760717,1.0
173.9097906939209,0.9975462061690701,1.0
174.02997684605614,0.9975703718208877,1.0
174.15024605683405,0.9975944183228372,1.0
174.27059838365508,0.9976183456662743,1.0
174.39103388395935,0.9976421538425969,1.0
174.51155261522666,0.9976658428432462,1.0
174.63215463497656,0.9976894126597057,1.0
174.7528400007683,0.9977128632835016,1.0
174.87360877020112,0.9977361947062032,1.0
174.99446100091353,0.997759406919422,1.0
175.11539675058444,0.9977824999148127,1.0
175.23641607693233,0.9978054736840724,1.0
175.35751903771572,0.9978283282189411,1.0
175.47870569073294,0.9978510635112016,1.0
175.5999760938223,0.9978736795526791,1.0
175.72133030486208,0.9978961763352422,1.0
175.84276838177055,0.9979185538508016,1.0
175.9642903825062,0.9979408120913111,1.0
176.085896365067,0.9979629510487672,1.0
176.20758638749157,0.9979849707152092,1.0
176.3293605078585,0.9980068710827192,1.0
176.45121878428643,0.998028652143422,1.0
176.57316127493422,0.9980503138894851,1.0
176.6951880380009,0.998071856313119,1.0
176.81729913172578,0.998093279406577,1.0
176.9394946143883,0.9981145831621551,1.0
177.0617745443083,0.998135767572192,1.0
177.18413897984584,0.9981568326290694,1.0
177.30658797940134,0.9981777783252118,1.0
177.42912160141563,0.9981986046530863,1.0
177.5517399043698,0.9982193116052032,1.0
177.6744429467855,0.9982398991741153,1.0
177.79723078722472,0.9982603673524183,1.0
177.92010348428994,0.9982807161327509,1.0
178.04306109662423,0.9983009455077946,1.0
178.16610368291103,0.9983210554702734,1.0
178.28923130187448,0.9983410460129546,1.0
178.41244401227922,0.9983609171286482,1.0
178.53574187293052,0.998380668810207,1.0
178.6591249426743,0.9984003010505267,1.0
178.78259328039715,0.9984198138425459,1.0
178.9061469450263,0.9984392071792461,1.0
179.02978599553,0.9984584810536514,1.0
179.1535104909166,0.9984776354588292,1.0
179.27732049023584,0.9984966703878895,1.0
179.401216052578,0.9985155858339854,1.0
179.5251972370743,0.9985343817903125,1.0
179.6492641028968,0.9985530582501099,1.0
179.7734167092584,0.9985716152066589,1.0
179.897655115413,0.9985900526532844,1.0
180.0219793806555,0.9986083705833537,1.0
180.1463895643214,0.9986265689902772,1.0
180.27088572578762,0.9986446478675084,1.0
180.395467924472,0.9986626072085432,1.0
180.52013621983343,0.9986804470069209,1.0
180.64489067137188,0.9986981672562237,1.0
180.76973133862845,0.9987157679500764,1.0
180.8946582811854,0.9987332490821471,1.0
181.0196715586661,0.9987506106461467,1.0
181.14477123073522,0.998767852635829,1.0
181.26995735709858,0.9987849750449906,1.0
181.39522999750332,0.9988019778674716,1.0
181.52058921173787,0.9988188610971543,1.0
181.6460350596319,0.9988356247279647,1.0
181.77156760105657,0.9988522687538711,1.0
181.89718689592425,0.9988687931688853,1.0
182.02289300418886,0.9988851979670618,1.0
182.14868598584562,0.9989014831424979,1.0
182.27456590093135,0.9989176486893344,1.0
182.40053280952424,0.9989336946017546,1.0
182.52658677174406,0.998949620873985,1.0
182.65272784775215,0.998965427500295,1.0
182.77895609775135,0.9989811144749972,1.0
182.9052715819862,0.9989966817924467,1.0
183.03167436074276,0.9990121294470422,1.0
183.15816449434905,0.9990274574332252,1.0
183.28474204317416,0.9990426657454798,1.0
183.41140706762948,0.9990577543783337,1.0
183.53815962816796,0.9990727233263572,1.0
183.66499978528432,0.9990875725841639,1.0
183.79192759951508,0.9991023021464102,1.0
183.91894313143862,0.9991169120077955,1.0
184.04604644167517,0.9991314021630625,1.0
184.17323759088706,0.9991457726069968,1.0
184.30051663977795,0.9991600233344267,1.0
184.427883649094,0.9991741543402239,1.0
184.55533867962325,0.9991881656193033,1.0
184.68288179219564,0.9992020571666224,1.0
184.81051304768323,0.9992158289771818,1.0
184.9382325070001,0.9992294810460254,1.0
185.06604023110242,0.9992430133682401,1.0
185.19393628098857,0.9992564259389556,1.0
185.321920717699,0.9992697187533449,1.0
185.4499936023163,0.9992828918066241,1.0
185.57815499596546,0.9992959450940521,1.0
185.7064049598135,0.9993088786109311,1.0
185.83474355506988,0.9993216923526062,1.0
185.96317084298622,0.9993343863144655,1.0
186.09168688485656,0.9993469604919406,1.0
186.22029174201728,0.9993594148805057,1.0
186.34898547584714,0.9993717494756783,1.0
186.47776814776734,0.999383964273019,1.0
186.60663981924148,0.9993960592681312,1.0
186.7356005517757,0.9994080344566619,1.0
186.86465040691854,0.9994198898343007,1.0
186.99378944626125,0.9994316253967805,1.0
187.12301773143744,0.9994432411398774,1.0
187.2523353241235,0.9994547370594102,1.0
187.3817422860385,0.9994661131512415,1.0
187.51123867894364,0.999477369411276,1.0
187.6408245646434,0.9994885058354624,1.0
187.77050000498474,0.9994995224197922,1.0
187.90026506185737,0.9995104191602999,1.0
188.0301197971938,0.9995211960530631,1.0
188.1600642729693,0.9995318530942027,1.0
188.290098551202,0.9995423902798826,1.0
188.42022269395287,0.9995528076063098,1.0
188.550436763326,0.9995631050697344,1.0
188.68074082146774,0.9995732826664498,1.0
188.81113493056804,0.9995833403927923,1.0
188.94161915285963,0.9995932782451413,1.0
189.0721935506182,0.9996030962199197,1.0
189.20285818616256,0.9996127943135931,1.0
189.33361312185448,0.9996223725226704,1.0
189.4644584200989,0.9996318308437036,1.0
189.59539414334392,0.9996411692732879,1.0
189.7264203540807,0.9996503878080618,1.0
189.8575371148436,0.9996594864447065,1.0
189.9887444882103,0.9996684651799467,1.0
190.12004253680163,0.9996773240105501,1.0
190.25143132328174,0.9996860629333276,1.0
190.38291091035805,0.9996946819451332,1.0
190.51448136078133,0.999703181042864,1.0
190.64614273734574,0.9997115602234606,1.0
190.7778951028888,0.9997198194839062,1.0
190.90973852029148,0.9997279588212276,1.0
191.04167305247822,0.9997359782324944,1.0
191.1736987624169,0.9997438777148198,1.0
191.30581571311896,0.9997516572653597,1.0
191.43802396763934,0.9997593168813136,1.0
191.5703235890766,0.9997668565599236,1.0
191.7027146405731,0.9997742762984756,1.0
191.83519718531423,0.9997815760942983,1.0
191.96777128652963,0.9997887559447636,1.0
192.10043700749245,0.9997958158472866,1.0
192.23319441151955,0.9998027557993255,1.0
192.36604356197162,0.9998095757983819,1.0
192.498984522253,0.9998162758420005,1.0
192.63201735581202,0.9998228559277689,1.0
192.76514212614074,0.999829316053318,1.0
192.89835889677528,0.9998356562163223,1.0
193.03166773129516,0.9998418764144988,1.0
193.16506869332437,0.9998479766456083,1.0
193.2985618465307,0.9998539569074544,1.0
193.43214725462596,0.9998598171978839,1.0
193.56582498136592,0.9998655575147869,1.0
193.69959509055047,0.9998711778560968,1.0
193.8334576460236,0.9998766782197899,1.0
193.96741271167335,0.9998820586038859,1.0
194.101460351432,0.9998873190064476,1.0
194.23560062927595,0.999892459425581,1.0
194.36983360922582,0.9998974798594356,1.0
194.50415935534653,0.9999023803062033,1.0
194.6385779317472,0.9999071607641201,1.0
194.7730894025813,0.9999118212314646,1.0
194.9076938320466,0.999916361706559,1.0
195.04239128438527,0.9999207821877683,1.0
195.17718182388387,0.9999250826735009,1.0
195.31206551487335,0.9999292631622085,1.0
195.4470424217292,0.999933323652386,1.0
195.58211260887134,0.9999372641425711,1.0
195.7172761407642,0.9999410846313451,1.0
195.8525330819168,0.9999447851173325,1.0
195.98788349688266,0.999948365599201,1.0
196.12332745026004,0.9999518260756611,1.0
196.25886500669193,0.9999551665454671,1.0
196.39449623086546,0.9999583870074162,1.0
196.53022118751306,0.9999614874603487,1.0
196.66603994141164,0.9999644679031483,1.0
196.80195255738292,0.9999673283347419,1.0
196.93795910029343,0.9999700687540994,1.0
197.07405963505448,0.9999726891602343,1.0
197.2102542266223,0.999975189552203,1.0
197.3465429399982,0.9999775699291051,1.0
197.4829258402277,0.9999798302900836,1.0
197.61940299240203,0.9999819706343247,1.0
197.75597446165713,0.9999839909610575,1.0
197.89264031317396,0.9999858912695547,1.0
198.0294006121785,0.9999876715591322,1.0
198.16625542394186,0.9999893318291486,1.0
198.3032048137802,0.9999908720790064,1.0
198.4402488470549,0.9999922923081508,1.0
198.57738758917242,0.9999935925160706,1.0
198.71462110558443,0.9999947727022975,1.0
198.8519494617879,0.9999958328664067,1.0
198.98937272332506,0.9999967730080163,1.0
199.12689095578335,0.9999975931267878,1.0
199.2645042247956,0.9999982932224261,1.0
199.40221259603996,0.9999988732946788,1.0
199.54001613524002,0.9999993333433372,1.0
199.6779149081648,0.9999996733682358,1.0
199.81590898062868,0.9999998933692519,1.0
199.9539984184916,0.9999999933463064,1.0
200.09218328765903,0.9999999732993633,1.0
200.2304636540819,0.9999998332284299,1.0
200.36883958375677,0.9999995731335565,1.0
200.50731114272583,0.9999991930148368,1.0
200.64587839707687,0.9999986928724076,1.0
200.7845414129436,0.9999980727064491,1.0
200.9233002565048,0.9999973325171846,1.0
201.06215499398556,0.9999964723048805,1.0
201.20110569165658,0.9999954920698467,1.0
201.34015241583435,0.9999943918124361,1.0
201.47929523288119,0.9999931715330448,1.0
201.61853420920525,0.9999918312321122,1.0
201.75786941126066,0.999990370910121,1.0
201.89730090554755,0.999988790567597,1.0
202.0368287586115,0.9999870902051091,1.0
202.17645303704467,0.9999852698232697,1.0
202.31617380748497,0.9999833294227342,1.0
202.45599113661646,0.9999812690042013,1.0
202.59590509116924,0.9999790885684127,1.0
202.73591573791953,0.9999767881161538,1.0
202.87602314368965,0.9999743676482528,1.0
203.01622737534817,0.9999718271655812,1.0
203.15652849980984,0.9999691666690537,1.0
203.29692658403567,0.9999663861596283,1.0
203.43742169503292,0.9999634856383062,1.0
203.5780138998552,0.9999604651061318,1.0
203.71870326560236,0.9999573245641925,1.0
203.85948985942076,0.9999540640136193,1.0
204.0003737485031,0.9999506834555861,1.0
204.14135500008848,0.9999471828913101,1.0
204.2824336814625,0.9999435623220517,1.0
204.42360985995725,0.9999398217491147,1.0
204.56488360295143,0.9999359611738455,1.0
204.70625497787015,0.9999319805976347,1.0
204.84772405218524,0.999927880021915,1.0
204.98929089341513,0.9999236594481631,1.0
205.1309555691249,0.9999193188778986,1.0
205.2727181469263,0.9999148583126845,1.0
205.41457869447805,0.9999102777541264,1.0
205.55653727948504,0.999905577203874,1.0
205.69859396969946,0.9999007566636194,1.0
205.84074883292018,0.9998958161350985,1.0
205.983001936993,0.9998907556200899,1.0
206.12535334981047,0.9998855751204158,1.0
206.26780313931212,0.9998802746379412,1.0
206.41035137348445,0.9998748541745747,1.0
206.55299812036094,0.9998693137322677,1.0
206.69574344802226,0.9998636533130153,1.0
206.83858742459552,0.9998578729188552,1.0
206.9815301182556,0.9998519725518688,1.0
207.12457159722416,0.99984595221418,1.0
207.26771192977012,0.9998398119079569,1.0
207.41095118420952,0.9998335516354099,1.0
207.55428942890563,0.999827171398793,1.0
207.697726732269,0.9998206712004032,1.0
207.84126316275734,0.9998140510425809,1.0
207.98489878887582,0.9998073109277094,1.0
208.1286336791769,0.9998004508582153,1.0
208.2724679022603,0.9997934708365687,1.0
208.4164015267733,0.9997863708652821,1.0
208.56043462141062,0.999779150946912,1.0
208.70456725491437,0.9997718110840577,1.0
208.84879949607415,0.9997643512793615,1.0
208.99313141372718,0.9997567715355091,1.0
209.13756307675825,0.9997490718552294,1.0
209.28209455409967,0.9997412522412944,1.0
209.4267259147315,0.9997333126965191,1.0
209.57145722768138,0.9997252532237619,1.0
209.7162885620247,0.9997170738259242,1.0
209.86121998688455,0.9997087745059509,1.0
210.00625157143182,0.9997003552668293,1.0
210.15138338488524,0.9996918161115907,1.0
210.2966154965115,0.9996831570433092,1.0
210.44194797562457,0.9996743780651018,1.0
210.587380891587,0.999665479180129,1.0
210.73291431380898,0.9996564603915945,1.0
210.87854831174872,0.9996473217027447,1.0
211.0242829549124,0.9996380631168695,1.0
211.17011831285427,0.999628684637302,1.0
211.31605445517664,0.9996191862674182,1.0
211.4620914515301,0.9996095680106374,1.0
211.6082293716128,0.9995998298704218,1.0
211.7544682851716,0.9995899718502771,1.0
211.90080826200148,0.999579993953752,1.0
212.0472493719455,0.9995698961844379,1.0
212.19379168489513,0.99955967854597,1.0
212.34043527079004,0.9995493410420264,1.0
212.48718019961828,0.999538883676328,1.0
212.63402654141626,0.9995283064526391,1.0
212.7809743662688,0.9995176093747672,1.0
212.92802374430912,0.9995067924465627,1.0
213.07517474571895,0.9994958556719192,1.0
213.22242744072852,0.9994847990547735,1.0
213.36978189961653,0.9994736225991053,1.0
213.51723819271035,0.9994623263089376,1.0
213.66479639038585,0.9994509101883365,1.0
213.81245656306763,0.999439374241411,1.0
213.9602187812289,0.9994277184723135,1.0
214.10808311539157,0.9994159428852392,1.0
214.2560496361263,0.9994040474844265,1.0
214.40411841405256,0.999392032274157,1.0
214.55228951983855,0.9993798972587552,1.0
214.70056302420136,0.999367642442589,1.0
214.84893899790694,0.999355267830069,1.0
214.99741751177012,0.9993427734256491,1.0
215.14599863665495,0.9993301592338262,1.0
215.29468244347373,0.9993174252591404,1.0
215.44346900318845,0.9993045715061746,1.0
215.5923583868099,0.9992915979795551,1.0
215.74135066539802,0.9992785046839512,1.0
215.89044591006174,0.999265291624075,1.0
216.03964419195927,0.9992519588046819,1.0
216.18894558229783,0.9992385062305702,1.0
216.33835015233424,0.9992249339065815,1.0
216.48785797337376,0.9992112418376004,1.0
216.6374691167717,0.9991974300285542,1.0
216.78718365393243,0.9991834984844138,1.0
216.93700165630963,0.9991694472101925,1.0
217.08692319540634,0.9991552762109474,1.0
217.23694834277515,0.9991409854917778,1.0
217.3870771700179,0.9991265750578268,1.0
217.53730974878613,0.99911204491428,1.0
217.6876461507807,0.9990973950663663,1.0
217.83808644775215,0.9990826255193576,1.0
217.98863071150055,0.9990677362785687,1.0
218.1392790138756,0.9990527273493575,1.0
218.29003142677666,0.9990375987371249,1.0
218.4408880221528,0.9990223504473148,1.0
218.59184887200277,0.9990069824854143,1.0
218.74291404837507,0.998991494856953,1.0
218.89408362336806,0.9989758875675042,1.0
219.04535766912986,0.9989601606226837,1.0
219.19673625785848,0.9989443140281503,1.0
219.34821946180182,0.9989283477896062,1.0
219.4998073532577,0.998912261912796,1.0
219.65150000457393,0.9988960564035079,1.0
219.80329748814827,0.9988797312675726,1.0
219.95519987642857,0.9988632865108639,1.0
220.10720724191293,0.9988467221392988,1.0
220.2593196571489,0.9988300381588371,1.0
220.41153719473485,0.9988132345754815,1.0
220.56385992731904,0.9987963113952778,1.0
220.7162879276,0.9987792686243148,1.0
220.86882126832649,0.9987621062687239,1.0
221.0214600222975,0.9987448243346799,1.0
221.17420426236242,0.9987274228284003,1.0
221.32705406142085,0.9987099017561457,1.0
221.48000949242314,0.9986922611242195,1.0
221.63307062836927,0.998674500938968,1.0
221.7862375423104,0.9986566212067807,1.0
221.93951030734794,0.9986386219340898,1.0
222.09288899663383,0.9986205031273704,1.0
222.24637368337054,0.9986022647931407,1.0
222.3999644408111,0.9985839069379617,1.0
222.55366134225923,0.9985654295684374,1.0
222.7074644610693,0.9985468326912146,1.0
222.86137387064633,0.9985281163129831,1.0
223.01538964444612,0.9985092804404755,1.0
223.16951185597517,0.9984903250804674,1.0
223.32374057879085,0.9984712502397772,1.0
223.4780758865013,0.9984520559252664,1.0
223.6325178527656,0.9984327421438393,1.0
223.78706655129366,0.9984133089024427,1.0
223.9417220558464,0.9983937562080668,1.0
224.09648444023566,0.9983740840677445,1.0
224.2513537783243,0.9983542924885517,1.0
224.40633014402624,0.9983343814776067,1.0
224.5614136113065,0.998314351042071,1.0
224.71660425418116,0.9982942011891491,1.0
224.8719021467175,0.9982739319260883,1.0
225.027307363034,0.9982535432601783,1.0
225.18281997730026,0.9982330351987523,1.0
225.3384400637375,0.9982124077491857,1.0
225.49416769661747,0.9981916609188974,1.0
225.6500029502639,0.9981707947153486,1.0
225.8059458990518,0.9981498091460436,1.0
225.9619966174074,0.9981287042185293,1.0
226.1181551798085,0.9981074799403956,1.0
226.2744216607843,0.9980861363192753,1.0
226.4307961349155,0.9980646733628439,1.0
226.58727867683464,0.9980430910788194,1.0
226.74386936122508,0.9980213894749631,1.0
226.90056826282253,0.9979995685590789,1.0
227.05737545641404,0.9979776283390134,1.0
227.21429101683844,0.997955568822656,1.0
227.37131501898625,0.9979333900179391,1.0
227.5284475377997,0.9979110919328376,1.0
227.68568864827287,0.9978886745753692,1.0
227.84303842545165,0.9978661379535947,1.0
228.00049694443373,0.9978434820756171,1.0
228.15806428036882,0.9978207069495827,1.0
228.31574050845848,0.9977978125836803,1.0
228.47352570395623,0.9977747989861413,1.0
228.63141994216767,0.9977516661652402,1.0
228.78942329845034,0.9977284141292939,1.0
228.947535848214,0.9977050428866624,1.0
229.10575766692037,0.9976815524457479,1.0
229.2640888300834,0.9976579428149959,1.0
229.42252941326927,0.9976342140028941,1.0
229.58107949209628,0.9976103660179734,1.0
229.73973914223507,0.9975863988688068,1.0
229.8985084394085,0.9975623125640108,1.0
230.05738745939183,0.997538107112244,1.0
230.2163762780127,0.9975137825222078,1.0
230.37547497115105,0.9974893388026463,1.0
230.5346836147396,0.9974647759623465,1.0
230.69400228476277,0.9974400940101378,1.0
230.85343105725826,0.9974152929548922,1.0
231.01297000831605,0.9973903728055248,1.0
231.17261921407865,0.9973653335709929,1.0
231.33237875074133,0.9973401752602967,1.0
231.49224869455185,0.9973148978824791,1.0
231.6522291218108,0.9972895014466253,1.0
231.81232010887166,0.9972639859618636,1.0
231.97252173214,0.9972383514373647,1.0
232.13283406807489,0.9972125978823418,1.0
232.293257193188,0.997186725306051,1.0
232.45379118404387,0.9971607337177908,1.0
232.61443611726,0.9971346231269024,1.0
232.77519206950674,0.9971083935427695,1.0
232.93605911750757,0.9970820449748186,1.0
233.09703733803886,0.9970555774325186,1.0
233.2581268079301,0.9970289909253811,1.0
233.41932760406382,0.9970022854629604,1.0
233.58063980337582,0.996975461054853,1.0
233.7420634828549,0.9969485177106984,1.0
233.90359871954317,0.9969214554401782,1.0
234.06524559053597,0.9968942742530171,1.0
234.22700417298185,0.996866974158982,1.0
234.3888745440828,0.9968395551678823,1.0
234.55085678109404,0.9968120172895701,1.0
234.71295096132425,0.9967843605339402,1.0
234.8751571621355,0.9967565849109296,1.0
235.0374754609434,0.9967286904305178,1.0
235.19990593521695,0.9967006771027271,1.0
235.36244866247873,0.9966725449376224,1.0
235.52510372030497,0.9966442939453106,1.0
235.6878711863254,0.9966159241359415,1.0
235.85075113822367,0.9965874355197072,1.0
236.01374365373647,0.9965588281068425,1.0
236.17684881065483,0.9965301019076246,1.0
236.34006668682335,0.9965012569323729,1.0
236.5033973601404,0.9964722931914497,1.0
236.66684090855827,0.9964432106952595,1.0
236.83039741008304,0.9964140094542493,1.0
236.99406694277465,0.9963846894789087,1.0
237.1578495847471,0.9963552507797694,1.0
237.3217454141686,0.9963256933674057,1.0
237.48575450926057,0.9962960172524348,1.0
237.64987694829927,0.9962662224455154,1.0
237.8141128096148,0.9962363089573496,1.0
237.97846217159147,0.9962062767986811,1.0
238.14292511266763,0.9961761259802965,1.0
238.3075017113359,0.9961458565130246,1.0
238.47219204614316,0.9961154684077366,1.0
238.63699619569056,0.9960849616753462,1.0
238.80191423863354,0.9960543363268094,1.0
238.96694625368195,0.9960235923731245,1.0
239.13209231960002,0.9959927298253324,1.0
239.29735251520637,0.995961748694516,1.0
239.46272691937415,0.995930648991801,1.0
239.62821561103095,0.995899430728355,1.0
239.79381866915898,0.9958680939153881,1.0
239.95953617279497,0.995836638564153,1.0
240.12536820103034,0.9958050646859444,1.0
240.29131483301109,0.9957733722920995,1.0
240.457376147938,0.9957415613939976,1.0
240.62355222506648,0.9957096320030606,1.0
240.7898431437068,0.9956775841307525,1.0
240.95624898322401,0.9956454177885795,1.0
241.12276982303803,0.9956131329880905,1.0
241.28940574262384,0.9955807297408761,1.0
241.4561568215107,0.9955482080585697,1.0
241.6230231392835,0.9955155679528466,1.0
241.79000477558196,0.9954828094354247,1.0
241.9571018101007,0.9954499325180637,1.0
242.12431432258958,0.995416937212566,1.0
242.29164239285348,0.9953838235307759,1.0
242.45908610075242,0.9953505914845802,1.0
242.62664552620166,0.9953172410859076,1.0
242.79432074917193,0.9952837723467293,1.0
242.96211184968843,0.9952501852790586,1.0
243.13001890783246,0.9952164798949511,1.0
243.2980420037404,0.9951826562065044,1.0
243.46618121760403,0.9951487142258584,1.0
243.6344366296705,0.9951146539651953,1.0
243.80280832024246,0.9950804754367392,1.0
243.97129636967804,0.9950461786527565,1.0
244.13990085839092,0.9950117636255558,1.0
244.30862186685033,0.9949772303674879,1.0
244.47745947558113,0.9949425788909456,1.0
244.64641376516383,0.9949078092083639,1.0
244.81548481623457,0.9948729213322198,1.0
244.98467270948532,0.9948379152750328,1.0
245.15397752566372,0.9948027910493641,1.0
245.32339934557328,0.9947675486678171,1.0
245.49293825007328,0.9947321881430375,1.0
245.662594320079,0.994696709487713,1.0
245.83236763656151,0.9946611127145731,1.0
246.0022582805479,0.9946253978363899,1.0
246.17226633312126,0.994589564865977,1.0
246.34239187542067,0.9945536138161906,1.0
246.5126349886414,0.9945175446999284,1.0
246.68299575403464,0.9944813575301307,1.0
246.85347425290792,0.9944450523197794,1.0
247.0240705666251,0.9944086290818986,1.0
247.1947847766056,0.9943720878295547,1.0
247.36561696432574,0.9943354285758556,1.0
247.536567211318,0.9942986513339513,1.0
247.70763559917114,0.9942617561170343,1.0
247.87882220953037,0.9942247429383384,1.0
248.05012712409732,0.99418761181114,1.0
248.22155042462998,0.994150362748757,1.0
248.3930921929432,0.9941129957645494,1.0
248.5647525109076,0.9940755108719194,1.0
248.73653146045106,0.9940379080843108,1.0
248.90842912355797,0.9940001874152097,1.0
249.0804455822692,0.9939623488781437,1.0
249.25258091868247,0.9939243924866827,1.0
249.42483521495214,0.9938863182544385,1.0
249.59720855328942,0.9938481261950645,1.0
249.76970101596226,0.9938098163222561,1.0
249.9423126852955,0.9937713886497509,1.0
250.11504364367087,0.9937328431913282,1.0
250.28789397352708,0.9936941799608089,1.0
250.4608637573597,0.9936553989720562,1.0
250.63395307772143,0.9936165002389751,1.0
250.80716201722194,0.993577483775512,1.0
250.98049065852803,0.9935383495956557,1.0
251.15393908436363,0.9934990977134366,1.0
251.3275073775098,0.9934597281429268,1.0
251.50119562080485,0.9934202408982405,1.0
251.67500389714436,0.9933806359935335,1.0
251.8489322894811,0.9933409134430036,1.0
252.02298088082526,0.99330107326089,1.0
252.19714975424438,0.9932611154614741,1.0
252.37143899286338,0.993221040059079,1.0
252.54584867986463,0.9931808470680692,1.0
252.72037889848826,0.9931405365028515,1.0
252.89502973203116,0.9931001083778742,1.0
253.06980126384855,0.9930595627076273,1.0
253.24469357735293,0.9930188995066425,1.0
253.4197067560146,0.9929781187894934,1.0
253.59484088336137,0.992937220570795,1.0
253.7700960429789,0.9928962048652046,1.0
253.94547231851055,0.9928550716874205,1.0
254.1209697936578,0.9928138210521831,1.0
254.29658855217912,0.9927724529742743,1.0
254.4723286778917,0.992730967468518,1.0
254.6481902546704,0.9926893645497793,1.0
254.82417336644798,0.9926476442329654,1.0
255.0002780972153,0.9926058065330245,1.0
255.17650453102118,0.9925638514649474,1.0
255.35285275197253,0.9925217790437657,1.0
255.52932284423449,0.9924795892845528,1.0
255.70591489203022,0.9924372822024241,1.0
255.88262897964117,0.992394857812536,1.0
256.059465191407,0.9923523161300871,1.0
256.23642361172574,0.9923096571703172,1.0
256.4135043250537,0.9922668809485076,1.0
256.59070741590534,0.9922239874799814,1.0
256.76803296885396,0.9921809767801033,1.0
256.9454810685309,0.9921378488642794,1.0
257.12305179962624,0.9920946037479572,1.0
257.30074524688854,0.9920512414466262,1.0
257.4785614951248,0.9920077619758166,1.0
257.65650062920076,0.9919641653511012,1.0
257.8345627340408,0.9919204515880934,1.0
258.0127478946279,0.9918766207024484,1.0
258.19105619600396,0.991832672709863,1.0
258.36948772326934,0.9917886076260751,1.0
258.5480425615838,0.9917444254668647,1.0
258.72672079616495,0.9917001262480527,1.0
258.9055225122902,0.9916557099855016,1.0
259.08444779529555,0.9916111766951152,1.0
259.26349673057604,0.9915665263928393,1.0
259.4426694035856,0.9915217590946602,1.0
259.62196589983745,0.9914768748166065,1.0
259.80138630490364,0.9914318735747475,1.0
259.9809307044156,0.9913867553851944,1.0
260.1605991840639,0.9913415202640993,1.0
260.34039182959793,0.9912961682276561,1.0
260.52030872682684,0.9912506992920999,1.0
260.7003499616188,0.9912051134737069,1.0
260.88051561990164,0.9911594107887952,1.0
261.06080578766216,0.9911135912537237,1.0
261.2412205509469,0.9910676548848927,1.0
261.4217599958617,0.9910216016987441,1.0
261.6024242085719,0.9909754317117608,1.0
261.78321327530256,0.9909291449404672,1.0
261.9641272823381,0.990882741401429,1.0
262.14516631602277,0.9908362211112527,1.0
262.32633046276027,0.9907895840865867,1.0
262.5076198090143,0.9907428303441201,1.0
262.689034441308,0.9906959599005838,1.0
262.8705744462246,0.9906489727727495,1.0
263.05223991040697,0.9906018689774302,1.0
263.23403092055787,0.9905546485314802,1.0
263.4159475634401,0.9905073114517949,1.0
263.5979899258763,0.9904598577553111,1.0
263.7801580947491,0.9904122874590066,1.0
263.96245215700134,0.9903646005799001,1.0
264.14487219963576,0.990316797135052,1.0
264.3274183097153,0.9902688771415638,1.0
264.51009057436306,0.9902208406165774,1.0
264.6928890807627,0.9901726875772768,1.0
264.87581391615714,0.9901244180408866,1.0
265.05886516785057,0.9900760320246725,1.0
265.24204292320724,0.9900275295459415,1.0
265.4253472696516,0.9899789106220416,1.0
265.6087782946687,0.9899301752703618,1.0
265.7923360858039,0.989881323508332,1.0
265.9760207306633,0.9898323553534237,1.0
266.1598323169136,0.989783270823149,1.0
266.3437709322813,0.9897340699350611,1.0
266.5278366645544,0.9896847527067544,1.0
266.7120296015812,0.9896353191558641,1.0
266.8963498312709,0.9895857693000666,1.0
267.0807974415933,0.9895361031570791,1.0
267.2653725205789,0.9894863207446599,1.0
267.4500751563194,0.9894364220806082,1.0
267.6349054369669,0.9893864071827644,1.0
267.81986345073483,0.9893362760690094,1.0
268.00494928589734,0.9892860287572656,1.0
268.19016303078973,0.9892356652654957,1.0
268.3755047738082,0.9891851856117038,1.0
268.5609746034101,0.9891345898139348,1.0
268.74657260811404,0.9890838778902743,1.0
268.9322988764996,0.9890330498588492,1.0
269.11815349720774,0.9889821057378267,1.0
269.3041365589405,0.9889310455454156,1.0
269.4902481504614,0.9888798692998647,1.0
269.6764883605953,0.9888285770194642,1.0
269.8628572782282,0.9887771687225452,1.0
270.0493549923079,0.9887256444274792,1.0
270.2359815918433,0.9886740041526789,1.0
270.42273716590506,0.9886222479165976,1.0
270.6096218036254,0.9885703757377294,1.0
270.79663559419816,0.9885183876346091,1.0
270.9837786268783,0.9884662836258126,1.0
271.17105099098313,0.9884140637299561,1.0
271.35845277589146,0.988361727965697,1.0
271.5459840710438,0.988309276351733,1.0
271.73364496594246,0.988256708906803,1.0
271.92143555015184,0.988204025649686,1.0
272.10935591329786,0.9881512265992023,1.0
272.29740614506903,0.9880983117742124,1.0
272.4855863352147,0.9880452811936178,1.0
272.67389657354727,0.9879921348763607,1.0
272.8623369499408,0.9879388728414237,1.0
273.0509075543317,0.9878854951078302,1.0
273.23960847671816,0.9878320016946441,1.0
273.4284398071609,0.9877783926209702,1.0
273.6174016357827,0.9877246679059536,1.0
273.8064940527687,0.9876708275687802,1.0
273.99571714836634,0.9876168716286764,1.0
274.1850710128854,0.987562800104909,1.0
274.374555736698,0.9875086130167859,1.0
274.56417141023906,0.9874543103836549,1.0
274.75391812400557,0.9873998922249049,1.0
274.94379596855725,0.9873453585599649,1.0
275.13380503451646,0.9872907094083045,1.0
275.3239454125681,0.9872359447894341,1.0
275.51421719345973,0.9871810647229043,1.0
275.7046204680017,0.9871260692283064,1.0
275.895155327067,0.9870709583252719,1.0
276.0858218615916,0.9870157320334729,1.0
276.2766201625742,0.9869603903726221,1.0
276.4675503210763,0.9869049333624722,1.0
276.65861242822257,0.986849361022817,1.0
276.8498065752004,0.98679367337349,1.0
277.0411328532606,0.9867378704343656,1.0
277.23259135371626,0.9866819522253583,1.0
277.4241821679443,0.9866259187664232,1.0
277.6159053873846,0.9865697700775556,1.0
277.80776110354014,0.9865135061787913,1.0
277.9997494079773,0.9864571270902063,1.0
278.1918703923254,0.9864006328319168,1.0
278.3841241482775,0.9863440234240798,1.0
278.57651076758987,0.986287298886892,1.0
278.76903034208226,0.9862304592405909,1.0
278.9616829636374,0.9861735045054542,1.0
279.154468724202,0.9861164347017993,1.0
279.34738771578634,0.9860592498499848,1.0
279.5404400304641,0.9860019499704088,1.0
279.73362576037266,0.9859445350835099,1.0
279.926944997713,0.9858870052097668,1.0
280.12039783474995,0.9858293603696987,1.0
280.31398436381204,0.9857716005838648,1.0
280.50770467729154,0.9857137258728643,1.0
280.7015588676446,0.9856557362573369,1.0
280.8955470273914,0.9855976317579624,1.0
281.08966924911584,0.9855394123954606,1.0
281.283925625466,0.9854810781905914,1.0
281.4783162491538,0.985422629164155,1.0
281.67284121295546,0.9853640653369917,1.0
281.8675006097111,0.9853053867299819,1.0
282.06229453232515,0.9852465933640457,1.0
282.2572230737661,0.985187685260144,1.0
282.4522863270669,0.9851286624392771,1.0
282.6474843853245,0.9850695249224857,1.0
282.8428173417005,0.9850102727308504,1.0
283.0382852894206,0.9849509058854918,1.0
283.2338883217753,0.9848914244075708,1.0
283.429626532119,0.9848318283182879,1.0
283.62550001387154,0.9847721176388836,1.0
283.821508860516,0.9847122923906388,1.0
284.01765316560113,0.9846523525948742,1.0
284.21393302274,0.9845922982729499,1.0
284.4103485256103,0.9845321294462668,1.0
284.6068997679546,0.984471846136265,1.0
284.8035868435802,0.984411448364425,1.0
285.00040984635916,0.9843509361522669,1.0
285.1973688702288,0.9842903095213507,1.0
285.39446400919036,0.9842295684932766,1.0
285.5916953573111,0.9841687130896842,1.0
285.78906300872285,0.9841077433322534,1.0
285.98656705762255,0.9840466592427034,1.0
286.1842075982722,0.9839854608427937,1.0
286.38198472499903,0.9839241481543234,1.0
286.57989853219533,0.9838627211991313,1.0
286.7779491143187,0.9838011799990962,1.0
286.97613656589203,0.9837395245761367,1.0
287.1744609815035,0.9836777549522107,1.0
287.3729224558067,0.9836158711493163,1.0
287.57152108352057,0.9835538731894913,1.0
287.7702569594295,0.983491761094813,1.0
287.9691301783835,0.9834295348873985,1.0
288.16814083529806,0.9833671945894046,1.0
288.3672890251542,0.9833047402230277,1.0
288.56657484299865,0.9832421718105041,1.0
288.76599838394384,0.9831794893741096,1.0
288.9655597431679,0.9831166929361594,1.0
289.1652590159147,0.9830537825190088,1.0
289.3650962974941,0.9829907581450522,1.0
289.56507168328153,0.982927619836724,1.0
289.76518526871865,0.9828643676164981,1.0
289.96543714931283,0.9828010015068878,1.0
290.1658274206378,0.9827375215304459,1.0
290.36635617833264,0.9826739277097652,1.0
290.5670235181032,0.9826102200674778,1.0
290.7678295357212,0.9825463986262549,1.0
290.96877432702456,0.9824824634088078,1.0
291.16985798791757,0.9824184144378871,1.0
291.37108061437056,0.9823542517362827,1.0
291.5724423024204,0.9822899753268239,1.0
291.77394314817053,0.9822255852323799,1.0
291.97558324778987,0.982161081475859,1.0
292.17736269751475,0.9820964640802091,1.0
292.3792815936477,0.9820317330684173,1.0
292.5813400325578,0.9819668884635102,1.0
292.7835381106808,0.9819019302885538,1.0
292.98587592451895,0.9818368585666533,1.0
293.18835357064125,0.9817716733209536,1.0
293.3909711456836,0.9817063745746386,1.0
293.59372874634835,0.9816409623509318,1.0
293.796626469405,0.9815754366730959,1.0
293.99966441168976,0.9815097975644326,1.0
294.2028426701058,0.9814440450482834,1.0
294.4061613416232,0.9813781791480288,1.0
294.6096205232792,0.9813121998870886,1.0
294.813220312178,0.9812461072889218,1.0
295.01696080549084,0.9811799013770267,1.0
295.22084210045625,0.9811135821749407,1.0
295.42486429437986,0.9810471497062405,1.0
295.6290274846346,0.9809806039945421,1.0
295.83333176866074,0.9809139450635005,1.0
296.03777724396576,0.9808471729368097,1.0
296.24236400812464,0.9807802876382032,1.0
296.44709215877975,0.9807132891914536,1.0
296.65196179364085,0.9806461776203723,1.0
296.8569730104857,0.98057895294881,1.0
297.06212590715865,0.9805116152006568,1.0
297.2674205815725,0.9804441643998412,1.0
297.4728571317075,0.9803766005703313,1.0
297.6784356556116,0.980308923736134,1.0
297.8841562514005,0.9802411339212953,1.0
298.09001901725776,0.9801732311499004,1.0
298.29602405143464,0.9801052154460731,1.0
298.5021714522505,0.9800370868339766,1.0
298.70846131809276,0.9799688453378127,1.0
298.91489374741604,0.9799004909818225,1.0
299.12146883874397,0.9798320237902859,1.0
299.32818669066774,0.9797634437875218,1.0
299.5350474018469,0.9796947509978877,1.0
299.7420510710091,0.9796259454457806,1.0
299.94919779695016,0.9795570271556358,1.0
300.1564876785343,0.9794879961519277,1.0
300.36392081469387,0.9794188524591697,1.0
300.5714973044299,0.979349596101914,1.0
300.7792172468115,0.9792802271047514,1.0
300.98708074097647,0.9792107454923117,1.0
301.19508788613103,0.9791411512892635,1.0
301.40323878155,0.9790714445203141,1.0
301.61153352657675,0.9790016252102098,1.0
301.8199722206234,0.9789316933837354,1.0
302.0285549631706,0.9788616490657146,1.0
302.237281853768,0.9787914922810096,1.0
302.44615299203383,0.9787212230545216,1.0
302.6551684776553,0.9786508414111904,1.0
302.8643284103884,0.9785803473759945,1.0
303.0736328900581,0.9785097409739509,1.0
303.2830820165584,0.9784390222301155,1.0
303.49267588985236,0.9783681911695827,1.0
303.70241460997204,0.9782972478174855,1.0
303.912298277019,0.9782261921989956,1.0
304.12232699116294,0.9781550243393234,1.0
304.3325008526438,0.9780837442637176,1.0
304.5428199617706,0.9780123519974657,1.0
304.75328441892145,0.9779408475658935,1.0
304.96389432454396,0.9778692309943657,1.0
305.1746497791552,0.9777975023082852,1.0
305.3855508833416,0.9777256615330936,1.0
305.5965977377594,0.9776537086942707,1.0
305.8077904431336,0.9775816438173353,1.0
306.0191291002597,0.9775094669278441,1.0
306.2306138100025,0.9774371780513927,1.0
306.4422446732965,0.9773647772136148,1.0
306.65402179114596,0.9772922644401828,1.0
306.865945264625,0.9772196397568071,1.0
307.07801519487754,0.9771469031892369,1.0
307.2902316831174,0.9770740547632596,1.0
307.50259483062837,0.9770010945047009,1.0
307.7151047387642,0.9769280224394248,1.0
307.9277615089487,0.9768548385933339,1.0
308.14056524267585,0.9767815429923689,1.0
308.35351604150964,0.9767081356625086,1.0
308.56661400708435,0.9766346166297706,1.0
308.7798592411044,0.9765609859202102,1.0
308.9932518453446,0.9764872435599214,1.0
309.20679192165005,0.9764133895750363,1.0
309.42047957193614,0.9763394239917249,1.0
309.63431489818896,0.9762653468361958,1.0
309.84829800246473,0.9761911581346956,1.0
310.06242898689044,0.9761168579135092,1.0
310.2767079536636,0.9760424461989595,1.0
310.4911350050524,0.9759679230174076,1.0
310.7057102433956,0.9758932883952528,1.0
310.9204337711029,0.9758185423589322,1.0
311.1353056906542,0.9757436849349215,1.0
311.3503261046008,0.9756687161497342,1.0
311.5654951155647,0.9755936360299218,1.0
311.78081282623896,0.9755184446020738,1.0
311.9962793393873,0.975443141892818,1.0
312.2118947578447,0.9753677279288201,1.0
312.42765918451704,0.9752922027367835,1.0
312.6435727223819,0.97521656634345,1.0
312.85963547448677,0.9751408187755992,1.0
313.07584754395145,0.9750649600600487,1.0
313.29220903396674,0.974988990223654,1.0
313.5087200477946,0.9749129092933084,1.0
313.7253806887685,0.9748367172959433,1.0
313.9421910602933,0.9747604142585279,1.0
314.15915126584514,0.9746840002080691,1.0
314.3762614089719,0.9746074751716122,1.0
314.593521593293,0.9745308391762395,1.0
314.8109319224993,0.9744540922490719,1.0
315.0284925003535,0.9743772344172678,1.0
315.24620343068983,0.9743002657080232,1.0
315.4640648174145,0.9742231861485722,1.0
315.6820767645053,0.9741459957661864,1.0
315.9002393760121,0.9740686945881755,1.0
316.11855275605643,0.9739912826418865,1.0
316.33701700883205,0.9739137599547044,1.0
316.55563223860446,0.9738361265540518,1.0
316.7743985497114,0.9737583824673889,1.0
316.99331604656265,0.9736805277222137,1.0
317.21238483364016,0.9736025623460618,1.0
317.43160501549806,0.9735244863665065,1.0
317.65097669676277,0.9734462998111584,1.0
317.87049998213297,0.9733680027076661,1.0
318.0901749763801,0.9732895950837155,1.0
318.310001784347,0.9732110769670304,1.0
318.5299805109498,0.9731324483853717,1.0
318.7501112611771,0.9730537093665382,1.0
318.97039414008975,0.9729748599383661,1.0
319.1908292528214,0.9728959001287288,1.0
319.4114167045783,0.9728168299655379,1.0
319.63215660063935,0.9727376494767417,1.0
319.8530490463567,0.9726583586903262,1.0
320.07409414715414,0.9725789576343153,1.0
320.2952920085294,0.9724994463367697,1.0
320.51664273605275,0.9724198248257877,1.0
320.7381464353674,0.9723400931295051,1.0
320.9598032121897,0.9722602512760948,1.0
321.18161317230886,0.9721802992937675,1.0
321.40357642158733,0.9721002372107708,1.0
321.62569306596066,0.9720200650553897,1.0
321.84796321143773,0.9719397828559468,1.0
322.0703869641005,0.9718593906408017,1.0
322.29296443010435,0.9717788884383514,1.0
322.5156957156781,0.9716982762770298,1.0
322.7385809271237,0.9716175541853086,1.0
322.9616201708169,0.9715367221916964,1.0
323.1848135532067,0.971455780324739,1.0
323.4081611808159,0.9713747286130194,1.0
323.63166316024075,0.9712935670851579,1.0
323.8553195981512,0.9712122957698117,1.0
324.0791306012909,0.9711309146956754,1.0
324.30309627647733,0.9710494238914805,1.0
324.52721673060176,0.9709678233859959,1.0
324.75149207062935,0.9708861132080271,1.0
324.9759224035991,0.970804293386417,1.0
325.2005078366241,0.9707223639500457,1.0
325.42524847689174,0.9706403249278298,1.0
325.65014443166245,0.9705581763487235,1.0
325.8751958082719,0.9704759182417177,1.0
326.10040271412936,0.9703935506358403,1.0
326.3257652567187,0.9703110735601562,1.0
326.5512835435977,0.9702284870437672,1.0
326.7769576823988,0.970145791115812,1.0
327.0027877808285,0.9700629858054663,1.0
327.228773946668,0.9699800711419427,1.0
327.4549162877732,0.9698970471544907,1.0
327.6812149120735,0.9698139138723965,1.0
327.9076699275739,0.9697306713249833,1.0
328.13428144235394,0.969647319541611,1.0
328.3610495645675,0.9695638585516765,1.0
328.58797440244336,0.9694802883846134,1.0
328.81505606428516,0.9693966090698919,1.0
329.0422946584713,0.9693128206370193,1.0
329.26969029345514,0.9692289231155392,1.0
329.49724307776484,0.9691449165350324,1.0
329.7249531200038,0.9690608009251162,1.0
329.9528205288503,0.9689765763154443,1.0
330.18084541305774,0.9688922427357075,1.0
330.4090278814548,0.9688078002156332,1.0
330.6373680429452,0.9687232487849852,1.0
330.865866006508,0.9686385884735639,1.0
331.09452188119764,0.9685538193112068,1.0
331.32333577614384,0.9684689413277873,1.0
331.5523078005517,0.9683839545532158,1.0
331.78143806370196,0.9682988590174392,1.0
332.01072667495066,0.9682136547504409,1.0
332.2401737437296,0.9681283417822406,1.0
332.46977937954614,0.9680429201428948,1.0
332.69954369198325,0.9679573898624964,1.0
332.92946679069973,0.9678717509711746,1.0
333.1595487854305,0.9677860034990952,1.0
333.3897897859852,0.9677001474764605,1.0
333.62018990225044,0.9676141829335089,1.0
333.8507492441885,0.9675281099005155,1.0
334.0814679218375,0.9674419284077918,1.0
334.31234604531176,0.9673556384856851,1.0
334.5433837248016,0.9672692401645797,1.0
334.77458107057345,0.967182733474896,1.0
335.00593819297046,0.9670961184470904,1.0
335.2374552024109,0.9670093951116562,1.0
335.4691322093903,0.9669225634991223,1.0
335.7009693244803,0.9668356236400544,1.0
335.93296665832895,0.966748575565054,1.0
336.1651243216608,0.966661419304759,1.0
336.3974424252769,0.9665741548898436,1.0
336.62992108005477,0.9664867823510178,1.0
336.86256039694865,0.9663993017190283,1.0
337.0953604869895,0.9663117130246575,1.0
337.3283214612849,0.9662240162987241,1.0
337.5614434310193,0.9661362115720828,1.0
337.79472650745396,0.9660482988756246,1.0
338.028170801927,0.9659602782402764,1.0
338.26177642585355,0.9658721496970011,1.0
338.4955434907257,0.9657839132767977,1.0
338.7294721081126,0.9656955690107012,1.0
338.96356238966047,0.9656071169297826,1.0
339.1978144470927,0.965518557065149,1.0
339.4322283922099,0.9654298894479433,1.0
339.66680433689,0.9653411141093442,1.0
339.9015423930881,0.9652522310805668,1.0
340.1364426728369,0.9651632403928615,1.0
340.3715052882463,0.9650741420775151,1.0
340.6067303515037,0.9649849361658498,1.0
340.84211797487455,0.964895622689224,1.0
341.0776682707007,0.9648062016790321,1.0
341.31338135140277,0.9647166731667038,1.0
341.54925732947856,0.9646270371837048,1.0
341.78529631750376,0.9645372937615367,1.0
342.0214984281319,0.9644474429317367,1.0
342.2578637740942,0.9643574847258778,1.0
342.49439246819986,0.9642674191755687,1.0
342.7310846233365,0.9641772463124536,1.0
342.96794035246853,0.964086966168213,1.0
343.2049597686396,0.9639965787745626,1.0
343.44214298497104,0.9639060841632535,1.0
343.6794901146625,0.963815482366073,1.0
343.91700127099165,0.9637247734148435,1.0
344.1546765673146,0.9636339573414234,1.0
344.39251611706584,0.9635430341777065,1.0
344.63052003375805,0.963452003955622,1.0
344.8686884309825,0.9633608667071348,1.0
345.107021422409,0.9632696224642455,1.0
345.34551912178586,0.9631782712589897,1.0
345.58418164293994,0.9630868131234389,1.0
345.8230090997768,0.9629952480896999,1.0
346.0620016062808,0.962903576189915,1.0
346.30115927651497,0.9628117974562617,1.0
346.5404822246212,0.9627199119209532,1.0
346.7799705648203,0.962627919616238,1.0
347.019624411412,0.9625358205743998,1.0
347.2594438787749,0.9624436148277579,1.0
347.4994290813669,0.9623513024086667,1.0
347.7395801337247,0.962258883349516,1.0
347.9798971504644,0.962166357682731,1.0
348.2203802462812,0.9620737254407717,1.0
348.46102953594954,0.9619809866561342,1.0
348.7018451343236,0.9618881413613488,1.0
348.94282715633585,0.961795189588982,1.0
349.1839757169992,0.961702131371635,1.0
349.42529093140575,0.961608966741944,1.0
349.6667729147272,0.9615156957325806,1.0
349.9084217822146,0.9614223183762516,1.0
350.1502376491989,0.9613288347056987,1.0
350.39222063109065,0.9612352447536989,1.0
350.6343708433802,0.9611415485530642,1.0
350.8766884016381,0.9610477461366416,1.0
351.11917342151344,0.9609538375373131,1.0
351.3618260187367,0.9608598227879961,1.0
351.6046463091177,0.9607657019216426,1.0
351.8476344085464,0.9606714749712395,1.0
352.09079043299283,0.960577141969809,1.0
352.3341144985071,0.9604827029504082,1.0
352.57760672121975,0.9603881579461288,1.0
352.82126721734124,0.9602935069900979,1.0
353.0650961031626,0.9601987501154768,1.0
353.3090934950551,0.9601038873554626,1.0
353.55325950947054,0.9600089187432864,1.0
353.797594262941,0.9599138443122146,1.0
354.0420978720794,0.9598186640955482,1.0
354.2867704535789,0.959723378126623,1.0
354.5316121242136,0.9596279864388096,1.0
354.77662300083813,0.9595324890655136,1.0
355.0218032003879,0.9594368860401749,1.0
355.26715283987926,0.9593411773962683,1.0
355.5126720364092,0.9592453631673035,1.0
355.75836090715575,0.9591494433868245,1.0
356.00421956937805,0.9590534180884102,1.0
356.25024814041603,0.9589572873056739,1.0
356.496446737691,0.9588610510722639,1.0
356.74281547870504,0.9587647094218628,1.0
356.98935448104214,0.9586682623881876,1.0
357.2360638623663,0.9585717100049905,1.0
357.48294374042393,0.9584750523060577,1.0
357.72999423304253,0.9583782893252099,1.0
357.977215458131,0.9582814210963024,1.0
358.2246075336796,0.9581844476532253,1.0
358.47217057776027,0.9580873690299027,1.0
358.71990470852654,0.9579901852602931,1.0
358.9678100442139,0.9578928963783898,1.0
359.2158867031385,0.9577955024182205,1.0
359.46413480369927,0.9576980034138469,1.0
359.71255446437675,0.9576003993993653,1.0
359.9611458037332,0.9575026904089061,1.0
360.2099089404129,0.9574048764766345,1.0
360.4588439931422,0.9573069576367496,1.0
360.7079510807293,0.9572089339234846,1.0
360.9572303220647,0.9571108053711076,1.0
361.2066818361208,0.9570125720139204,1.0
361.4563057419527,0.9569142338862592,1.0
361.7061021586972,0.9568157910224944,1.0
361.9560712055739,0.9567172434570305,1.0
362.2062130018845,0.9566185912243063,1.0
362.4565276670133,0.9565198343587945,1.0
362.70701532042705,0.9564209728950023,1.0
362.957676081675,0.9563220068674705,1.0
363.20851007038914,0.9562229363107745,1.0
363.4595174062841,0.9561237612595233,1.0
363.7106982091571,0.9560244817483602,1.0
363.9620525988884,0.9559250978119624,1.0
364.213580695441,0.9558256094850414,1.0
364.46528261886067,0.955726016802342,1.0
364.71715848927636,0.9556263197986437,1.0
364.96920842689985,0.9555265185087595,1.0
365.2214325520265,0.9554266129675362,1.0
365.4738309850336,0.9553266032098552,1.0
365.7264038463828,0.9552264892706309,1.0
365.97915125661865,0.9551262711848122,1.0
366.23207333636896,0.9550259489873815,1.0
366.4851702063449,0.9549255227133551,1.0
366.7384419873411,0.954824992397783,1.0
366.9918888002356,0.9547243580757491,1.0
367.2455107659904,0.9546236197823709,1.0
367.49930800565,0.9545227775528,1.0
367.75328064034363,0.9544218314222214,1.0
368.0074287912839,0.9543207814258537,1.0
368.2617525797671,0.9542196275989495,1.0
368.51625212717346,0.9541183699767948,1.0
368.770927554967,0.9540170085947093,1.0
369.0257789846957,0.9539155434880462,1.0
369.2808065379916,0.9538139746921924,1.0
369.5360103365707,0.9537123022425685,1.0
369.7913905022333,0.9536105261746285,1.0
370.0469471568636,0.9535086465238599,1.0
370.3026804224302,0.9534066633257837,1.0
370.5585904209861,0.9533045766159545,1.0
370.8146772746684,0.9532023864299602,1.0
371.0709411056987,0.9531000928034223,1.0
371.32738203638314,0.9529976957719957,1.0
371.5840001891124,0.9528951953713686,1.0
371.8407956863615,0.9527925916372626,1.0
372.09776865069045,0.9526898846054328,1.0
372.3549192047437,0.9525870743116676,1.0
372.61224747125056,0.9524841607917885,1.0
372.86975357302515,0.9523811440816506,1.0
373.12743763296646,0.9522780242171421,1.0
373.38529977405835,0.9521748012341845,1.0
373.6433401193702,0.9520714751687324,1.0
373.9015587920551,0.951968046056774,1.0
374.1599559153526,0.9518645139343304,1.0
374.4185316125869,0.9517608788374557,1.0
374.6772860071674,0.9516571408022377,1.0
374.936219222589,0.9515532998647969,1.0
375.1953313824317,0.9514493560612869,1.0
375.45462261036096,0.9513453094278945,1.0
375.71409303012786,0.9512411600008398,1.0
375.97374276556917,0.9511369078163753,1.0
376.2335719406062,0.9510325529107875,1.0
376.49358067924715,0.950928095320395,1.0
376.75376910558526,0.9508235350815498,1.0
377.01413734379986,0.9507188722306369,1.0
377.2746855181558,0.9506141068040741,1.0
377.53541375300404,0.9505092388383122,1.0
377.79632217278134,0.9504042683698348,1.0
378.05741090201053,0.9502991954351585,1.0
378.3186800653004,0.9501940200708326,1.0
378.5801297873459,0.9500887423134396,1.0
378.8417601929283,0.9499833621995943,1.0
379.1035714069148,0.9498778797659447,1.0
379.3655635542592,0.9497722950491715,1.0
379.62773676000154,0.9496666080859879,1.0
379.89009114926813,0.94956081891314,1.0
380.15262684727196,0.9494549275674069,1.0
380.4153439793124,0.9493489340855998,1.0
380.6782426707756,0.9492428385045631,1.0
380.9413230471342,0.9491366408611736,1.0
381.20458523394757,0.9490303411923405,1.0
381.46802935686185,0.9489239395350062,1.0
381.7316555416101,0.9488174359261451,1.0
381.9954639140122,0.9487108304027645,1.0
382.259454599975,0.948604123001904,1.0
382.52362772549276,0.9484973137606358,1.0
382.78798341664555,0.9483904027160651,1.0
383.0525217996019,0.9482833899053287,1.0
383.31724300061705,0.9481762753655965,1.0
383.5821471460335,0.9480690591340704,1.0
383.84723436228103,0.9479617412479849,1.0
384.1125047758769,0.9478543217446072,1.0
384.3779585134257,0.9477468006612363,1.0
384.64359570162,0.9476391780352037,1.0
384.9094164672386,0.9475314539038737,1.0
385.1754209371493,0.9474236283046424,1.0
385.4416092383069,0.9473157012749384,1.0
385.7079814977543,0.9472076728522222,1.0
385.9745378426219,0.9470995430739871,1.0
386.241278400128,0.9469913119777581,1.0
386.50820329757903,0.9468829796010929,1.0
386.7753126623691,0.9467745459815808,1.0
387.04260662198067,0.9466660111568438,1.0
387.31008530398395,0.9465573751645356,1.0
387.57774883603764,0.9464486380423422,1.0
387.84559734588845,0.9463397998279818,1.0
388.1136309613715,0.9462308605592045,1.0
388.38184981041013,0.9461218202737923,1.0
388.6502540210162,0.9460126790095595,1.0
388.91884372129,0.9459034368043524,1.0
389.1876190394203,0.945794093696049,1.0
389.45658010368464,0.9456846497225595,1.0
389.7257270424489,0.945575104921826,1.0
389.99505998416794,0.9454654593318222,1.0
390.2645790573852,0.9453557129905543,1.0
390.5342843907332,0.94524586593606,1.0
390.8041761129331,0.9451359182064085,1.0
391.0742543527951,0.9450258698397015,1.0
391.3445192392189,0.9449157208740719,1.0
391.61497090119207,0.944805471347685,1.0
391.88560946779234,0.9446951212987375,1.0
392.15643506818645,0.9445846707654576,1.0
392.4274478316304,0.9444741197861055,1.0
392.6986478874693,0.9443634683989733,1.0
392.9700353651379,0.9442527166423843,1.0
393.24161039416026,0.9441418645546937,1.0
393.51337310415045,0.9440309121742883,1.0
393.78532362481076,0.9439198595395866,1.0
394.05746208593445,0.9438087066890385,1.0
394.32978861740406,0.9436974536611255,1.0
394.6023033491918,0.9435861004943608,1.0
394.87500641135983,0.9434746472272887,1.0
395.14789793406015,0.9433630938984855,1.0
395.42097804753456,0.9432514405465587,1.0
395.6942468821152,0.9431396872101473,1.0
395.96770456822384,0.9430278339279216,1.0
396.2413512363728,0.9429158807385836,1.0
396.5151870171643,0.9428038276808662,1.0
396.78921204129097,0.9426916747935342,1.0
397.06342643953576,0.9425794221153835,1.0
397.3378303427719,0.9424670696852411,1.0
397.61242388196314,0.9423546175419655,1.0
397.88720718816376,0.9422420657244467,1.0
398.1621803925185,0.9421294142716053,1.0
398.43734362626293,0.942016663222394,1.0
398.712697020723,0.9419038126157958,1.0
398.98824070731575,0.9417908624908256,1.0
399.26397481754884,0.9416778128865289,1.0
399.5398994830209,0.9415646638419828,1.0
399.81601483542147,0.9414514153962951,1.0
400.09232100653105,0.941338067588605,1.0
400.36881812822173,0.9412246204580825,1.0
400.6455063324554,0.9411110740439291,1.0
400.92238575128647,0.9409974283853769,1.0
401.1994565168601,0.9408836835216889,1.0
401.4767187614129,0.9407698394921596,1.0
401.75417261727273,0.9406558963361139,1.0
402.03181821685905,0.940541854092908,1.0
402.3096556926826,0.9404277128019288,1.0
402.58768517734643,0.940313472502594,1.0
402.8659068035437,0.9401991332343527,1.0
403.14432070406065,0.9400846950366842,1.0
403.4229270117749,0.9399701579490991,1.0
403.70172585965577,0.9398555220111383,1.0
403.98071738076464,0.939740787262374,1.0
404.2599017082547,0.9396259537424086,1.0
404.53927897537125,0.9395110214908757,1.0
404.81884931545164,0.9393959905474395,1.0
405.09861286192535,0.9392808609517946,1.0
405.3785697483141,0.9391656327436666,1.0
405.6587201082319,0.9390503059628116,1.0
405.939064075385,0.9389348806490162,1.0
406.2196017835722,0.9388193568420977,1.0
406.50033336668474,0.938703734581904,1.0
406.78125895870625,0.9385880139083136,1.0
407.0623786937131,0.9384721948612352,1.0
407.34369270587416,0.9383562774806085,1.0
407.6252011294513,0.9382402618064032,1.0
407.90690409879886,0.9381241478786195,1.0
408.18880174836426,0.9380079357372886,1.0
408.4708942126877,0.9378916254224713,1.0
408.7531816264024,0.9377752169742593,1.0
409.0356641242347,0.9376587104327745,1.0
409.31834184100387,0.9375421058381692,1.0
409.60121491162295,0.9374254032306257,1.0
409.88428347109686,0.9373086026503573,1.0
410.1675476545251,0.9371917041376069,1.0
410.45100759710016,0.9370747077326479,1.0
410.73466343410786,0.9369576134757839,1.0
411.0185153009276,0.9368404214073486,1.0
411.3025633330323,0.936723131567706,1.0
411.58680766598854,0.9366057439972504,1.0
411.8712484354565,0.9364882587364057,1.0
412.15588577719063,0.9363706758256264,1.0
412.4407198270379,0.936252995305397,1.0
412.7257507209405,0.936135217216232,1.0
413.01097859493393,0.9360173415986759,1.0
413.2964035851479,0.9358993684933031,1.0
413.58202582780615,0.9357812979407184,1.0
413.86784545922654,0.935663129981556,1.0
414.15386261582114,0.9355448646564805,1.0
414.4400774340963,0.9354265020061862,1.0
414.7264900506527,0.9353080420713973,1.0
415.0131006021855,0.9351894848928679,1.0
415.29990922548416,0.9350708305113822,1.0
415.5869160574328,0.9349520789677538,1.0
415.87412123501014,0.9348332303028263,1.0
416.1615248952895,0.9347142845574731,1.0
416.449127175439,0.9345952417725972,1.0
416.73692821272147,0.9344761019891318,1.0
417.02492814449465,0.9343568652480392,1.0
417.31312710821123,0.9342375315903118,1.0
417.6015252414188,0.9341181010569714,1.0
417.89012268176015,0.9339985736890696,1.0
418.1789195669731,0.9338789495276875,1.0
418.4679160348906,0.933759228613936,1.0
418.75711222344097,0.9336394109889554,1.0
419.04650827064785,0.9335194966939155,1.0
419.3361043146306,0.9333994857700156,1.0
419.6259004936027,0.933279378258485,1.0
419.91589694587475,0.9331591742005817,1.0
420.20609380985206,0.9330388736375936,1.0
420.496491224036,0.9329184766108382,1.0
420.7870893270233,0.9327979831616616,1.0
421.07788825750674,0.9326773933314403,1.0
421.3688881542749,0.9325567071615795,1.0
421.6600891562125,0.9324359246935138,1.0
421.9514914022992,0.9323150459687074,1.0
422.2430950316119,0.9321940710286536,1.0
422.5349001833232,0.932072999914875,1.0
422.8269069967018,0.9319518326689232,1.0
423.11911561111276,0.9318305693323794,1.0
423.4115261660174,0.9317092099468538,1.0
423.70413880097334,0.9315877545539856,1.0
423.9969536556349,0.9314662031954435,1.0
424.2899708697526,0.931344555912925,1.0
424.58319058317375,0.9312228127481569,1.0
424.87661293584216,0.9311009737428949,1.0
425.1702380677985,0.930979038938924,1.0
425.46406611918013,0.9308570083780578,1.0
425.7580972302213,0.9307348821021395,1.0
426.0523315412531,0.9306126601530407,1.0
426.34676919270373,0.9304903425726623,1.0
426.64141032509826,0.9303679294029339,1.0
426.936255079059,0.9302454206858143,1.0
427.23130359530546,0.9301228164632908,1.0
427.5265560146543,0.9300001167773798,1.0
427.8220124780196,0.9298773216701266,1.0
428.11767312641274,0.9297544311836051,1.0
428.41353810094256,0.929631445359918,1.0
428.7096075428155,0.929508364241197,1.0
429.0058815933359,0.9293851878696021,1.0
429.3023603939046,0.9292619162873227,1.0
429.59904408602125,0.9291385495365762,1.0
429.8959328112831,0.9290150876596088,1.0
430.193026711385,0.9288915306986959,1.0
430.49032592812,0.9287678786961406,1.0
430.7878306033789,0.9286441316942754,1.0
431.08554087915064,0.928520289735461,1.0
431.3834568975228,0.9283963528620862,1.0
431.6815788006798,0.9282723211165697,1.0
431.97990673090555,0.928148194541357,1.0
432.2784408305819,0.9280239731789234,1.0
432.5771812421892,0.9278996570717718,1.0
432.87612810830615,0.9277752462624339,1.0
433.17528157160996,0.9276507407934698,1.0
433.47464177487655,0.9275261407074679,1.0
433.7742088609805,0.9274014460470448,1.0
434.0739829728949,0.9272766568548457,1.0
434.373964253692,0.927151773173544,1.0
434.67415284654277,0.9270267950458413,1.0
434.974548894717,0.9269017225144676,1.0
435.2751525415836,0.9267765556221809,1.0
435.5759639306107,0.9266512944117675,1.0
435.8769832053653,0.9265259389260421,1.0
436.1782105095138,0.9264004892078472,1.0
436.4796459868219,0.9262749453000537,1.0
436.78128978115444,0.9261493072455604,1.0
437.083142036476,0.9260235750872945,1.0
437.38520289685033,0.9258977488682109,1.0
437.68747250644105,0.9257718286312925,1.0
437.98995100951123,0.9256458144195507,1.0
438.2926385504236,0.9255197062760243,1.0
438.59553527364073,0.9253935042437805,1.0
438.8986413237255,0.9252672083659141,1.0
439.2019568453393,0.9251408186855482,1.0
439.50548198324486,0.9250143352458333,1.0
439.8092168823045,0.9248877580899483,1.0
440.1131616874806,0.9247610872610994,1.0
440.4173165438359,0.924634322802521,1.0
440.72168159653313,0.9245074647574751,1.0
441.0262569908356,0.9243805131692515,1.0
441.3310428721067,0.9242534680811677,1.0
441.63603938581105,0.9241263295365689,1.0
441.9412466775123,0.9239990975788284,1.0
442.24666489287597,0.9238717722513465,1.0
442.552294177668,0.9237443535975517,1.0
442.85813467775483,0.9236168416608996,1.0
443.16418653910387,0.9234892364848739,1.0
443.4704499077834,0.9233615381129855,1.0
443.77692492996255,0.9232337465887729,1.0
444.0836117519115,0.9231058619558024,1.0
444.39051052000167,0.9229778842576674,1.0
444.6976213807053,0.9228498135379889,1.0
445.0049444805962,0.9227216498404156,1.0
445.31247996634926,0.9225933932086232,1.0
445.62022798474084,0.9224650436863151,1.0
445.9281886826487,0.922336601317222,1.0
446.236362207052,0.9222080661451018,1.0
446.54474870503174,0.9220794382137398,1.0
446.8533483237703,0.9219507175669487,1.0
447.1621612105519,0.9218219042485685,1.0
447.4711875127625,0.9216929983024661,1.0
447.78042737789,0.9215639997725359,1.0
448.08988095352413,0.9214349087026995,1.0
448.3995483873566,0.9213057251369057,1.0
448.7094298271813,0.9211764491191301,1.0
449.0195254208942,0.9210470806933759,1.0
449.3298353164939,0.9209176199036729,1.0
449.64035966208,0.9207880667940787,1.0
449.9510986058557,0.920658421408677,1.0
450.2620522961262,0.9205286837915794,1.0
450.57322088129933,0.9203988539869238,1.0
450.88460450988526,0.9202689320388754,1.0
451.196203330497,0.9201389179916265,1.0
451.50801749185007,0.9200088118893959,1.0
451.8200471427633,0.9198786137764294,1.0
452.13229243215716,0.9197483236970003,1.0
452.4447535090561,0.9196179416954079,1.0
452.7574305225874,0.9194874678159787,1.0
453.0703236219811,0.9193569021030659,1.0
453.3834329565707,0.9192262446010495,1.0
453.69675867579264,0.9190954953543364,1.0
454.0103009291867,0.9189646544073601,1.0
454.3240598663961,0.9188337218045804,1.0
454.6380356371674,0.9187026975904846,1.0
454.95222839135056,0.918571581809586,1.0
455.2666382788993,0.9184403745064247,1.0
455.5812654498708,0.9183090757255673,1.0
455.89611005442606,0.9181776855116072,1.0
456.2111722428298,0.9180462039091641,1.0
456.52645216545045,0.9179146309628844,1.0
456.8419499727607,0.917782966717441,1.0
457.1576658153368,0.9176512112175329,1.0
457.4735998438595,0.9175193645078861,1.0
457.7897522091133,0.9173874266332526,1.0
458.10612306198715,0.917255397638411,1.0
458.4227125534742,0.9171232775681661,1.0
458.7395208346719,0.9169910664673492,1.0
459.05654805678216,0.9168587643808179,1.0
459.37379437111144,0.9167263713534559,1.0
459.6912599290711,0.9165938874301733,1.0
460.00894488217597,0.9164613126559067,1.0
460.32684938204665,0.9163286470756185,1.0
460.64497358040836,0.9161958907342974,1.0
460.963317629091,0.9160630436769583,1.0
461.2818816800296,0.9159301059486424,1.0
461.6006658852638,0.9157970775944168,1.0
461.9196703969387,0.9156639586593746,1.0
462.23889536730496,0.915530749188635,1.0
462.5583409487168,0.9153974492273438,1.0
462.87800729363533,0.9152640588206721,1.0
463.1978945546266,0.9151305780138171,1.0
463.518002884362,0.9149970068520024,1.0
463.8383324356183,0.9148633453804771,1.0
464.1588833612782,0.9147295936445162,1.0
464.47965581432976,0.9145957516894209,1.0
464.8006499478669,0.914461819560518,1.0
465.12186591508924,0.9143277973031602,1.0
465.4433038693023,0.9141936849627259,1.0
465.76496396391775,0.9140594825846198,1.0
466.086846352453,0.9139251902142715,1.0
466.40895118853166,0.9137908078971371,1.0
466.73127862588353,0.9136563356786979,1.0
467.05382881834464,0.9135217736044611,1.0
467.37660191985736,0.9133871217199596,1.0
467.6995980844703,0.9132523800707518,1.0
468.0228174663388,0.9131175487024217,1.0
468.3462602197244,0.9129826276605789,1.0
468.6699264989956,0.9128476169908588,1.0
468.9938164586273,0.9127125167389218,1.0
469.31793025320127,0.9125773269504542,1.0
469.6422680374061,0.9124420476711678,1.0
469.9668299660374,0.9123066789467996,1.0
470.2916161939979,0.9121712208231119,1.0
470.6166268762963,0.9120356733458931,1.0
470.9418621680498,0.9119000365609562,1.0
471.2673222244821,0.91176431051414,1.0
471.5930072009244,0.9116284952513084,1.0
471.91891725281505,0.9114925908183505,1.0
472.24505253570004,0.9113565972611811,1.0
472.5714132052328,0.9112205146257399,1.0
472.8979994171741,0.9110843429579918,1.0
473.2248113273932,0.9109480823039268,1.0
473.5518490918653,0.9108117327095605,1.0
473.8791128666751,0.9106752942209334,1.0
474.20660280801445,0.9105387668841111,1.0
474.53431907218334,0.9104021507451839,1.0
474.8622618155897,0.910265445850268,1.0
475.1904311947496,0.9101286522455039,1.0
475.5188273662871,0.9099917699770573,1.0
475.8474504869347,0.9098547990911192,1.0
476.17630071353307,0.9097177396339052,1.0
476.50537820303146,0.909580591651656,1.0
476.83468311248737,0.9094433551906369,1.0
477.164215599067,0.9093060302971386,1.0
477.493975820045,0.9091686170174763,1.0
477.82396393280493,0.9090311153979901,1.0
478.1541800948389,0.9088935254850449,1.0
478.48462446374805,0.9087558473250302,1.0
478.8152971972423,0.9086180809643608,1.0
479.14619845314047,0.9084802264494756,1.0
479.47732838937077,0.9083422838268386,1.0
479.80868716397026,0.9082042531429381,1.0
480.14027493508536,0.9080661344442874,1.0
480.4720918609717,0.9079279277774243,1.0
480.80413809999436,0.907789633188911,1.0
481.13641381062774,0.9076512507253348,1.0
481.4689191514564,0.9075127804333066,1.0
481.80165428117294,0.907374222359463,1.0
482.13461935858106,0.9072355765504643,1.0
482.4678145425939,0.9070968430529953,1.0
482.8012399922341,0.9069580219137654,1.0
483.13489586663457,0.9068191131795086,1.0
483.4687823250379,0.9066801168969828,1.0
483.8028995267969,0.9065410331129706,1.0
484.137247631375,0.9064018618742788,1.0
484.47182679834407,0.9062626032277389,1.0
484.8066371873882,0.906123257220206,1.0
485.14167895830104,0.90598382389856,1.0
485.47695227098666,0.9058443033097047,1.0
485.8124572854598,0.9057046955005682,1.0
486.14819416184565,0.9055650005181028,1.0
486.4841630603801,0.905425218409285,1.0
486.82036414140987,0.9052853492211155,1.0
487.1567975653923,0.9051453930006186,1.0
487.4934634928957,0.9050053497948434,1.0
487.8303620845995,0.9048652196508623,1.0
488.16749350129396,0.9047250026157724,1.0
488.5048579038806,0.9045846987366942,1.0
488.842455453372,0.9044443080607727,1.0
489.1802863108921,0.9043038306351764,1.0
489.51835063767624,0.904163266507098,1.0
489.8566485950711,0.9040226157237539,1.0
490.1951803445349,0.9038818783323843,1.0
490.5339460476374,0.9037410543802535,1.0
490.87294586606015,0.9036001439146495,1.0
491.21217996159623,0.9034591469828839,1.0
491.5516484961507,0.9033180636322923,1.0
491.8913516317404,0.9031768939102338,1.0
492.2312895304942,0.9030356378640915,1.0
492.5714623546536,0.9028942955412717,1.0
492.9118702665705,0.9027528669892049,1.0
493.25251342871064,0.9026113522553448,1.0
493.5933920036516,0.9024697513871691,1.0
493.9345061540832,0.9023280644321785,1.0
494.2758560428077,0.9021862914378977,1.0
494.61744183273987,0.9020444324518748,1.0
494.95926368690715,0.9019024875216812,1.0
495.3013217684501,0.9017604566949119,1.0
495.64361624062053,0.9016183400191856,1.0
495.9861472667845,0.9014761375421441,1.0
496.3289150104205,0.9013338493114524,1.0
496.67191963512005,0.9011914753747994,1.0
497.01516130458776,0.9010490157798968,1.0
497.35864018264124,0.9009064705744799,1.0
497.7023564332114,0.9007638398063073,1.0
498.04631022034243,0.9006211235231605,1.0
498.3905017081919,0.9004783217728445,1.0
498.73493106103075,0.9003354346031877,1.0
499.0795984432435,0.9001924620620413,1.0
499.42450401932837,0.9000494041972796,1.0
499.7696479538971,0.8999062610568005,1.0
500.11503041167526,0.8997630326885244,1.0
500.4606515575023,0.8996197191403953,1.0
500.80651155633143,0.8994763204603796,1.0
501.1526105732301,0.8993328366964675,1.0
501.49894877337965,0.8991892678966714,1.0
501.8455263220756,0.8990456141090273,1.0
502.19234338472785,0.8989018753815936,1.0
502.53940012686036,0.898758051762452,1.0
502.8866967141116,0.8986141432997069,1.0
503.2342333122347,0.8984701500414856,1.0
503.58201008709705,0.898326072035938,1.0
503.93002720468127,0.8981819093312369,1.0
504.2782848310832,0.8980376619755783,1.0
504.6267831325151,0.8978933300171806,1.0
504.97552227530326,0.8977489135042848,1.0
505.32450242588925,0.8976044124851544,1.0
505.6737237508295,0.8974598270080762,1.0
506.02318641679557,0.8973151571213592,1.0
506.37289059057423,0.8971704028733352,1.0
506.722836439068,0.8970255643123579,1.0
507.07302412929323,0.8968806414868049,1.0
507.4234538283832,0.8967356344450751,1.0
507.77412570358615,0.8965905432355905,1.0
508.12503992226607,0.8964453679067954,1.0
508.47619665190234,0.8963001085071566,1.0
508.82759606009034,0.8961547650851631,1.0
509.1792383145412,0.8960093376893267,1.0
509.53112358308175,0.8958638263681812,1.0
509.8832520336551,0.8957182311702829,1.0
510.2356238343202,0.8955725521442105,1.0
510.5882391532524,0.8954267893385647,1.0
510.94109815874293,0.8952809428019687,1.0
511.2942010191996,0.8951350125830679,1.0
511.64754790314646,0.89498899873053,1.0
512.001138979224,0.8948429012930443,1.0
512.3549744161896,0.8946967203193232,1.0
512.7090543829167,0.8945504558581003,1.0
513.0633790483959,0.8944041079581321,1.0
513.4179485817342,0.8942576766681963,1.0
513.7727631521559,0.8941111620370936,1.0
514.127822929002,0.8939645641136459,1.0
514.4831280817306,0.8938178829466975,1.0
514.8386787799168,0.8936711185851146,1.0
515.194475193253,0.8935242710777853,1.0
515.5505174915493,0.8933773404736194,1.0
515.9068058447316,0.8932303268215491,1.0
516.263340422845,0.8930832301705282,1.0
516.6201213960514,0.892936050569532,1.0
516.9771489346303,0.892788788067558,1.0
517.3344232089789,0.8926414427136253,1.0
517.6919443896122,0.8924940145567749,1.0
518.049712647163,0.8923465036460692,1.0
518.407728152382,0.8921989100305925,1.0
518.7659910761386,0.8920512337594506,1.0
519.1245015894183,0.8919034748817716,1.0
519.4832598633269,0.8917556334467043,1.0
519.8422660690874,0.8916077095034195,1.0
520.2015203780414,0.8914597031011097,1.0
520.5610229616491,0.8913116142889884,1.0
520.9207739914888,0.8911634431162913,1.0
521.2807736392574,0.891015189632275,1.0
521.6410220767709,0.8908668538862179,1.0
522.0015194759635,0.8907184359274195,1.0
522.3622660088886,0.8905699358052009,1.0
522.7232618477182,0.8904213535689047,1.0
523.0845071647436,0.8902726892678946,1.0
523.4460021323749,0.8901239429515555,1.0
523.8077469231417,0.8899751146692939,1.0
524.1697417096923,0.8898262044705375,1.0
524.5319866647948,0.8896772124047349,1.0
524.8944819613364,0.8895281385213563,1.0
525.257227772324,0.8893789828698927,1.0
525.6202242708838,0.8892297454998568,1.0
525.9834716302619,0.8890804264607817,1.0
526.346970023824,0.8889310258022222,1.0
526.7107196250557,0.8887815435737537,1.0
527.0747206075623,0.8886319798249731,1.0
527.4389731450693,0.8884823346054979,1.0
527.8034774114227,0.8883326079649665,1.0
528.1682335805868,0.888182799953039,1.0
528.5332418266484,0.8880329106193957,1.0
528.8985023238132,0.8878829400137379,1.0
529.264015246408,0.887732888185788,1.0
529.6297807688796,0.8875827551852892,1.0
529.9957990657958,0.8874325410620053,1.0
530.3620703118446,0.887282245865721,1.0
530.7285946818355,0.8871318696462417,1.0
531.0953723506972,0.886981412453394,1.0
531.4624034934809,0.8868308743370247,1.0
531.829688285358,0.8866802553470013,1.0
532.1972269016213,0.8865295555332121,1.0
532.5650195176846,0.886378774945566,1.0
532.933066309083,0.8862279136339926,1.0
533.3013674514726,0.8860769716484417,1.0
533.6699231206312,0.885925949038884,1.0
534.0387334924582,0.8857748458553106,1.0
534.4077987429741,0.8856236621477334,1.0
534.7771190483214,0.8854723979661839,1.0
535.1466945847643,0.885321053360715,1.0
535.5165255286887,0.8851696283813995,1.0
535.8866120566024,0.8850181230783305,1.0
536.2569543451353,0.8848665375016218,1.0
536.6275525710392,0.8847148717014074,1.0
536.9984069111883,0.8845631257278412,1.0
537.3695175425787,0.8844112996310981,1.0
537.7408846423292,0.8842593934613725,1.0
538.1125083876806,0.8841074072688796,1.0
538.4843889559963,0.8839553411038543,1.0
538.8565265247628,0.8838031950165521,1.0
539.2289212715884,0.8836509690572484,1.0
539.6015733742047,0.8834986632762385,1.0
539.9744830104667,0.8833462777238379,1.0
540.3476503583502,0.8831938124503828,1.0
540.7210755959561,0.8830412675062284,1.0
541.0947589015077,0.8828886429417504,1.0
541.4687004533515,0.8827359388073446,1.0
541.842900429957,0.8825831551534262,1.0
542.2173590099175,0.882430292030431,1.0
542.5920763719492,0.8822773494888142,1.0
542.9670526948929,0.8821243275790506,1.0
543.3422881577108,0.8819712263516358,1.0
543.7177829394908,0.8818180458570845,1.0
544.0935372194439,0.881664786145931,1.0
544.4695511769049,0.8815114472687298,1.0
544.8458249913327,0.8813580292760548,1.0
545.2223588423101,0.8812045322184997,1.0
545.5991529095439,0.881050956146678,1.0
545.9762073728654,0.8808973011112227,1.0
546.3535224122297,0.8807435671627863,1.0
546.7310982077167,0.880589754352041,1.0
547.1089349395307,0.8804358627296786,1.0
547.4870327880004,0.8802818923464102,1.0
547.8653919335791,0.8801278432529666,1.0
548.2440125568448,0.8799737155000981,1.0
548.6228948385005,0.8798195091385742,1.0
549.002038959374,0.8796652242191839,1.0
549.3814451004179,0.8795108607927359,1.0
549.7611134427098,0.8793564189100577,1.0
550.1410441674528,0.8792018986219966,1.0
550.5212374559751,0.8790472999794188,1.0
550.90169348973,0.87889262303321,1.0
551.2824124502963,0.8787378678342753,1.0
551.6633945193786,0.8785830344335387,1.0
552.0446398788065,0.8784281228819435,1.0
552.4261487105363,0.878273133230452,1.0
552.807921196648,0.8781180655300462,1.0
553.1899575193495,0.8779629198317266,1.0
553.5722578609738,0.8778076961865129,1.0
553.95482240398,0.8776523946454441,1.0
554.3376513309531,0.8774970152595778,1.0
554.7207448246047,0.877341558079991,1.0
555.1041030677721,0.8771860231577796,1.0
555.4877262434196,0.8770304105440581,1.0
555.8716145346381,0.87687472028996,1.0
556.2557681246432,0.8767189524466383,1.0
556.6401871967792,0.8765631070652641,1.0
557.0248719345163,0.8764071841970277,1.0
557.4098225214516,0.8762511838931379,1.0
557.7950391413091,0.8760951062048227,1.0
558.1805219779395,0.8759389511833283,1.0
558.5662712153211,0.8757827188799202,1.0
558.9522870375587,0.8756264093458821,1.0
559.3385696288848,0.8754700226325167,1.0
559.725119173659,0.875313558791145,1.0
560.1119358563684,0.875157017873107,1.0
560.4990198616275,0.8750003999297609,1.0
560.8863713741786,0.8748437050124835,1.0
561.2739905788914,0.8746869331726704,1.0
561.6618776607635,0.8745300844617354,1.0
562.0500328049204,0.874373158931111,1.0
562.4384561966153,0.8742161566322477,1.0
562.8271480212298,0.874059077616615,1.0
563.2161084642734,0.8739019219357004,1.0
563.6053377113836,0.8737446896410096,1.0
563.9948359483266,0.8735873807840671,1.0
564.3846033609966,0.8734299954164153,1.0
564.7746401354167,0.8732725335896151,1.0
565.1649464577381,0.8731149953552454,1.0
565.5555225142415,0.8729573807649033,1.0
565.9463684913345,0.8727996898702046,1.0
566.3374845755553,0.8726419227227827,1.0
566.7288709535705,0.8724840793742894,1.0
567.1205278121756,0.8723261598763943,1.0
567.5124553382952,0.8721681642807854,1.0
567.904653718983,0.8720100926391685,1.0
568.2971231414223,0.8718519450032676,1.0
568.6898637929258,0.8716937214248242,1.0
569.0828758609346,0.8715354219555987,1.0
569.4761595330203,0.8713770466473688,1.0
569.8697149968842,0.87121859555193,1.0
570.2635424403569,0.8710600687210959,1.0
570.6576420513992,0.8709014662066978,1.0
571.0520140181012,0.8707427880605851,1.0
571.4466585286838,0.8705840343346246,1.0
571.8415757714971,0.8704252050807012,1.0
572.236765935022,0.8702663003507172,1.0
572.6322292078695,0.8701073201965929,1.0
573.0279657787808,0.8699482646702661,1.0
573.4239758366275,0.8697891338236925,1.0
573.8202595704121,0.8696299277088448,1.0
574.2168171692673,0.8694706463777142,1.0
574.6136488224569,0.8693112898823087,1.0
575.010754719375,0.869151858274654,1.0
575.4081350495469,0.8689923516067936,1.0
575.805790002629,0.8688327699307882,1.0
576.2037197684085,0.8686731132987161,1.0
576.601924536804,0.8685133817626729,1.0
577.0004044978649,0.8683535753747716,1.0
577.3991598417726,0.8681936941871428,1.0
577.7981907588394,0.868033738251934,1.0
578.1974974395093,0.8678737076213104,1.0
578.5970800743587,0.8677136023474541,1.0
578.9969388540935,0.8675534224825651,1.0
579.3970739695535,0.8673931680788599,1.0
579.7974856117098,0.8672328391885725,1.0
580.1981739716653,0.8670724358639543,1.0
580.599139240655,0.8669119581572734,1.0
581.0003816100462,0.8667514061208154,1.0
581.4019012713383,0.8665907798068825,1.0
581.8036984161637,0.8664300792677941,1.0
582.2057732362855,0.8662693045558875,1.0
582.608125923601,0.8661084557235157,1.0
583.0107566701397,0.8659475328230495,1.0
583.4136656680635,0.8657865359068762,1.0
583.8168531096674,0.8656254650274002,1.0
584.2203191873791,0.8654643202370429,1.0
584.6240640937594,0.8653031015882424,1.0
585.0280880215022,0.8651418091334535,1.0
585.4323911634344,0.8649804429251482,1.0
585.8369737125164,0.8648190030158148,1.0
586.2418358618417,0.8646574894579587,1.0
586.6469778046373,0.8644959023041018,1.0
587.052399734264,0.8643342416067828,1.0
587.4581018442158,0.8641725074185571,1.0
587.8640843281208,0.8640106997919965,1.0
588.2703473797407,0.8638488187796896,1.0
588.6768911929712,0.8636868644342416,1.0
589.0837159618419,0.8635248368082741,1.0
589.4908218805166,0.8633627359544253,1.0
589.8982091432931,0.8632005619253499,1.0
590.3058779446038,0.8630383147737188,1.0
590.7138284790153,0.86287599455222,1.0
591.1220609412285,0.862713601313557,1.0
591.530575526079,0.8625511351104505,1.0
591.9393724285377,0.8623885959956367,1.0
592.3484518437083,0.8622259840218691,1.0
592.7578139668313,0.8620632992419167,1.0
593.1674589932816,0.8619005417085653,1.0
593.5773871185687,0.8617377114746164,1.0
593.9875985383376,0.8615748085928882,1.0
594.3980934483683,0.8614118331162145,1.0
594.8088720445762,0.861248785097446,1.0
595.2199345230122,0.8610856645894488,1.0
595.6312810798631,0.8609224716451053,1.0
596.0429119114496,0.8607592063173145,1.0
596.4548272142296,0.8605958686589908,1.0
596.8670271847966,0.8604324587230648,1.0
597.2795120198798,0.8602689765624831,1.0
597.6922819163442,0.8601054222302081,1.0
598.1053370711909,0.8599417957792184,1.0
598.5186776815574,0.8597780972625081,1.0
598.9323039447171,0.8596143267330876,1.0
599.3462160580798,0.8594504842439828,1.0
599.760414219192,0.8592865698482357,1.0
600.1748986257363,0.8591225835989037,0.0
600.5896694755324,0.8589585255490603,0.0
601.0047269665363,0.8587943957517945,0.0
601.4200712968409,0.858630194260211,0.0
601.8357026646762,0.8584659211274304,0.0
602.2516212684089,0.8583015764065886,0.0
602.667827306543,0.8581371601508372,0.0
603.0843209777196,0.8579726724133436,0.0
603.5011024807171,0.8578081132472907,0.0
603.9181720144512,0.8576434827058765,0.0
604.3355297779754,0.857478780842315,0.0
604.7531759704801,0.8573140077098355,0.0
605.1711107912939,0.8571491633616825,0.0
605.5893344398833,0.8569842478511162,0.0
606.0078471158524,0.8568192612314118,0.0
606.4266490189425,0.8566542035558607,0.0
606.8457403490339,0.8564890748777688,0.0
607.265121306145,0.8563238752504575,0.0
607.684792090432,0.8561586047272635,0.0
608.1047529021898,0.8559932633615387,0.0
608.5250039418514,0.8558278512066503,0.0
608.9455454099885,0.8556623683159806,0.0
609.366377507312,0.8554968147429268,0.0
609.7875004346697,0.855331190540902,0.0
610.2089143930499,0.8551654957633336,0.0
610.6306195835792,0.8549997304636644,0.0
611.0526162075236,0.8548338946953521,0.0
611.4749044662875,0.8546679885118696,0.0
611.8974845614151,0.8545020119667045,0.0
612.3203566945896,0.8543359651133597,0.0
612.7435210676334,0.8541698480053527,0.0
613.166977882509,0.854003660696216,0.0
613.5907273413176,0.8538374032394971,0.0
614.0147696463008,0.8536710756887581,0.0
614.4391049998397,0.853504678097576,0.0
614.8637336044552,0.8533382105195428,0.0
615.2886556628083,0.8531716730082648,0.0
615.7138713776999,0.8530050656173634,0.0
616.1393809520712,0.8528383884004747,0.0
616.5651845890035,0.8526716414112491,0.0
616.9912824917185,0.8525048247033519,0.0
617.4176748635786,0.8523379383304629,0.0
617.8443619080862,0.8521709823462768,0.0
618.2713438288847,0.8520039568045022,0.0
618.6986208297584,0.851836861758863,0.0
619.1261931146321,0.8516696972630969,0.0
619.5540608875715,0.8515024633709565,0.0
619.9822243527842,0.8513351601362085,0.0
620.4106837146171,0.8511677876126346,0.0
620.8394391775598,0.8510003458540302,0.0
621.2684909462429,0.8508328349142052,0.0
621.6978392254384,0.8506652548469844,0.0
622.1274842200597,0.850497605706206,0.0
622.5574261351619,0.850329887545723,0.0
622.9876651759419,0.8501621004194027,0.0
623.4182015477387,0.8499942443811259,0.0
623.8490354560317,0.8498263194847888,0.0
624.2801671064441,0.8496583257843007,0.0
624.7115967047403,0.8494902633335855,0.0
625.1433244568271,0.8493221321865809,0.0
625.5753505687538,0.8491539323972389,0.0
626.0076752467119,0.8489856640195256,0.0
626.4402986970352,0.8488173271074206,0.0
626.8732211262005,0.8486489217149182,0.0
627.306442740827,0.8484804478960262,0.0
627.7399637476767,0.8483119057047662,0.0
628.1737843536547,0.8481432951951741,0.0
628.6079047658088,0.8479746164212993,0.0
629.0423251913302,0.8478058694372053,0.0
629.477045837553,0.8476370542969691,0.0
629.9120669119548,0.8474681710546819,0.0
630.3473886221565,0.8472992197644482,0.0
630.7830111759223,0.8471302004803866,0.0
631.2189347811604,0.846961113256629,0.0
631.6551596459225,0.8467919581473213,0.0
632.0916859784037,0.8466227352066228,0.0
632.5285139869435,0.8464534444887066,0.0
632.9656438800253,0.8462840860477593,0.0
633.4030758662763,0.8461146599379809,0.0
633.840810154468,0.8459451662135851,0.0
634.278846953517,0.8457756049287986,0.0
634.7171864724821,0.8456059761378627,0.0
635.1558289205689,0.845436279895031,0.0
635.5947745071262,0.8452665162545709,0.0
636.0340234416483,0.8450966852707634,0.0
636.4735759337738,0.8449267869979025,0.0
636.9134321932862,0.8447568214902954,0.0
637.3535924301143,0.8445867888022631,0.0
637.7940568543321,0.8444166889881393,0.0
638.2348256761574,0.8442465221022716,0.0
638.6758991059547,0.8440762881990203,0.0
639.1172773542337,0.8439059873327587,0.0
639.5589606316493,0.8437356195578737,0.0
640.0009491490019,0.8435651849287652,0.0
640.4432431172379,0.843394683499846,0.0
640.8858427474493,0.8432241153255422,0.0
641.3287482508739,0.8430534804602926,0.0
641.7719598388956,0.8428827789585494,0.0
642.2154777230443,0.8427120108747773,0.0
642.6593021149962,0.8425411762634545,0.0
643.1034332265737,0.8423702751790716,0.0
643.5478712697457,0.8421993076761324,0.0
643.9926164566274,0.8420282738091535,0.0
644.4376689994806,0.8418571736326641,0.0
644.8830291107141,0.8416860072012066,0.0
645.3286970028831,0.8415147745693358,0.0
645.77467288869,0.8413434757916195,0.0
646.220956980984,0.8411721109226379,0.0
646.6675494927615,0.8410006800169841,0.0
647.1144506371659,0.8408291831292641,0.0
647.5616606274881,0.840657620314096,0.0
648.0091796771666,0.8404859916261108,0.0
648.4570079997868,0.840314297119952,0.0
648.9051458090829,0.8401425368502755,0.0
649.3535933189347,0.8399707108717502,0.0
649.8023507433718,0.8397988192390571,0.0
650.2514182965707,0.8396268620068894,0.0
650.7007961928565,0.8394548392299532,0.0
651.150484646702,0.8392827509629669,0.0
651.6004838727283,0.8391105972606611,0.0
652.050794085705,0.8389383781777786,0.0
652.5014155005499,0.838766093769075,0.0
652.9523483323301,0.8385937440893174,0.0
653.4035927962593,0.8384213291932863,0.0
653.855149107702,0.8382488491357735,0.0
654.3070174821706,0.8380763039715832,0.0
654.759198135327,0.8379036937555319,0.0
655.2116912829815,0.837731018542448,0.0
655.6644971410939,0.8375582783871723,0.0
656.1176159257732,0.8373854733445575,0.0
656.5710478532777,0.8372126034694684,0.0
657.0247931400153,0.8370396688167817,0.0
657.478852002543,0.8368666694413863,0.0
657.9332246575682,0.8366936053981829,0.0
658.3879113219475,0.8365204767420843,0.0
658.8429122126875,0.8363472835280149,0.0
659.2982275469446,0.8361740258109113,0.0
659.7538575420258,0.8360007036457217,0.0
660.2098024153877,0.8358273170874062,0.0
660.6660623846376,0.835653866190937,0.0
661.1226376675329,0.8354803510112974,0.0
661.5795284819816,0.835306771603483,0.0
662.0367350460423,0.835133128022501,0.0
662.4942575779243,0.8349594203233699,0.0
662.9520962959876,0.8347856485611204,0.0
663.4102514187433,0.8346118127907944,0.0
663.8687231648533,0.8344379130674455,0.0
664.3275117531316,0.8342639494461388,0.0
664.7866174025409,0.8340899219819513,0.0
665.2460403321977,0.8339158307299711,0.0
665.705780761369,0.8337416757452978,0.0
666.1658389094735,0.8335674570830426,0.0
666.6262149960813,0.833393174798328,0.0
667.0869092409146,0.8332188289462878,0.0
667.547921863847,0.8330444195820677,0.0
668.0092530849053,0.8328699467608235,0.0
668.4709031242655,0.8326954105377239,0.0
668.9328722022587,0.8325208109679478,0.0
669.3951605393671,0.8323461481066857,0.0
669.8577683562252,0.8321714220091391,0.0
670.3206958736201,0.8319966327305207,0.0
670.7839433124917,0.8318217803260547,0.0
671.2475108939324,0.831646864850976,0.0
671.711398839187,0.831471886360531,0.0
672.175607369654,0.8312968449099767,0.0
672.6401367068844,0.8311217405545815,0.0
673.1049870725823,0.8309465733496247,0.0
673.570158688605,0.8307713433503966,0.0
674.0356517769636,0.8305960506121984,0.0
674.5014665598219,0.8304206951903422,0.0
674.9676032594978,0.8302452771401512,0.0
675.4340620984625,0.8300697965169591,0.0
675.9008432993412,0.8298942533761108,0.0
676.3679470849129,0.8297186477729618,0.0
676.8353736781103,0.8295429797628784,0.0
677.3031233020205,0.8293672494012378,0.0
677.7711961798844,0.8291914567434278,0.0
678.2395925350978,0.8290156018448467,0.0
678.7083125912102,0.8288396847609039,0.0
679.177356571926,0.828663705547019,0.0
679.6467247011047,0.8284876642586222,0.0
680.1164172027586,0.8283115609511551,0.0
680.5864343010567,0.8281353956800688,0.0
681.0567762203224,0.8279591685008255,0.0
681.527443185034,0.8277828794688976,0.0
681.998435419825,0.8276065286397682,0.0
682.4697531494841,0.8274301160689308,0.0
682.9413965989554,0.827253641811889,0.0
683.4133659933391,0.8270771059241568,0.0
683.8856615578889,0.8269005084612594,0.0
684.3582835180162,0.8267238494787313,0.0
684.8312320992875,0.8265471290321177,0.0
685.3045075274255,0.826370347176974,0.0
685.7781100283082,0.8261935039688658,0.0
686.2520398279704,0.826016599463369,0.0
686.7262971526028,0.8258396337160697,0.0
687.2008822285522,0.825662606782564,0.0
687.6757952823224,0.8254855187184581,0.0
688.1510365405732,0.8253083695793684,0.0
688.6266062301212,0.8251311594209213,0.0
689.10250457794,0.8249538882987533,0.0
689.5787318111595,0.8247765562685109,0.0
690.0552881570673,0.8245991633858504,0.0
690.5321738431073,0.8244217097064381,0.0
691.0093890968813,0.8242441952859505,0.0
691.4869341461477,0.8240666201800736,0.0
691.9648092188231,0.8238889844445034,0.0
692.4430145429808,0.8237112881349459,0.0
692.9215503468523,0.8235335313071166,0.0
693.4004168588265,0.8233557140167409,0.0
693.8796143074502,0.823177836319554,0.0
694.3591429214284,0.8229998982713006,0.0
694.8390029296237,0.8228218999277355,0.0
695.319194561058,0.8226438413446223,0.0
695.799718044909,0.8224657225777358,0.0
696.2805736105153,0.8222875436828586,0.0
696.7617614873728,0.822109304715784,0.0
697.2432819051365,0.8219310057323146,0.0
697.7251350936197,0.8217526467882622,0.0
698.2073212827947,0.8215742279394483,0.0
698.6898407027928,0.8213957492417041,0.0
699.1726935839042,0.8212172107508697,0.0
699.655880156579,0.8210386125227948,0.0
700.1394006514245,0.8208599546133388,0.0
700.6232552992094,0.8206812370783702,0.0
701.1074443308612,0.8205024599737666,0.0
701.5919679774671,0.8203236233554152,0.0
702.0768264702739,0.8201447272792121,0.0
702.562020040688,0.819965771801063,0.0
703.0475489202762,0.8197867569768825,0.0
703.533413340765,0.8196076828625944,0.0
704.019613534041,0.819428549514132,0.0
704.5061497321514,0.8192493569874373,0.0
704.9930221673033,0.8190701053384613,0.0
705.4802310718645,0.8188907946231644,0.0
705.9677766783636,0.8187114248975159,0.0
706.4556592194896,0.8185319962174938,0.0
706.9438789280922,0.8183525086390857,0.0
707.4324360371825,0.8181729622182874,0.0
707.9213307799322,0.8179933570111041,0.0
708.4105633896742,0.8178136930735497,0.0
708.9001340999029,0.8176339704616469,0.0
709.3900431442738,0.8174541892314273,0.0
709.880290756604,0.8172743494389314,0.0
710.3708771708723,0.8170944511402081,0.0
710.8618026212189,0.8169144943913154,0.0
711.3530673419459,0.8167344792483198,0.0
711.8446715675183,0.8165544057672963,0.0
712.3366155325607,0.8163742740043293,0.0
712.8288994718621,0.816194084015511,0.0
713.321523620373,0.8160138358569423,0.0
713.8144882132063,0.8158335295847332,0.0
714.3077934856376,0.8156531652550016,0.0
714.8014396731046,0.8154727429238743,0.0
715.2954270112081,0.8152922626474862,0.0
715.7897557357122,0.8151117244819808,0.0
716.2844260825422,0.8149311284835106,0.0
716.779438287788,0.8147504747082356,0.0
717.2747925877026,0.8145697632123245,0.0
717.7704892187014,0.8143889940519545,0.0
718.2665284173642,0.8142081672833109,0.0
718.7629104204334,0.8140272829625873,0.0
719.2596354648156,0.8138463411459855,0.0
719.7567037875809,0.8136653418897156,0.0
720.2541156259633,0.8134842852499958,0.0
720.7518712173606,0.8133031712830526,0.0
721.249970799335,0.8131220000451205,0.0
721.7484146096123,0.812940771592442,0.0
722.2472028860831,0.8127594859812679,0.0
722.7463358668023,0.8125781432678569,0.0
723.2458137899891,0.8123967435084759,0.0
723.7456368940276,0.8122152867593992,0.0
724.2458054174665,0.8120337730769099,0.0
724.7463195990194,0.8118522025172984,0.0
725.2471796775648,0.8116705751368632,0.0
725.7483858921463,0.8114888909919107,0.0
726.2499384819728,0.811307150138755,0.0
726.7518376864184,0.8111253526337181,0.0
727.2540837450229,0.81094349853313,0.0
727.756676897491,0.8107615878933279,0.0
728.2596173836945,0.8105796207706569,0.0
728.7629054436684,0.8103975972214705,0.0
729.266541317616,0.8102155173021292,0.0
729.7705252459054,0.8100333810690009,0.0
730.2748574690714,0.8098511885784617,0.0
730.7795382278148,0.809668939886895,0.0
731.2845677630025,0.8094866350506917,0.0
731.7899463156683,0.8093042741262504,0.0
732.295674127013,0.8091218571699766,0.0
732.801751438402,0.8089393842382845,0.0
733.3081784913695,0.8087568553875947,0.0
733.8149555276163,0.8085742706743354,0.0
734.3220827890099,0.8083916301549422,0.0
734.829560517585,0.8082089338858583,0.0
735.3373889555438,0.8080261819235339,0.0
735.8455683452555,0.8078433743244267,0.0
736.354098929257,0.8076605111450015,0.0
736.862980950253,0.8074775924417305,0.0
737.3722146511155,0.8072946182710928,0.0
737.8818002748848,0.8071115886895753,0.0
738.3917380647688,0.8069285037536713,0.0
738.9020282641436,0.8067453635198817,0.0
739.4126711165537,0.8065621680447143,0.0
739.9236668657115,0.8063789173846839,0.0
740.4350157554982,0.8061956115963127,0.0
740.9467180299633,0.8060122507361295,0.0
741.4587739333251,0.8058288348606701,0.0
741.9711837099707,0.8056453640264775,0.0
742.4839476044558,0.8054618382901015,0.0
742.9970658615056,0.8052782577080988,0.0
743.5105387260139,0.8050946223370327,0.0
744.0243664430442,0.8049109322334738,0.0
744.5385492578289,0.8047271874539991,0.0
745.0530874157712,0.8045433880551923,0.0
745.567981162441,0.8043595340936446,0.0
746.0832307435808,0.8041756256259532,0.0
746.5988364051016,0.8039916627087221,0.0
747.1147983930847,0.8038076453985621,0.0
747.6311169537813,0.8036235737520905,0.0
748.147792333613,0.8034394478259314,0.0
748.6648247791715,0.803255267676715,0.0
749.1822145372189,0.8030710333610787,0.0
749.6999618546886,0.8028867449356657,0.0
750.2180669786826,0.8027024024571268,0.0
750.7365301564756,0.8025180059821179,0.0
751.2553516355126,0.8023335555673023,0.0
751.7745316634099,0.8021490512693492,0.0
752.2940704879543,0.8019644931449345,0.0
752.8139683571043,0.8017798812507401,0.0
753.3342255189896,0.8015952156434544,0.0
753.8548422219113,0.8014104963797722,0.0
754.3758187143425,0.8012257235163944,0.0
754.8971552449275,0.8010408971100281,0.0
755.4188520624828,0.8008560172173869,0.0
755.9409094159964,0.8006710838951899,0.0
756.463327554629,0.8004860972001632,0.0
756.9861067277131,0.8003010571890383,0.0
757.5092471847536,0.8001159639185532,0.0
758.0327491754276,0.7999308174454518,0.0
758.5566129495853,0.7997456178264841,0.0
759.0808387572489,0.7995603651184061,0.0
759.6054268486139,0.7993750593779796,0.0
760.1303774740485,0.7991897006619726,0.0
760.6556908840938,0.7990042890271588,0.0
761.1813673294644,0.7988188245303178,0.0
761.7074070610478,0.7986333072282352,0.0
762.233810329905,0.7984477371777025,0.0
762.7605773872715,0.7982621144355163,0.0
763.2877084845537,0.7980764390584802,0.0
763.8152038733344,0.7978907111034026,0.0
764.3430638053694,0.7977049306270978,0.0
764.8712885325884,0.797519097686386,0.0
765.3998783070954,0.7973332123380926,0.0
765.9288333811681,0.7971472746390493,0.0
766.4581540072594,0.796961284646093,0.0
766.9878404379967,0.7967752424160657,0.0
767.51789292618,0.796589148005816,0.0
768.0483117247862,0.7964030014721974,0.0
768.5790970869664,0.7962168028720688,0.0
769.1102492660465,0.7960305522622948,0.0
769.6417685155276,0.7958442496997452,0.0
770.1736550890859,0.7956578952412954,0.0
770.7059092405729,0.795471488943826,0.0
771.2385312240156,0.7952850308642232,0.0
771.7715212936165,0.7950985210593782,0.0
772.3048797037538,0.7949119595861877,0.0
772.8386067089815,0.7947253465015535,0.0
773.3727025640295,0.7945386818623829,0.0
773.9071675238039,0.794351965725588,0.0
774.4420018433866,0.7941651981480863,0.0
774.977205778036,0.7939783791868006,0.0
775.5127795831871,0.7937915088986585,0.0
776.048723514451,0.7936045873405928,0.0
776.5850378276159,0.7934176145695415,0.0
777.1217227786464,0.7932305906424474,0.0
777.658778623684,0.7930435156162583,0.0
778.1962056190478,0.7928563895479273,0.0
778.7340040212331,0.792669212494412,0.0
779.2721740869132,0.7924819845126752,0.0
779.8107160729386,0.7922947056596845,0.0
780.3496302363378,0.7921073759924122,0.0
780.888916834315,0.7919199955678361,0.0
781.4285761242542,0.7917325644429378,0.0
781.9686083637166,0.7915450826747045,0.0
782.5090138104414,0.7913575503201276,0.0
783.049792722346,0.7911699674362034,0.0
783.5909453575257,0.7909823340799329,0.0
784.1324719742546,0.7907946503083219,0.0
784.6743728309859,0.7906069161783803,0.0
785.2166481863491,0.7904191317471235,0.0
785.7592982991546,0.7902312970715708,0.0
786.302323428391,0.7900434122087461,0.0
786.845723833226,0.789855477215678,0.0
787.3894997730062,0.7896674921493995,0.0
787.9336515072575,0.7894794570669479,0.0
788.4781792956854,0.7892913720253653,0.0
789.0230833981744,0.7891032370816978,0.0
789.5683640747891,0.7889150522929962,0.0
790.1140215857735,0.7887268177163154,0.0
790.6600561915513,0.7885385334087148,0.0
791.2064681527269,0.788350199427258,0.0
791.7532577300839,0.7881618158290128,0.0
792.3004251845866,0.7879733826710514,0.0
792.8479707773797,0.78778490001045,0.0
793.3958947697882,0.787596367904289,0.0
793.944197423318,0.7874077864096533,0.0
794.492878999655,0.7872191555836312,0.0
795.0419397606668,0.787030475483316,0.0
795.5913799684014,0.7868417461658042,0.0
796.1411998850882,0.7866529676881968,0.0
796.6913997731377,0.7864641401075988,0.0
797.2419798951418,0.7862752634811191,0.0
797.7929405138736,0.7860863378658703,0.0
798.3442818922892,0.7858973633189693,0.0
798.8960042935234,0.7857083398975369,0.0
799.4481079808957,0.7855192676586975,0.0
800.0005932179063,0.7853301466595793,0.0
800.5534602682379,0.7851409769573147,0.0
801.1067093957555,0.7849517586090393,0.0
801.6603408645061,0.7847624916718929,0.0
802.2143549387193,0.784573176203019,0.0
802.7687518828084,0.7843838122595642,0.0
803.3235319613664,0.78419439989868,0.0
803.8786954391721,0.7840049391775202,0.0
804.4342425811865,0.7838154301532431,0.0
804.9901736525533,0.7836258728830099,0.0
805.5464889185996,0.783436267423986,0.0
806.1031886448362,0.7832466138333399,0.0
806.660273096957,0.7830569121682437,0.0
807.2177425408395,0.7828671624858731,0.0
807.7755972425452,0.782677364843407,0.0
808.3338374683193,0.7824875192980278,0.0
808.8924634845912,0.7822976259069213,0.0
809.451475557974,0.7821076847272769,0.0
810.0108739552657,0.7819176958162868,0.0
810.5706589434478,0.7817276592311467,0.0
811.1308307896873,0.7815375750290561,0.0
811.691389761335,0.7813474432672167,0.0
812.252336125927,0.7811572640028345,0.0
812.8136701511839,0.7809670372931178,0.0
813.3753921050118,0.7807767631952787,0.0
813.9375022555014,0.7805864417665319,0.0
814.500000870929,0.7803960730640956,0.0
815.0628882197562,0.780205657145191,0.0
815.6261645706304,0.7800151940670419,0.0
816.1898301923841,0.7798246838868759,0.0
816.7538853540369,0.7796341266619227,0.0
817.3183303247916,0.7794435224494158,0.0
817.8831653740397,0.7792528713065912,0.0
818.4483907713578,0.7790621732906878,0.0
819.014006786509,0.7788714284589473,0.0
819.5800136894427,0.7786806368686144,0.0
820.146411750295,0.7784897985769367,0.0
820.7132012393886,0.7782989136411642,0.0
821.2803824272329,0.77810798211855,0.0
821.8479555845254,0.7779170040663498,0.0
822.4159209821478,0.7777259795418223,0.0
822.9842788911717,0.7775349086022285,0.0
823.5530295828552,0.7773437913048322,0.0
824.122173328644,0.7771526277068996,0.0
824.6917104001709,0.7769614178656998,0.0
825.2616410692569,0.7767701618385044,0.0
825.8319656079109,0.7765788596825874,0.0
826.4026842883293,0.7763875114552256,0.0
826.973797382897,0.7761961172136975,0.0
827.5453051641871,0.7760046770152851,0.0
828.1172079049609,0.7758131909172722,0.0
828.6895058781683,0.775621658976945,0.0
829.2621993569479,0.7754300812515924,0.0
829.835288614627,0.7752384577985052,0.0
830.4087739247217,0.7750467886749768,0.0
830.9826555609372,0.7748550739383029,0.0
831.5569337971681,0.7746633136457813,0.0
832.1316089074978,0.7744715078547121,0.0
832.7066811661994,0.7742796566223976,0.0
833.2821508477356,0.7740877600061422,0.0
833.8580182267586,0.7738958180632526,0.0
834.4342835781106,0.7737038308510373,0.0
835.0109471768234,0.7735117984268074,0.0
835.5880092981193,0.7733197208478754,0.0
836.1654702174116,0.7731275981715562,0.0
836.7433302103008,0.7729354304551671,0.0
837.3215895525811,0.7727432177560266,0.0
837.9002485202363,0.7725509601314556,0.0
838.4793073894407,0.7723586576387769,0.0
839.0587664365596,0.7721663103353148,0.0
839.6386259381492,0.7719739182783961,0.0
840.218886170957,0.7717814815253489,0.0
840.7995474119225,0.7715890001335031,0.0
841.380609938174,0.7713964741601911,0.0
841.9620740270339,0.7712039036627462,0.0
842.5439399560153,0.7710112886985038,0.0
843.1262080028234,0.7708186293248008,0.0
843.7088784453551,0.7706259255989761,0.0
844.2919515616993,0.7704331775783699,0.0
844.8754276301371,0.7702403853203244,0.0
845.4593069291421,0.7700475488821827,0.0
846.0435897373801,0.7698546683212902,0.0
846.6282763337096,0.7696617436949934,0.0
847.2133669971818,0.7694687750606404,0.0
847.7988620070408,0.7692757624755807,0.0
848.3847616427236,0.7690827059971655,0.0
848.9710661838604,0.7688896056827471,0.0
849.5577759102746,0.7686964615896794,0.0
850.1448911019828,0.7685032737753175,0.0
850.7324120391955,0.7683100422970178,0.0
851.3203390023167,0.7681167672121383,0.0
851.9086722719439,0.767923448578038,0.0
852.4974121288689,0.7677300864520771,0.0
853.0865588540772,0.7675366808916172,0.0
853.676112728749,0.7673432319540212,0.0
854.2660740342582,0.7671497396966528,0.0
854.8564430521735,0.7669562041768772,0.0
855.4472200642592,0.76676262545206,0.0
856.0384053524713,0.7665690035795693,0.0
856.6299991989636,0.7663753386167728,0.0
857.2220018860838,0.7661816306210398,0.0
857.8144136963749,0.7659878796497409,0.0
858.4072349125752,0.765794085760247,0.0
859.0004658176181,0.7656002490099305,0.0
859.5941066946327,0.7654063694561645,0.0
860.1881578269449,0.7652124471563225,0.0
860.7826194980734,0.7650184821677802,0.0
861.3774919917354,0.7648244745479129,0.0
861.9727755918437,0.764630424354097,0.0
862.5684705825073,0.7644363316437097,0.0
863.1645772480309,0.7642421964741292,0.0
863.7610958729164,0.764048018902734,0.0
864.358026741862,0.7638537989869038,0.0
864.9553701397626,0.7636595367840183,0.0
865.5531263517103,0.7634652323514585,0.0
866.1512956629936,0.7632708857466056,0.0
866.7498783590988,0.7630764970268414,0.0
867.3488747257094,0.7628820662495486,0.0
867.9482850487059,0.7626875934721099,0.0
868.5481096141667,0.7624930787519089,0.0
869.148348708368,0.7622985221463295,0.0
869.7490026177834,0.7621039237127561,0.0
870.3500716290852,0.7619092835085736,0.0
870.9515560291429,0.7617146015911669,0.0
871.5534561050251,0.7615198780179216,0.0
872.1557721439982,0.7613251128462238,0.0
872.7585044335276,0.7611303061334596,0.0
873.3616532612768,0.7609354579370151,0.0
873.9652189151086,0.7607405683142775,0.0
874.5692016830844,0.7605456373226334,0.0
875.1736018534659,0.7603506650194696,0.0
875.7784197147112,0.760155651462174,0.0
876.38365555548,0.7599605967081338,0.0
876.9893096646313,0.7597655008147365,0.0
877.5953823312232,0.7595703638393695,0.0
878.2018738445139,0.7593751858394207,0.0
878.8087844939613,0.7591799668722776,0.0
879.4161145692235,0.758984706995328,0.0
880.0238643601584,0.7587894062659596,0.0
880.6320341568257,0.7585940647415595,0.0
881.2406242494824,0.758398682479516,0.0
881.849634928589,0.7582032595372161,0.0
882.4590664848057,0.758007795972047,0.0
883.0689192089936,0.757812291841396,0.0
883.679193392215,0.7576167472026498,0.0
884.2898893257332,0.7574211621131952,0.0
884.9010073010126,0.7572255366304186,0.0
885.5125476097194,0.7570298708117061,0.0
886.124510543721,0.7568341647144438,0.0
886.7368963950869,0.7566384183960169,0.0
887.349705456088,0.7564426319138107,0.0
887.9629380191976,0.75624680532521,0.0
888.5765943770909,0.7560509386875993,0.0
889.1906748226453,0.7558550320583624,0.0
889.8051796489408,0.7556590854948826,0.0
890.4201091492598,0.7554630990545431,0.0
891.0354636170874,0.7552670727947264,0.0
891.6512433461116,0.7550710067728141,0.0
892.2674486302233,0.7548749010461878,0.0
892.8840797635165,0.7546787556722281,0.0
893.5011370402885,0.754482570708315,0.0
894.1186207550398,0.7542863462118281,0.0
894.7365312024748,0.754090082240146,0.0
895.3548686775011,0.7538937788506467,0.0
895.9736334752314,0.7536974361007073,0.0
896.5928258909795,0.7535010540477047,0.0
897.2124462202657,0.7533046327490146,0.0
897.8324947588143,0.7531081722620118,0.0
898.4529718025532,0.7529116726440701,0.0
899.0738776476154,0.752715133952563,0.0
899.6952125903383,0.7525185562448624,0.0
900.3169769272641,0.7523219395783399,0.0
900.9391709551409,0.7521252840103655,0.0
901.5617949709191,0.7519285895983091,0.0
902.184849271757,0.7517318563995388,0.0
902.8083341550176,0.7515350844714219,0.0
903.432249918269,0.7513382738713247,0.0
904.0565968592854,0.7511414246566123,0.0
904.6813752760463,0.7509445368846487,0.0
905.3065854667376,0.7507476106127968,0.0
905.9322277297509,0.7505506458984184,0.0
906.5583023636843,0.7503536427988737,0.0
907.184809667342,0.7501566013715223,0.0
907.811749939735,0.749959521673722,0.0
908.4391234800805,0.7497624037628295,0.0
909.066930587803,0.7495652476962005,0.0
909.6951715625335,0.7493680535311885,0.0
910.3238467041102,0.7491708213251467,0.0
910.9529563125787,0.7489735511354261,0.0
911.5825006881919,0.7487762430193766,0.0
912.2124801314098,0.7485788970343468,0.0
912.8428949429007,0.7483815132376834,0.0
913.4737454235401,0.748184091686732,0.0
914.1050318744118,0.7479866324388363,0.0
914.7367545968075,0.747789135551339,0.0
915.368913892227,0.7475916010815804,0.0
916.0015100623791,0.7473940290869,0.0
916.6345434091811,0.7471964196246349,0.0
917.2680142347567,0.7469987727521216,0.0
917.9019228414413,0.7468010885266937,0.0
918.536269531778,0.7466033670056839,0.0
919.1710546085191,0.7464056082464227,0.0
919.806278374626,0.7462078123062391,0.0
920.4419411332699,0.7460099792424602,0.0
921.0780431878309,0.7458121091124111,0.0
921.7145848419001,0.7456142019734151,0.0
922.3515663992756,0.7454162578827942,0.0
922.9889881639681,0.7452182768978678,0.0
923.6268504401975,0.7450202590759536,0.0
924.265153532394,0.7448222044743672,0.0
924.9038977451982,0.7446241131504223,0.0
925.5430833834611,0.7444259851614308,0.0
926.1827107522445,0.7442278205647022,0.0
926.822780156821,0.7440296194175441,0.0
927.4632919026741,0.7438313817772619,0.0
928.1042462954986,0.7436331077011592,0.0
928.7456436412002,0.743434797246537,0.0
929.3874842458964,0.7432364504706944,0.0
930.0297684159161,0.7430380674309283,0.0
930.6724964577999,0.742839648184533,0.0
931.3156686783002,0.742641192788801,0.0
931.9592853843814,0.7424427013010224,0.0
932.60334688322,0.742244173778485,0.0
933.2478534822048,0.7420456102784738,0.0
933.8928054889374,0.7418470108582721,0.0
934.5382032112313,0.7416483755751605,0.0
935.1840469571134,0.7414497044864171,0.0
935.830337034823,0.7412509976493177,0.0
936.4770737528123,0.7410522551211355,0.0
937.1242574197474,0.7408534769591413,0.0
937.7718883445079,0.740654663220603,0.0
938.4199668361846,0.740455813962787,0.0
939.0684932040841,0.7402569292429559,0.0
939.7174677577265,0.7400580091183704,0.0
940.3668908068452,0.7398590536462881,0.0
941.0167626613882,0.7396600628839645,0.0
941.6670836315172,0.7394610368886517,0.0
942.3178540276086,0.7392619757175997,0.0
942.9690741602533,0.7390628794280555,0.0
943.6207443402575,0.7388637480772631,0.0
944.2728648786396,0.7386645817224645,0.0
944.9254360866355,0.738465380420898,0.0
945.5784582756958,0.7382661442297995,0.0
946.2319317574857,0.7380668732064019,0.0
946.8858568438861,0.7378675674079351,0.0
947.5402338469935,0.7376682268916261,0.0
948.19506307912,0.7374688517146993,0.0
948.8503448527935,0.7372694419343756,0.0
949.5060794807578,0.7370699976078733,0.0
950.162267275973,0.7368705187924073,0.0
950.8189085516156,0.7366710055451896,0.0
951.476003621078,0.7364714579234294,0.0
952.1335527979699,0.7362718759843322,0.0
952.791556396117,0.7360722597851007,0.0
953.4500147295624,0.7358726093829346,0.0
954.1089281125663,0.7356729248350301,0.0
954.7682968596056,0.7354732061985804,0.0
955.4281212853747,0.735273453530775,0.0
956.0884017047857,0.7350736668888006,0.0
956.7491384329683,0.7348738463298405,0.0
957.4103317852697,0.7346739919110746,0.0
958.0719820772551,0.7344741036896795,0.0
958.7340896247083,0.7342741817228283,0.0
959.3966547436305,0.7340742260676907,0.0
960.0596777502428,0.7338742367814328,0.0
960.7231589609819,0.7336742139212181,0.0
961.3870986925059,0.7334741575442055,0.0
962.0514972616908,0.7332740677075512,0.0
962.7163549856318,0.7330739444684071,0.0
963.3816721816429,0.7328737878839223,0.0
964.0474491672578,0.7326735980112418,0.0
964.7136862602292,0.7324733749075071,0.0
965.3803837785307,0.7322731186298558,0.0
966.0475420403526,0.7320728292354227,0.0
966.715161364108,0.7318725067813381,0.0
967.383242068429,0.7316721513247286,0.0
968.0517844721683,0.7314717629227173,0.0
968.7207888943983,0.7312713416324236,0.0
969.3902556544126,0.7310708875109628,0.0
970.0601850717248,0.7308704006154465,0.0
970.7305774660699,0.7306698810029825,0.0
971.4014331574035,0.7304693287306745,0.0
972.0727524659023,0.7302687438556227,0.0
972.7445357119647,0.7300681264349229,0.0
973.4167832162098,0.7298674765256672,0.0
974.0894952994788,0.7296667941849437,0.0
974.7626722828347,0.7294660794698365,0.0
975.4363144875621,0.7292653324374255,0.0
976.1104222351674,0.7290645531447866,0.0
976.7849958473801,0.7288637416489916,0.0
977.4600356461509,0.7286628980071084,0.0
978.135541953654,0.7284620222762003,0.0
978.8115150922854,0.7282611145133269,0.0
979.4879553846645,0.7280601747755432,0.0
980.1648631536334,0.7278592031199003,0.0
980.8422387222574,0.7276581996034448,0.0
981.5200824138251,0.7274571642832192,0.0
982.1983945518492,0.7272560972162612,0.0
982.8771754600635,0.7270549984596052,0.0
983.5564254624281,0.7268538680702805,0.0
984.2361448831263,0.726652706105312,0.0
984.916334046565,0.7264515126217203,0.0
985.5969932773758,0.7262502876765216,0.0
986.2781229004142,0.7260490313267277,0.0
986.9597232407607,0.7258477436293458,0.0
987.6417946237209,0.7256464246413783,0.0
988.3243373748226,0.725445074419824,0.0
989.0073518198213,0.7252436930216761,0.0
989.6908382846971,0.7250422805039238,0.0
990.3747970956548,0.7248408369235515,0.0
991.0592285791249,0.7246393623375388,0.0
991.7441330617637,0.724437856802861,0.0
992.4295108704528,0.7242363203764882,0.0
993.1153623322999,0.7240347531153863,0.0
993.8016877746389,0.7238331550765161,0.0
994.4884875250298,0.7236315263168338,0.0
995.175761911259,0.7234298668932908,0.0
995.8635112613393,0.7232281768628334,0.0
996.5517359035103,0.7230264562824033,0.0
997.2404361662386,0.7228247052089374,0.0
997.9296123782175,0.7226229236993674,0.0
998.6192648683674,0.7224211118106205,0.0
999.3093939658365,0.7222192695996184,0.0
1000.0,0.7220173971232782,0.0
1000.691083300461,0.7218154944385119,0.0
1001.38264419705,0.7216135616022263,0.0
1002.0746830198269,0.7214115986713233,0.0
1002.7672000990766,0.7212096057027001,0.0
1003.460195765315,0.721007582753248,0.0
1004.1536703492857,0.7208055298798537,0.0
1004.8476241819606,0.7206034471393985,0.0
1005.5420575945406,0.7204013345887587,0.0
1006.2369709184552,0.7201991922848051,0.0
1006.9323644853633,0.7199970202844035,0.0
1007.6282386271528,0.7197948186444144,0.0
1008.3245936759408,0.7195925874216931,0.0
1009.0214299640743,0.7193903266730891,0.0
1009.7187478241297,0.7191880364554472,0.0
1010.4165475889132,0.7189857168256064,0.0
1011.1148295914612,0.7187833678404005,0.0
1011.8135941650403,0.7185809895566577,0.0
1012.512841643147,0.7183785820312011,0.0
1013.2125723595088,0.7181761453208477,0.0
1013.9127866480845,0.7179736794824095,0.0
1014.6134848430609,0.7177711845726932,0.0
1015.3146672788583,0.7175686606484994,0.0
1016.0163342901277,0.7173661077666232,0.0
1016.7184862117512,0.7171635259838545,0.0
1017.4211233788419,0.716960915356977,0.0
1018.1242461267452,0.7167582759427693,0.0
1018.8278547910378,0.716555607798004,0.0
1019.5319497075283,0.7163529109794479,0.0
1020.2365312122574,0.7161501855438623,0.0
1020.9415996414984,0.7159474315480028,0.0
1021.6471553317565,0.7157446490486189,0.0
1022.3531986197696,0.7155418381024546,0.0
1023.0597298425085,0.715338998766248,0.0
1023.7667493371767,0.715136131096731,0.0
1024.4742574412107,0.7149332351506303,0.0
1025.1822544922816,0.7147303109846658,0.0
1025.89074082829,0.7145273586555524,0.0
1026.5997167873738,0.7143243782199985,0.0
1027.3091827079036,0.7141213697347065,0.0
1028.0191389284832,0.713918333256373,0.0
1028.7295857879508,0.7137152688416883,0.0
1029.440523625379,0.713512176547337,0.0
1030.1519527800742,0.7133090564299972,0.0
1030.8638735915777,0.7131059085463411,0.0
1031.5762863996652,0.712902732953035,0.0
1032.2891915443474,0.7126995297067384,0.0
1033.00258936587,0.7124962988641053,0.0
1033.7164802047137,0.712293040481783,0.0
1034.4308644015944,0.7120897546164128,0.0
1035.1457422974636,0.7118864413246296,0.0
1035.8611142335087,0.7116831006630622,0.0
1036.5769805511522,0.7114797326883328,0.0
1037.2933415920545,0.7112763374570572,0.0
1038.010197698108,0.7110729150258456,0.0
1038.7275492114452,0.7108694654513009,0.0
1039.445396474434,0.7106659887900201,0.0
1040.1637398296784,0.7104624850985936,0.0
1040.8825796200197,0.7102589544336049,0.0
1041.6019161885356,0.7100553968516318,0.0
1042.3217498785416,0.7098518124092451,0.0
1043.04208103359,0.7096482011630091,0.0
1043.7629099974702,0.7094445631694817,0.0
1044.48423711421,0.709240898485214,0.0
1045.2060627280741,0.7090372071667504,0.0
1045.928387183566,0.7088334892706292,0.0
1046.6512108254267,0.7086297448533813,0.0
1047.3745339986353,0.7084259739715313,0.0
1048.0983570484098,0.7082221766815971,0.0
1048.8226803202065,0.7080183530400899,0.0
1049.5475041597215,0.7078145031035133,0.0
1050.2728289128866,0.7076106269283657,0.0
1050.998654925876,0.7074067245711375,0.0
1051.7249825451022,0.7072027960883124,0.0
1052.4518121172168,0.7069988415363674,0.0
1053.1791439891108,0.7067948609717725,0.0
1053.9069785079153,0.7065908544509909,0.0
1054.6353160210012,0.7063868220304788,0.0
1055.3641568759797,0.7061827637666853,0.0
1056.0935014207018,0.7059786797160527,0.0
1056.8233500032588,0.7057745699350161,0.0
1057.5537029719833,0.7055704344800038,0.0
1058.284560675448,0.7053662734074366,0.0
1059.0159234624662,0.7051620867737288,0.0
1059.7477916820933,0.7049578746352869,0.0
1060.480165683625,0.7047536370485109,0.0
1061.2130458166002,0.7045493740697927,0.0
1061.9464324307953,0.7043450857555184,0.0
1062.6803258762322,0.7041407721620657,0.0
1063.4147265031736,0.7039364333458056,0.0
1064.149634662124,0.7037320693631013,0.0
1064.8850507038308,0.7035276802703094,0.0
1065.6209749792827,0.7033232661237788,0.0
1066.3574078397116,0.7031188269798511,0.0
1067.0943496365924,0.7029143628948603,0.0
1067.8318007216424,0.7027098739251335,0.0
1068.5697614468222,0.7025053601269898,0.0
1069.3082321643358,0.7023008215567415,0.0
1070.0472132266298,0.7020962582706926,0.0
1070.7867049863955,0.7018916703251405,0.0
1071.526707796567,0.7016870577763745,0.0
1072.2672220103232,0.7014824206806765,0.0
1073.008247981086,0.7012777590943207,0.0
1073.7497860625238,0.7010730730735737,0.0
1074.491836608545,0.7008683626746951,0.0
1075.2343999733068,0.7006636279539362,0.0
1075.9774765112093,0.7004588689675406,0.0
1076.7210665768982,0.7002540857717445,0.0
1077.465170525264,0.7000492784227762,0.0
1078.2097887114423,0.6998444469768564,0.0
1078.9549214908143,0.699639591490198,0.0
1079.7005692190066,0.699434712019006,0.0
1080.4467322518922,0.6992298086194775,0.0
1081.193410945589,0.699024881347802,0.0
1081.9406056564617,0.6988199302601611,0.0
1082.6883167411215,0.6986149554127281,0.0
1083.4365445564254,0.6984099568616692,0.0
1084.1852894594774,0.6982049346631418,0.0
1084.9345518076282,0.6979998888732958,0.0
1085.6843319584755,0.6977948195482729,0.0
1086.4346302698652,0.6975897267442067,0.0
1087.1854470998871,0.6973846105172237,0.0
1087.9367828068819,0.6971794709234409,0.0
1088.688637749437,0.696974308018968,0.0
1089.4410122863871,0.6967691218599067,0.0
1090.1939067768155,0.6965639125023501,0.0
1090.947321580053,0.6963586800023833,0.0
1091.7012570556797,0.6961534244160835,0.0
1092.455713563523,0.6959481457995192,0.0
1093.21069146366,0.6957428442087512,0.0
1093.9661911164158,0.6955375196998315,0.0
1094.722212882365,0.6953321723288042,0.0
1095.4787571223317,0.695126802151705,0.0
1096.2358241973886,0.694921409224561,0.0
1096.9934144688584,0.6947159936033913,0.0
1097.7515282983134,0.6945105553442066,0.0
1098.5101660475768,0.6943050945030085,0.0
1099.269328078719,0.6940996111357914,0.0
1100.029014754063,0.6938941052985405,0.0
1100.789226436182,0.6936885770472323,0.0
1101.5499634878993,0.6934830264378351,0.0
1102.311226272289,0.6932774535263089,0.0
1103.0730151526764,0.6930718583686046,0.0
1103.8353304926375,0.692866241020665,0.0
1104.5981726559996,0.692660601538424,0.0
1105.361542006842,0.692454939977807,0.0
1106.1254389094945,0.6922492563947308,0.0
1106.88986372854,0.6920435508451034,0.0
1107.654816828812,0.691837823384824,0.0
1108.4202985753975,0.6916320740697836,0.0
1109.1863093336349,0.6914263029558636,0.0
1109.9528494691153,0.6912205100989374,0.0
1110.7199193476824,0.6910146955548693,0.0
1111.487519335434,0.6908088593795143,0.0
1112.2556497987173,0.6906030016287197,0.0
1113.0243111041366,0.6903971223583228,0.0
1113.7935036185477,0.6901912216241529,0.0
1114.5632277090601,0.6899852994820296,0.0
1115.3334837430377,0.689779355987764,0.0
1116.1042720880976,0.689573391197158,0.0
1116.8755931121107,0.6893674051660047,0.0
1117.6474471832028,0.6891613979500882,0.0
1118.4198346697538,0.6889553696051834,0.0
1119.1927559403982,0.6887493201870564,0.0
1119.9662113640256,0.6885432497514639,0.0
1120.7402013097796,0.6883371583541534,0.0
1121.5147261470602,0.6881310460508638,0.0
1122.2897862455213,0.6879249128973244,0.0
1123.0653819750735,0.6877187589492554,0.0
1123.8415137058832,0.6875125842623676,0.0
1124.61818180837,0.6873063888923634,0.0
1125.3953866532127,0.687100172894935,0.0
1126.1731286113443,0.6868939363257656,0.0
1126.9514080539554,0.6866876792405292,0.0
1127.7302253524924,0.6864814016948906,0.0
1128.5095808786584,0.6862751037445047,0.0
1129.2894750044138,0.6860687854450178,0.0
1130.0699081019757,0.6858624468520662,0.0
1130.8508805438184,0.6856560880212771,0.0
1131.6323927026738,0.6854497090082678,0.0
1132.414444951531,0.6852433098686469,0.0
1133.1970376636377,0.6850368906580128,0.0
1133.980171212499,0.6848304514319545,0.0
1134.7638459718778,0.6846239922460521,0.0
1135.5480623157957,0.6844175131558752,0.0
1136.3328206185329,0.6842110142169844,0.0
1137.1181212546292,0.6840044954849301,0.0
1137.9039645988796,0.6837979570152544,0.0
1138.6903510263421,0.6835913988634882,0.0
1139.4772809123324,0.6833848210851534,0.0
1140.2647546324256,0.6831782237357624,0.0
1141.052772562456,0.6829716068708174,0.0
1141.8413350785186,0.6827649705458109,0.0
1142.6304425569674,0.682558314816226,0.0
1143.4200953744169,0.6823516397375357,0.0
1144.2102939077415,0.6821449453652032,0.0
1145.0010385340765,0.6819382317546819,0.0
1145.792329630818,0.6817314989614154,0.0
1146.584167575622,0.6815247470408371,0.0
1147.3765527464063,0.6813179760483709,0.0
1148.1694855213498,0.6811111860394304,0.0
1148.9629662788923,0.6809043770694194,0.0
1149.7569953977356,0.6806975491937318,0.0
1150.5515732568442,0.680490702467751,0.0
1151.3467002354412,0.6802838369468511,0.0
1152.1423767130145,0.6800769526863958,0.0
1152.9386030693142,0.6798700497417385,0.0
1153.7353796843522,0.6796631281682226,0.0
1154.532706938403,0.6794561880211817,0.0
1155.330585212004,0.6792492293559386,0.0
1156.1290148859557,0.6790422522278066,0.0
1156.9279963413217,0.6788352566920882,0.0
1157.727529959429,0.6786282428040763,0.0
1158.5276161218678,0.678421210619053,0.0
1159.3282552104924,0.6782141601922903,0.0
1160.1294476074208,0.6780070915790499,0.0
1160.9311936950353,0.6778000048345835,0.0
1161.733493855982,0.6775929000141317,0.0
1162.536348473172,0.6773857771729258,0.0
1163.3397579297816,0.6771786363661852,0.0
1164.1437226092492,0.6769714776491208,0.0
1164.9482428952808,0.6767643010769316,0.0
1165.7533191718471,0.6765571067048066,0.0
1166.5589518231836,0.6763498945879244,0.0
1167.3651412337917,0.6761426647814529,0.0
1168.1718877884387,0.6759354173405495,0.0
1168.9791918721571,0.6757281523203613,0.0
1169.7870538702462,0.6755208697760245,0.0
1170.5954741682713,0.675313569762665,0.0
1171.4044531520642,0.6751062523353977,0.0
1172.213991207723,0.6748989175493271,0.0
1173.0240887216132,0.674691565459547,0.0
1173.8347460803673,0.6744841961211406,0.0
1174.6459636708842,0.6742768095891803,0.0
1175.4577418803308,0.6740694059187278,0.0
1176.270081096142,0.6738619851648336,0.0
1177.0829817060203,0.6736545473825378,0.0
1177.8964440979341,0.6734470926268703,0.0
1178.7104686601224,0.6732396209528493,0.0
1179.5250557810919,0.6730321324154821,0.0
1180.3402058496174,0.6728246270697655,0.0
1181.1559192547427,0.6726171049706856,0.0
1181.97219638578,0.6724095661732171,0.0
1182.7890376323114,0.6722020107323239,0.0
1183.6064433841873,0.6719944387029589,0.0
1184.4244140315282,0.6717868501400645,0.0
1185.2429499647235,0.671579245098571,0.0
1186.062051574433,0.6713716236333989,0.0
1186.8817192515867,0.6711639857994568,0.0
1187.7019533873838,0.6709563316516425,0.0
1188.5227543732944,0.6707486612448427,0.0
1189.3441226010598,0.6705409746339328,0.0
1190.1660584626907,0.6703332718737773,0.0
1190.9885623504708,0.6701255530192292,0.0
1191.8116346569511,0.669917818125131,0.0
1192.6352757749576,0.669710067246313,0.0
1193.4594860975863,0.6695023004375951,0.0
1194.2842660182048,0.6692945177537852,0.0
1195.1096159304532,0.6690867192496806,0.0
1195.935536228243,0.6688789049800667,0.0
1196.7620273057582,0.668671074999718,0.0
1197.5890895574548,0.6684632293633974,0.0
1198.4167233780622,0.6682553681258564,0.0
1199.244929162582,0.6680474913418354,0.0
1200.0737073062885,0.6678395990660628,0.0
1200.90305820473,0.6676316913532562,0.0
1201.7329822537279,0.6674237682581212,0.0
1202.5634798493763,0.6672158298353523,0.0
1203.3945513880444,0.6670078761396324,0.0
1204.2261972663757,0.6667999072256322,0.0
1205.058417881284,0.6665919231480121,0.0
1205.8912136299616,0.66638392396142,0.0
1206.7245849098738,0.6661759097204922,0.0
1207.5585321187605,0.6659678804798538,0.0
1208.393055654637,0.665759836294118,0.0
1209.2281559157927,0.6655517772178862,0.0
1210.0638333007932,0.6653437033057483,0.0
1210.9000882084792,0.6651356146122824,0.0
1211.7369210379666,0.6649275111920551,0.0
1212.574332188648,0.6647193930996207,0.0
1213.412322060191,0.6645112603895222,0.0
1214.2508910525403,0.6643031131162905,0.0
1215.0900395659164,0.664094951334445,0.0
1215.929768000817,0.6638867750984927,0.0
1216.7700767580154,0.6636785844629292,0.0
1217.6109662385636,0.663470379482238,0.0
1218.4524368437903,0.6632621602108905,0.0
1219.294488975299,0.6630539267033467,0.0
1220.1371230349737,0.6628456790140544,0.0
1220.9803394249757,0.6626374171974491,0.0
1221.8241385477434,0.6624291413079543,0.0
1222.6685208059937,0.6622208513999819,0.0
1223.513486602722,0.6620125475279314,0.0
1224.3590363412018,0.6618042297461904,0.0
1225.2051704249857,0.6615958981091341,0.0
1226.0518892579046,0.661387552671126,0.0
1226.8991932440692,0.6611791934865171,0.0
1227.7470827878692,0.6609708206096465,0.0
1228.5955582939735,0.6607624340948408,0.0
1229.4446201673309,0.6605540339964147,0.0
1230.29426881317,0.6603456203686704,0.0
1231.1445046369995,0.6601371932658981,0.0
1231.9953280446084,0.6599287527423755,0.0
1232.8467394420672,0.6597202988523677,0.0
1233.6987392357232,0.6595118316501286,0.0
1234.5513278322087,0.6593033511898987,0.0
1235.4045056384355,0.6590948575259064,0.0
1236.2582730615964,0.6588863507123675,0.0
1237.1126305091657,0.658677830803486,0.0
1237.9675783889,0.6584692978534529,0.0
1238.8231171088364,0.6582607519164468,0.0
1239.6792470772953,0.6580521930466343,0.0
1240.5359687028783,0.657843621298169,0.0
1241.3932823944701,0.657635036725192,0.0
1242.2511885612373,0.657426439381832,0.0
1243.1096876126296,0.6572178293222053,0.0
1243.9687799583799,0.6570092066004152,0.0
1244.8284660085037,0.6568005712705528,0.0
1245.6887461733006,0.6565919233866963,0.0
1246.5496208633544,0.6563832630029108,0.0
1247.4110904895288,0.6561745901732502,0.0
1248.2731554629759,0.6559659049517542,0.0
1249.13581619513,0.6557572073924505,0.0
1249.9990730977102,0.6555484975493536,0.0
1250.8629265827194,0.6553397754764658,0.0
1251.7273770624465,0.6551310412277761,0.0
1252.592424949464,0.6549222948572611,0.0
1253.4580706566305,0.6547135364188842,0.0
1254.3243145970891,0.6545047659665961,0.0
1255.1911571842693,0.6542959835543349,0.0
1256.0585988318855,0.6540871892360254,0.0
1256.9266399539385,0.6538783830655795,0.0
1257.7952809647152,0.6536695650968966,0.0
1258.6645222787884,0.6534607353838625,0.0
1259.534364311018,0.6532518939803506,0.0
1260.4048074765499,0.6530430409402208,0.0
1261.2758521908188,0.6528341763173202,0.0
1262.1474988695425,0.6526253001654833,0.0
1263.0197479287297,0.6524164125385309,0.0
1263.8925997846757,0.6522075134902707,0.0
1264.766054853963,0.6519986030744976,0.0
1265.6401135534622,0.6517896813449935,0.0
1266.5147763003324,0.6515807483555265,0.0
1267.3900435120206,0.6513718041598521,0.0
1268.2659156062623,0.6511628488117124,0.0
1269.1423930010815,0.6509538823648363,0.0
1270.0194761147916,0.6507449048729396,0.0
1270.8971653659944,0.6505359163897243,0.0
1271.775461173582,0.6503269169688799,0.0
1272.654363956735,0.650117906664082,0.0
1273.5338741349242,0.6499088855289932,0.0
1274.4139921279102,0.6496998536172623,0.0
1275.2947183557435,0.6494908109825255,0.0
1276.1760532387664,0.6492817576784045,0.0
1277.0579971976078,0.649072693758509,0.0
1277.9405506531912,0.648863619276434,0.0
1278.8237140267295,0.6486545342857617,0.0
1279.7074877397267,0.6484454388400607,0.0
1280.5918722139784,0.648236332992886,0.0
1281.4768678715714,0.6480272167977791,0.0
1282.3624751348843,0.647818090308268,0.0
1283.2486944265877,0.6476089535778671,0.0
1284.1355261696442,0.6473998066600773,0.0
1285.0229707873086,0.6471906496083859,0.0
1285.9110287031285,0.6469814824762664,0.0
1286.7997003409437,0.6467723053171788,0.0
1287.6889861248874,0.6465631181845692,0.0
1288.5788864793858,0.6463539211318705,0.0
1289.4694018291582,0.6461447142125014,0.0
1290.360532599219,0.6459354974798667,0.0
1291.252279214872,0.6457262709873585,0.0
1292.1446421017195,0.6455170347883541,0.0
1293.037621685656,0.6453077889362172,0.0
1293.9312183928707,0.6450985334842979,0.0
1294.825432649847,0.6448892684859324,0.0
1295.7202648833634,0.6446799939944429,0.0
1296.615715520493,0.6444707100631377,0.0
1297.5117849886044,0.6442614167453115,0.0
1298.4084737153612,0.6440521140942448,0.0
1299.3057821287227,0.6438428021632041,0.0
1300.2037106569444,0.6436334810054423,0.0
1301.1022597285767,0.643424150674198,0.0
1302.001429772467,0.6432148112226957,0.0
1302.901221217759,0.6430054627041463,0.0
1303.8016344938926,0.6427961051717461,0.0
1304.702670030605,0.6425867386786779,0.0
1305.6043282579312,0.6423773632781096,0.0
1306.5066096061998,0.6421679790231962,0.0
1307.4095145060403,0.6419585859670776,0.0
1308.3130433883791,0.6417491841628797,0.0
1309.21719668444,0.6415397736637145,0.0
1310.121974825745,0.6413303545226795,0.0
1311.0273782441138,0.6411209267928583,0.0
1311.9334073716655,0.6409114905273198,0.0
1312.8400626408168,0.6407020457791192,0.0
1313.7473444842838,0.6404925926012969,0.0
1314.6552533350819,0.6402831310468794,0.0
1315.5637896265248,0.6400736611688788,0.0
1316.4729537922267,0.6398641830202925,0.0
1317.382746266101,0.6396546966541041,0.0
1318.2931674823608,0.6394452021232824,0.0
1319.2042178755196,0.6392356994807818,0.0
1320.115897880391,0.6390261887795426,0.0
1321.0282079320905,0.6388166700724901,0.0
1321.94114846603,0.638607143412536,0.0
1322.854719917927,0.6383976088525767,0.0
1323.7689227237981,0.6381880664454944,0.0
1324.6837573199618,0.6379785162441569,0.0
1325.5992241430374,0.6377689583014171,0.0
1326.5153236299466,0.6375593926701136,0.0
1327.4320562179128,0.6373498194030705,0.0
1328.3494223444613,0.6371402385530968,0.0
1329.2674224474206,0.6369306501729874,0.0
1330.1860569649207,0.6367210543155225,0.0
1331.105326335395,0.6365114510334672,0.0
1332.02523099758,0.6363018403795723,0.0
1332.945771390515,0.6360922224065737,0.0
1333.8669479535429,0.6358825971671928,0.0
1334.7887611263104,0.6356729647141358,0.0
1335.711211348769,0.6354633251000943,0.0
1336.6342990611706,0.6352536783777458,0.0
1337.558024704075,0.6350440245997521,0.0
1338.4823887183454,0.6348343638187602,0.0
1339.4073915451497,0.6346246960874029,0.0
1340.3330336259605,0.6344150214582974,0.0
1341.2593154025553,0.6342053399840464,0.0
1342.1862373170177,0.6339956517172377,0.0
1343.113799811736,0.6337859567104439,0.0
1344.0420033294045,0.633576255016223,0.0
1344.9708483130235,0.6333665466871174,0.0
1345.9003352058992,0.6331568317756555,0.0
1346.8304644516447,0.6329471103343497,0.0
1347.7612364941795,0.632737382415698,0.0
1348.692651777729,0.6325276480721829,0.0
1349.6247107468268,0.6323179073562721,0.0
1350.5574138463135,0.6321081603204182,0.0
1351.4907615213376,0.6318984070170581,0.0
1352.4247542173523,0.6316886474986149,0.0
1353.3593923801218,0.6314788818174953,0.0
1354.2946764557175,0.6312691100260912,0.0
1355.2306068905193,0.6310593321767793,0.0
1356.1671841312148,0.6308495483219212,0.0
1357.104408624801,0.630639758513863,0.0
1358.0422808185833,0.6304299628049358,0.0
1358.980801160177,0.6302201612474553,0.0
1359.9199700975057,0.6300103538937218,0.0
1360.8597880788034,0.6298005407960207,0.0
1361.8002555526134,0.6295907220066214,0.0
1362.7413729677892,0.6293808975777784,0.0
1363.6831407734944,0.6291710675617307,0.0
1364.625559419203,0.6289612320107019,0.0
1365.5686293546999,0.6287513909769002,0.0
1366.51235103008,0.6285415445125184,0.0
1367.456724895752,0.6283316926697334,0.0
1368.4017514024304,0.6281218355007077,0.0
1369.347431001146,0.6279119730575872,0.0
1370.29376414324,0.6277021053925026,0.0
1371.240751280365,0.6274922325575693,0.0
1372.1883928644863,0.6272823546048868,0.0
1373.1366893478812,0.6270724715865393,0.0
1374.0856411831398,0.6268625835545953,0.0
1375.0352488231645,0.6266526905611077,0.0
1375.9855127211713,0.6264427926581138,0.0
1376.9364333306892,0.6262328898976349,0.0
1377.88801110556,0.6260229823316772,0.0
1378.8402464999403,0.6258130700122307,0.0
1379.7931399683,0.62560315299127,0.0
1380.7466919654225,0.6253932313207538,0.0
1381.7009029464064,0.625183305052625,0.0
1382.655773366666,0.6249733742388105,0.0
1383.6113036819254,0.6247634389312225,0.0
1384.567494348229,0.6245534991817562,0.0
1385.524345821934,0.6243435550422913,0.0
1386.4818585597136,0.6241336065646917,0.0
1387.440033018556,0.6239236538008055,0.0
1388.3988696557662,0.6237136968024648,0.0
1389.3583689289642,0.6235037356214859,0.0
1390.3185312960866,0.6232937703096688,0.0
1391.2793572153867,0.6230838009187981,0.0
1392.2408471454341,0.6228738275006421,0.0
1393.2030015451157,0.6226638501069531,0.0
1394.1658208736355,0.6224538687894675,0.0
1395.1293055905148,0.6222438835999057,0.0
1396.093456155592,0.6220338945899717,0.0
1397.058273029024,0.6218239018113539,0.0
1398.023756671285,0.6216139053157245,0.0
1398.9899075431695,0.621403905154739,0.0
1399.956726105786,0.6211939013800378,0.0
1400.9242128205656,0.6209838940432447,0.0
1401.8923681492572,0.6207738831959669,0.0
1402.8611925539287,0.620563868889796,0.0
1403.8306864969675,0.620353851176307,0.0
1404.80085044108,0.6201438301070589,0.0
1405.7716848492933,0.6199338057335944,0.0
1406.7431901849532,0.6197237781074398,0.0
1407.7153669117272,0.6195137472801056,0.0
1408.688215493602,0.6193037133030853,0.0
1409.6617363948858,0.6190936762278567,0.0
1410.635930080207,0.6188836361058807,0.0
1411.6107970145156,0.6186735929886023,0.0
1412.5863376630825,0.61846354692745,0.0
1413.5625524915008,0.6182534979738357,0.0
1414.5394419656845,0.6180434461791551,0.0
1415.5170065518716,0.617833391594787,0.0
1416.495246716618,0.617623334272095,0.0
1417.4741629268062,0.6174132742624249,0.0
1418.4537556496398,0.6172032116171066,0.0
1419.4340253526452,0.6169931463874531,0.0
1420.4149725036725,0.6167830786247612,0.0
1421.3965975708943,0.6165730083803114,0.0
1422.3789010228074,0.616362935705367,0.0
1423.3618833282324,0.6161528606511752,0.0
1424.345544956313,0.6159427832689662,0.0
1425.3298863765183,0.6157327036099541,0.0
1426.3149080586409,0.6155226217253359,0.0
1427.3006104727986,0.615312537666292,0.0
1428.286994089434,0.6151024514839863,0.0
1429.2740593793148,0.6148923632295659,0.0
1430.2618068135337,0.6146822729541611,0.0
1431.2502368635112,0.6144721807088853,0.0
1432.2393500009882,0.614262086544836,0.0
1433.2291466980369,0.6140519905130931,0.0
1434.2196274270536,0.6138418926647198,0.0
1435.2107926607619,0.6136317930507625,0.0
1436.2026428722108,0.6134216917222511,0.0
1437.1951785347776,0.6132115887301983,0.0
1438.188400122166,0.6130014841256,0.0
1439.182308108407,0.6127913779594353,0.0
1440.1769029678594,0.6125812702826663,0.0
1441.17218517521,0.6123711611462382,0.0
1442.1681552054733,0.6121610506010795,0.0
1443.1648135339924,0.6119509386981012,0.0
1444.1621606364386,0.6117408254881979,0.0
1445.1601969888118,0.6115307110222468,0.0
1446.1589230674417,0.6113205953511082,0.0
1447.1583393489861,0.6111104785256253,0.0
1448.1584463104343,0.6109003605966241,0.0
1449.159244429101,0.6106902416149144,0.0
1450.1607341826343,0.6104801216312877,0.0
1451.162916049012,0.6102700006965193,0.0
1452.1657905065417,0.6100598788613668,0.0
1453.1693580338613,0.6098497561765708,0.0
1454.17361910994,0.6096396326928549,0.0
1455.1785742140778,0.6094295084609253,0.0
1456.1842238259055,0.6092193835314712,0.0
1457.1905684253863,0.6090092579551644,0.0
1458.1976084928142,0.6087991317826595,0.0
1459.2053445088156,0.6085890050645939,0.0
1460.213776954349,0.6083788778515877,0.0
1461.222906310705,0.6081687501942438,0.0
1462.2327330595074,0.6079586221431476,0.0
1463.243257682712,0.6077484937488671,0.0
1464.2544806626101,0.6075383650619529,0.0
1465.266402481821,0.6073282361329392,0.0
1466.2790236233027,0.6071181070123415,0.0
1467.2923445703448,0.6069079777506585,0.0
1468.3063658065714,0.6066978483983715,0.0
1469.321087815941,0.6064877190059442,0.0
1470.3365110827456,0.6062775896238229,0.0
1471.3526360916128,0.6060674603024364,0.0
1472.3694633275047,0.6058573310921962,0.0
1473.386993275719,0.6056472020434959,0.0
1474.405226421888,0.6054370732067118,0.0
1475.4241632519806,0.6052269446322027,0.0
1476.4438042523004,0.6050168163703098,0.0
1477.4641499094882,0.6048066884713567,0.0
1478.4852007105203,0.6045965609856492,0.0
1479.50695714271,0.6043864339634758,0.0
1480.529419693707,0.6041763074551072,0.0
1481.5525888514999,0.603966181510796,0.0
1482.5764651044099,0.6037560561807782,0.0
1483.6010489410999,0.6035459315152714,0.0
1484.6263408505692,0.6033358075644754,0.0
1485.6523413221555,0.6031256843785723,0.0
1486.6790508455338,0.6029155620077267,0.0
1487.7064699107182,0.6027054405020853,0.0
1488.7345990080612,0.6024953199117771,0.0
1489.763438628254,0.6022852002869131,0.0
1490.7929892623272,0.6020750816775866,0.0
1491.8232514016506,0.6018649641338731,0.0
1492.8542255379336,0.6016548477058304,0.0
1493.8859121632254,0.6014447324434979,0.0
1494.9183117699151,0.6012346183968977,0.0
1495.9514248507326,0.6010245056160336,0.0
1496.9852518987475,0.6008143941508916,0.0
1498.019793407371,0.6006042840514398,0.0
1499.0550498703562,0.600394175367628,0.0
1500.0910217817932,0.6001840681493888,0.0
1501.127709636118,0.5999739624466361,0.0
1502.1651139281066,0.5997638583092662,0.0
1503.2032351528774,0.5995537557871568,0.0
1504.2420738058902,0.5993436549301682,0.0
1505.2816303829482,0.5991335557881421,0.0
1506.3219053801963,0.5989234584109026,0.0
1507.362899294123,0.5987133628482553,0.0
1508.4046126215596,0.598503269149988,0.0
1509.4470458596804,0.5982931773658698,0.0
1510.490199506004,0.5980830875456525,0.0
1511.5340740583927,0.5978729997390692,0.0
1512.578670015052,0.5976629139958346,0.0
1513.6239878745328,0.5974528303656456,0.0
1514.6700281357298,0.5972427488981809,0.0
1515.7167912978846,0.5970326696431002,0.0
1516.7642778605789,0.5968225926500463,0.0
1517.812488323744,0.5966125179686427,0.0
1518.8614231876554,0.5964024456484948,0.0
1519.9110829529347,0.5961923757391897,0.0
1520.961468120549,0.5959823082902962,0.0
1522.0125791918115,0.5957722433513648,0.0
1523.0644166683824,0.5955621809719277,0.0
1524.116981052268,0.5953521212014984,0.0
1525.1702728458222,0.5951420640895724,0.0
1526.2242925517453,0.5949320096856265,0.0
1527.2790406730855,0.5947219580391193,0.0
1528.3345177132387,0.5945119091994906,0.0
1529.3907241759484,0.594301863216162,0.0
1530.4476605653063,0.5940918201385367,0.0
1531.5053273857523,0.5938817800159991,0.0
1532.5637251420756,0.5936717428979152,0.0
1533.622854339415,0.5934617088336325,0.0
1534.682715483254,0.5932516778724801,0.0
1535.7433090794304,0.5930416500637684,0.0
1536.80463563413,0.592831625456789,0.0
1537.8666956538875,0.5926216041008152,0.0
1538.929489645589,0.5924115860451014,0.0
1539.9930181164698,0.5922015713388836,0.0
1541.0572815741164,0.5919915600313791,0.0
1542.122280526466,0.5917815521717863,0.0
1543.1880154818066,0.5915715478092852,0.0
1544.2544869487774,0.5913615469930371,0.0
1545.3216954363695,0.5911515497721841,0.0
1546.3896414539254,0.5909415561958502,0.0
1547.45832551114,0.5907315663131404,0.0
1548.52774811806,0.5905215801731406,0.0
1549.5979097850848,0.5903115978249183,0.0
1550.6688110229663,0.5901016193175221,0.0
1551.7404523428113,0.5898916446999815,0.0
1552.8128342560751,0.5896816740213079,0.0
1553.885957274571,0.589471707330493,0.0
1554.959821910464,0.5892617446765102,0.0
1556.034428676274,0.5890517861083134,0.0
1557.1097780848743,0.5888418316748383,0.0
1558.1858706494932,0.588631881425001,0.0
1559.2627068837132,0.5884219354076994,0.0
1560.340287301472,0.5882119936718115,0.0
1561.4186124170624,0.5880020562661974,0.0
1562.4976827451326,0.5877921232396972,0.0
1563.5774988006867,0.5875821946411328,0.0
1564.6580610990843,0.5873722705193065,0.0
1565.7393701560413,0.5871623509230017,0.0
1566.8214264876303,0.5869524359009829,0.0
1567.9042306102804,0.5867425255019956,0.0
1568.9877830407786,0.5865326197747655,0.0
1570.0720842962653,0.5863227187680004,0.0
1571.1571348942423,0.586112822530388,0.0
1572.2429353525677,0.5859029311105971,0.0
1573.3294861894576,0.5856930445572776,0.0
1574.4167879234858,0.5854831629190597,0.0
1575.5048410735849,0.585273286244555,0.0
1576.5936461590463,0.5850634145823556,0.0
1577.6832036995195,0.5848535479810341,0.0
1578.7735142150138,0.5846436864891446,0.0
1579.864578225898,0.584433830155221,0.0
1580.9563962528996,0.5842239790277787,0.0
1582.0489688171067,0.5840141331553135,0.0
1583.1422964399676,0.5838042925863018,0.0
1584.2363796432905,0.583594457369201,0.0
1585.3312189492447,0.5833846275524488,0.0
1586.4268148803599,0.5831748031844636,0.0
1587.5231679595286,0.5829649843136444,0.0
1588.6202787100003,0.5827551709883714,0.0
1589.7181476553903,0.5825453632570047,0.0
1590.8167753196747,0.5823355611678852,0.0
1591.916162227191,0.5821257647693343,0.0
1593.01630890264,0.581915974109654,0.0
1594.1172158710845,0.5817061892371269,0.0
1595.2188836579503,0.5814964102000161,0.0
1596.3213127890263,0.581286637046565,0.0
1597.4245037904645,0.5810768698249977,0.0
1598.5284571887812,0.5808671085835188,0.0
1599.6331735108558,0.580657353370313,0.0
1600.7386532839325,0.5804476042335459,0.0
1601.8448970356192,0.5802378612213632,0.0
1602.951905293889,0.5800281243818911,0.0
1604.0596785870796,0.5798183937632361,0.0
1605.1682174438938,0.5796086694134853,0.0
1606.2775223934016,0.5793989513807055,0.0
1607.3875939650334,0.5791892397129452,0.0
1608.4984326885906,0.5789795344582319,0.0
1609.6100390942393,0.5787698356645737,0.0
1610.7224137125115,0.5785601433799595,0.0
1611.8355570743063,0.5783504576523578,0.0
1612.9494697108894,0.5781407785297179,0.0
1614.064152153894,0.577931106059969,0.0
1615.17960493532,0.5777214402910208,0.0
1616.2958285875359,0.5775117812707629,0.0
1617.4128236432773,0.5773021290470651,0.0
1618.5305906356484,0.5770924836677779,0.0
1619.649130098122,0.5768828451807314,0.0
1620.7684425645386,0.576673213633736,0.0
1621.888528569109,0.5764635890745823,0.0
1623.0093886464124,0.5762539715510411,0.0
1624.1310233313986,0.5760443611108625,0.0
1625.2534331593836,0.5758347578017785,0.0
1626.3766186660569,0.5756251616714994,0.0
1627.500580387477,0.5754155727677163,0.0
1628.625318860073,0.5752059911381,0.0
1629.750834620645,0.5749964168303019,0.0
1630.8771282063637,0.5747868498919527,0.0
1632.0042001547706,0.5745772903706637,0.0
1633.1320510037797,0.574367738314026,0.0
1634.2606812916758,0.5741581937696102,0.0
1635.3900915571164,0.5739486567849673,0.0
1636.5202823391307,0.5737391274076284,0.0
1637.651254177121,0.5735296056851041,0.0
1638.7830076108617,0.573320091664885,0.0
1639.9155431805004,0.5731105853944417,0.0
1641.048861426559,0.5729010869212247,0.0
1642.182962889931,0.5726915962926639,0.0
1643.3178481118873,0.5724821135561694,0.0
1644.4535176340669,0.5722726387591317,0.0
1645.589971998488,0.5720631719489201,0.0
1646.727211747542,0.5718537131728841,0.0
1647.8652374239953,0.571644262478353,0.0
1649.004049570989,0.5714348199126358,0.0
1650.14364873204,0.5712253855230213,0.0
1651.2840354510404,0.571015959356778,0.0
1652.4252102722583,0.5708065414611542,0.0
1653.567173740338,0.5705971318833775,0.0
1654.7099264003002,0.5703877306706558,0.0
1655.8534687975423,0.5701783378701765,0.0
1656.9978014778385,0.5699689535291059,0.0
1658.1429249873404,0.5697595776945912,0.0
1659.2888398725765,0.5695502104137582,0.0
1660.4355466804536,0.5693408517337127,0.0
1661.5830459582562,0.5691315017015403,0.0
1662.7313382536486,0.5689221603643053,0.0
1663.8804241146686,0.5687128277690531,0.0
1665.0303040897381,0.5685035039628072,0.0
1666.1809787276559,0.5682941889925714,0.0
1667.3324485776002,0.5680848829053287,0.0
1668.4847141891287,0.5678755857480416,0.0
1669.637776112179,0.5676662975676524,0.0
1670.791634897069,0.5674570184110824,0.0
1671.946291094496,0.5672477483252328,0.0
1673.1017452555388,0.5670384873569839,0.0
1674.257997931657,0.5668292355531958,0.0
1675.4150496746906,0.5666199929607075,0.0
1676.5729010368616,0.5664107596263379,0.0
1677.7315525707736,0.5662015355968849,0.0
1678.8910048294115,0.5659923209191261,0.0
1680.0512583661432,0.5657831156398182,0.0
1681.21231373472,0.5655739198056969,0.0
1682.3741714892715,0.5653647334634784,0.0
1683.5368321843143,0.5651555566598572,0.0
1684.7002963747477,0.5649463894415071,0.0
1685.8645646158539,0.5647372318550816,0.0
1687.0296374632987,0.5645280839472133,0.0
1688.1955154731322,0.5643189457645138,0.0
1689.3621992017886,0.5641098173535745,0.0
1690.529689206087,0.5639006987609654,0.0
1691.6979860432307,0.5636915900332361,0.0
1692.8670902708084,0.5634824912169153,0.0
1694.0370024467943,0.5632734023585108,0.0
1695.2077231295482,0.5630643235045096,0.0
1696.3792528778154,0.562855254701378,0.0
1697.5515922507275,0.562646195995561,0.0
1698.724741807803,0.5624371474334833,0.0
1699.898702108946,0.5622281090615482,0.0
1701.0734737144503,0.5620190809261381,0.0
1702.2490571849914,0.5618100630736153,0.0
1703.4254530816372,0.56160105555032,0.0
1704.6026619658421,0.5613920584025722,0.0
1705.7806843994479,0.5611830716766708,0.0
1706.959520944685,0.5609740954188933,0.0
1708.1391721641726,0.5607651296754967,0.0
1709.3196386209186,0.5605561744927168,0.0
1710.5009208783192,0.5603472299167683,0.0
1711.6830195001612,0.5601382959938451,0.0
1712.8659350506202,0.5599293727701197,0.0
1714.0496680942622,0.5597204602917437,0.0
1715.2342191960427,0.5595115586048478,0.0
1716.419588921308,0.5593026677555413,0.0
1717.6057778357956,0.5590937877899124,0.0
1718.792786505633,0.5588849187540286,0.0
1719.9806154973396,0.5586760606939355,0.0
1721.1692653778282,0.5584672136556581,0.0
1722.3587367143973,0.5582583776852005,0.0
1723.5490300747435,0.5580495528285448,0.0
1724.7401460269539,0.5578407391316527,0.0
1725.9320851395075,0.5576319366404641,0.0
1727.124847981277,0.5574231454008978,0.0
1728.318435121528,0.5572143654588516,0.0
1729.5128471299192,0.5570055968602018,0.0
1730.7080845765033,0.5567968396508035,0.0
1731.904148031727,0.5565880938764908,0.0
1733.1010380664304,0.5563793595830758,0.0
1734.2987552518496,0.5561706368163502,0.0
1735.4973001596143,0.5559619256220836,0.0
1736.6966733617496,0.5557532260460246,0.0
1737.896875430676,0.5555445381339005,0.0
1739.0979069392092,0.5553358619314172,0.0
1740.2997684605632,0.5551271974842586,0.0
1741.5024605683423,0.5549185448380887,0.0
1742.7059838365526,0.5547099040385486,0.0
1743.9103388395954,0.5545012751312588,0.0
1745.1155261522686,0.5542926581618178,0.0
1746.3215463497675,0.5540840531758033,0.0
1747.5284000076847,0.5538754602187709,0.0
1748.7360877020112,0.553666879336255,0.0
1749.9446100091354,0.5534583105737688,0.0
1751.1539675058443,0.5532497539768034,0.0
1752.3641607693235,0.553041209590829,0.0
1753.5751903771572,0.5528326774612937,0.0
1754.7870569073295,0.5526241576336245,0.0
1755.999760938223,0.5524156501532266,0.0
1757.213303048621,0.5522071550654835,0.0
1758.4276838177054,0.5519986724157575,0.0
1759.64290382506,0.551790202249389,0.0
1760.85896365067,0.5515817446116967,0.0
1762.0758638749157,0.5513732995479783,0.0
1763.293605078585,0.5511648671035092,0.0
1764.5121878428643,0.5509564473235433,0.0
1765.731612749342,0.550748040253313,0.0
1766.951880380009,0.5505396459380287,0.0
1768.1729913172576,0.5503312644228795,0.0
1769.394946143883,0.5501228957530324,0.0
1770.6177454430829,0.549914539973633,0.0
1771.8413897984583,0.5497061971298051,0.0
1773.0658797940137,0.5494978672666505,0.0
1774.2912160141561,0.5492895504292495,0.0
1775.517399043698,0.5490812466626606,0.0
1776.7444294678548,0.5488729560119204,0.0
1777.972307872247,0.5486646785220437,0.0
1779.2010348428996,0.5484564142380238,0.0
1780.4306109662423,0.5482481632048315,0.0
1781.6610368291122,0.5480399254674162,0.0
1782.8923130187466,0.5478317010707058,0.0
1784.124440122794,0.5476234900596058,0.0
1785.357418729307,0.5474152924789997,0.0
1786.5912494267448,0.5472071083737495,0.0
1787.8259328039733,0.5469989377886953,0.0
1789.061469450265,0.546790780768655,0.0
1790.2978599553,0.5465826373584245,0.0
1791.5351049091662,0.5463745076027782,0.0
1792.7732049023582,0.5461663915464681,0.0
1794.01216052578,0.5459582892342245,0.0
1795.2519723707433,0.5457502007107556,0.0
1796.4926410289681,0.5455421260207476,0.0
1797.7341670925841,0.5453340652088647,0.0
1798.9765511541298,0.545126018319749,0.0
1800.219793806553,0.5449179853980208,0.0
1801.4638956432138,0.5447099664882777,0.0
1802.7088572578762,0.5445019616350965,0.0
1803.95467924472,0.5442939708830304,0.0
1805.2013621983344,0.5440859942766116,0.0
1806.448906713719,0.5438780318603499,0.0
1807.6973133862846,0.5436700836787327,0.0
1808.946582811854,0.5434621497762255,0.0
1810.196715586661,0.5432542301972716,0.0
1811.447712307352,0.5430463249862924,0.0
1812.6995735709859,0.5428384341876867,0.0
1813.9522999750334,0.5426305578458314,0.0
1815.2058921173787,0.5424226960050811,0.0
1816.4603505963191,0.5422148487097682,0.0
1817.7156760105656,0.542007016004203,0.0
1818.9718689592426,0.5417991979326733,0.0
1820.2289300418884,0.5415913945394448,0.0
1821.4868598584562,0.5413836058687612,0.0
1822.7456590093152,0.5411758319648433,0.0
1824.005328095244,0.5409680728718905,0.0
1825.2658677174425,0.5407603286340793,0.0
1826.5272784775234,0.5405525992955637,0.0
1827.7895609775155,0.5403448849004758,0.0
1829.0527158198638,0.5401371854929254,0.0
1830.3167436074295,0.5399295011169996,0.0
1831.5816449434906,0.5397218318167634,0.0
1832.8474204317417,0.5395141776362592,0.0
1834.114070676295,0.5393065386195075,0.0
1835.3815962816798,0.5390989148105058,0.0
1836.6499978528432,0.5388913062532296,0.0
1837.9192759951509,0.5386837129916316,0.0
1839.1894313143864,0.5384761350696425,0.0
1840.4604644167518,0.5382685725311704,0.0
1841.7323759088688,0.5380610254201009,0.0
1843.0051663977795,0.5378534937802968,0.0
1844.2788364909402,0.5376459776555991,0.0
1845.5533867962324,0.5374384770898258,0.0
1846.8288179219564,0.5372309921267727,0.0
1848.1051304768323,0.5370235228102127,0.0
1849.382325070001,0.5368160691838965,0.0
1850.6604023110242,0.5366086312915519,0.0
1851.9393628098858,0.5364012091768846,0.0
1853.2192071769898,0.5361938028835774,0.0
1854.4999360231632,0.5359864124552907,0.0
1855.7815499596547,0.5357790379356621,0.0
1857.0640495981352,0.5355716793683066,0.0
1858.3474355506987,0.5353643367968169,0.0
1859.631708429862,0.5351570102647629,0.0
1860.9168688485656,0.5349496998156916,0.0
1862.2029174201728,0.5347424054931276,0.0
1863.4898547584714,0.534535127340573,0.0
1864.7776814776753,0.5343278654015063,0.0
1866.0663981924167,0.534120619719385,0.0
1867.3560055177588,0.5339133903376424,0.0
1868.6465040691874,0.5337061772996896,0.0
1869.9378944626142,0.5334989806489151,0.0
1871.2301773143763,0.5332918004286843,0.0
1872.523353241237,0.5330846366823402,0.0
1873.817422860385,0.5328774894532029,0.0
1875.1123867894364,0.5326703587845697,0.0
1876.408245646434,0.5324632447197151,0.0
1877.7050000498473,0.5322561473018909,0.0
1879.0026506185736,0.5320490665743259,0.0
1880.301197971938,0.5318420025802263,0.0
1881.600642729693,0.5316349553627753,0.0
1882.90098551202,0.5314279249651335,0.0
1884.2022269395288,0.5312209114304381,0.0
1885.504367633258,0.531013914801804,0.0
1886.8074082146773,0.5308069351223228,0.0
1888.1113493056803,0.5305999724350637,0.0
1889.416191528596,0.5303930267830727,0.0
1890.721935506182,0.5301860982093726,0.0
1892.0285818616255,0.5299791867569636,0.0
1893.3361312185448,0.5297722924688232,0.0
1894.6445842009891,0.5295654153879052,0.0
1895.953941433439,0.5293585555571412,0.0
1897.2642035408069,0.5291517130194393,0.0
1898.575371148436,0.528944887817685,0.0
1899.8874448821032,0.5287380799947404,0.0
1901.2004253680166,0.5285312895934451,0.0
1902.5143132328176,0.528324516656615,0.0
1903.8291091035805,0.5281177612270436,0.0
1905.1448136078134,0.527911023347501,0.0
1906.4614273734574,0.5277043030607343,0.0
1907.77895102889,0.5274976004094674,0.0
1909.097385202917,0.5272909154364018,0.0
1910.4167305247843,0.5270842481842151,0.0
1911.736987624171,0.526877598695562,0.0
1913.0581571311914,0.5266709670130744,0.0
1914.3802396763954,0.5264643531793606,0.0
1915.703235890768,0.5262577572370062,0.0
1917.027146405731,0.5260511792285733,0.0
1918.3519718531422,0.525844619196601,0.0
1919.6777128652961,0.5256380771836053,0.0
1921.0043700749243,0.525431553232079,0.0
1922.3319441151955,0.5252250473844915,0.0
1923.660435619716,0.5250185596832893,0.0
1924.9898452225302,0.5248120901708953,0.0
1926.3201735581204,0.5246056388897095,0.0
1927.6514212614072,0.5243992058821086,0.0
1928.9835889677508,0.524192791190446,0.0
1930.3166773129515,0.5239863948570515,0.0
1931.6506869332436,0.5237800169242325,0.0
1932.985618465307,0.5235736574342724,0.0
1934.3214725462594,0.5233673164294314,0.0
1935.6582498136593,0.5231609939519465,0.0
1936.9959509055047,0.5229546900440313,0.0
1938.334576460236,0.5227484047478763,0.0
1939.6741271167336,0.5225421381056483,0.0
1941.01460351432,0.5223358901594911,0.0
1942.3560062927595,0.5221296609515248,0.0
1943.6983360922584,0.5219234505238464,0.0
1945.0415935534654,0.5217172589185294,0.0
1946.385779317472,0.521511086177624,0.0
1947.7308940258129,0.5213049323431568,0.0
1949.0769383204658,0.5210987974571312,0.0
1950.4239128438526,0.5208926815615269,0.0
1951.7718182388387,0.5206865846983006,0.0
1953.1206551487358,0.5204805069093849,0.0
1954.4704242172943,0.5202744482366897,0.0
1955.8211260887156,0.5200684087221009,0.0
1957.172761407644,0.5198623884074811,0.0
1958.5253308191698,0.5196563873346695,0.0
1959.8788349688286,0.5194504055454814,0.0
1961.2332745026024,0.519244443081709,0.0
1962.5886500669194,0.5190384999851209,0.0
1963.9449623086546,0.5188325762974619,0.0
1965.3022118751305,0.5186266720604537,0.0
1966.6603994141162,0.518420787315794,0.0
1968.0195255738292,0.5182149221051571,0.0
1969.3795910029341,0.518009076470194,0.0
1970.7405963505448,0.5178032504525315,0.0
1972.102542266223,0.5175974440937735,0.0
1973.4654293999797,0.5173916574354998,0.0
1974.829258402277,0.5171858905192663,0.0
1976.1940299240205,0.5169801433866066,0.0
1977.5597446165714,0.5167744160790292,0.0
1978.9264031317396,0.5165687086380195,0.0
1980.294006121785,0.5163630211050393,0.0
1981.6625542394188,0.5161573535215267,0.0
1983.0320481378023,0.515951705928896,0.0
1984.402488470549,0.515746078368538,0.0
1985.7738758917242,0.5155404708818195,0.0
1987.1462110558443,0.5153348835100839,0.0
1988.5194946178792,0.5151293162946509,0.0
1989.8937272332505,0.5149237692768158,0.0
1991.2689095578335,0.5147182424978511,0.0
1992.6450422479559,0.514512735999005,0.0
1994.0221259603995,0.514307249821502,0.0
1995.4001613524003,0.5141017840065428,0.0
1996.779149081648,0.5138963385953044,0.0
1998.1590898062889,0.5136909136289397,0.0
1999.5399841849182,0.5134855091485786,0.0
2000.9218328765921,0.5132801251953262,0.0
2002.3046365408209,0.5130747618102645,0.0
2003.6883958375697,0.5128694190344514,0.0
2005.0731114272603,0.5126640969089207,0.0
2006.4587839707708,0.5124587954746828,0.0
2007.845414129436,0.5122535147727242,0.0
2009.2330025650479,0.5120482548440065,0.0
2010.6215499398556,0.511843015729468,0.0
2012.0110569165658,0.5116377974700248,0.0
2013.4015241583436,0.5114326001065667,0.0
2014.792952328812,0.5112274236799607,0.0
2016.1853420920527,0.5110222682310496,0.0
2017.5786941126064,0.5108171338006523,0.0
2018.9730090554735,0.5106120204295637,0.0
2020.368287586113,0.510406928158555,0.0
2021.7645303704467,0.5102018570283732,0.0
2023.1617380748498,0.5099968070797414,0.0
2024.5599113661647,0.5097917783533584,0.0
2025.9590509116924,0.5095867708898998,0.0
2027.3591573791953,0.5093817847300162,0.0
2028.7602314368964,0.5091768199143348,0.0
2030.1622737534817,0.5089718764834588,0.0
2031.5652849980984,0.5087669544779668,0.0
2032.9692658403567,0.5085620539384141,0.0
2034.3742169503291,0.5083571749053315,0.0
2035.7801389985518,0.5081523174192257,0.0
2037.1870326560236,0.5079474815205796,0.0
2038.5948985942077,0.5077426672498515,0.0
2040.003737485031,0.5075378746474762,0.0
2041.4135500008847,0.5073331037538644,0.0
2042.824336814625,0.5071283546094019,0.0
2044.2360985995747,0.5069236272544506,0.0
2045.6488360295161,0.5067189217293504,0.0
2047.0625497787034,0.5065142380744125,0.0
2048.4772405218546,0.5063095763299288,0.0
2049.892908934153,0.5061049365361642,0.0
2051.309555691251,0.5059003187333599,0.0
2052.727181469265,0.5056957229617335,0.0
2054.1457869447804,0.5054911492614779,0.0
2055.56537279485,0.5052865976727617,0.0
2056.9859396969946,0.50508206823573,0.0
2058.407488329202,0.5048775609905027,0.0
2059.83001936993,0.5046730759771764,0.0
2061.2535334981044,0.5044686132358227,0.0
2062.6780313931213,0.5042641728064896,0.0
2064.1035137348445,0.5040597547292003,0.0
2065.529981203609,0.503855359043954,0.0
2066.9574344802204,0.5036509857907255,0.0
2068.385874245955,0.5034466350094655,0.0
2069.8153011825557,0.5032423067401004,0.0
2071.2457159722417,0.5030380010225319,0.0
2072.677119297701,0.502833717896638,0.0
2074.1095118420953,0.5026294574022717,0.0
2075.542894289056,0.5024252195792623,0.0
2076.97726732269,0.5022210044674144,0.0
2078.4126316275733,0.5020168121065082,0.0
2079.8489878887585,0.5018126425362996,0.0
2081.286336791769,0.5016084957965204,0.0
2082.724679022603,0.5014043719268778,0.0
2084.1640152677332,0.5012002709670544,0.0
2085.6043462141065,0.5009961929567088,0.0
2087.0456725491435,0.5007921379354751,0.0
2088.4879949607416,0.5005881059429624,0.0
2089.931314137272,0.5003840970187564,0.0
2091.3756307675826,0.5001801112024177,0.0
2092.8209455409988,0.49997614853348177,0.0
2094.267259147317,0.49977220905146247,0.0
2095.714572276816,0.49956829279584464,0.0
2097.1628856202487,0.4993643998060937,0.0
2098.6121998688477,0.4991605301216456,0.0
2100.0625157143204,0.498956683781916,0.0
2101.5138338488546,0.4987528608262939,0.0
2102.966154965115,0.4985490612941441,0.0
2104.419479756246,0.49834528522480714,0.0
2105.87380891587,0.4981415326575988,0.0
2107.32914313809,0.49793780363181045,0.0
2108.785483117487,0.4977340981867095,0.0
2110.242829549124,0.49753041636153655,0.0
2111.7011831285427,0.4973267581955109,0.0
2113.160544551766,0.49712312372782524,0.0
2114.620914515299,0.4969195129976481,0.0
2116.082293716128,0.4967159260441234,0.0
2117.544682851716,0.4965123629063705,0.0
2119.0080826200146,0.4963088236234843,0.0
2120.472493719455,0.49610530823453486,0.0
2121.9379168489513,0.49590181677856776,0.0
2123.4043527079,0.495698349294604,0.0
2124.871801996183,0.49549490582163974,0.0
2126.340265414163,0.49529148639864656,0.0
2127.809743662688,0.4950880910645716,0.0
2129.280237443091,0.4948847198583371,0.0
2130.7517474571896,0.49468137281884067,0.0
2132.224274407285,0.4944780499849552,0.0
2133.6978189961656,0.49427475139552923,0.0
2135.1723819271033,0.4940714770893861,0.0
2136.6479639038585,0.4938682271053248,0.0
2138.1245656306764,0.49366500148211934,0.0
2139.602187812289,0.49346180025851927,0.0
2141.0808311539176,0.4932586234732486,0.0
2142.560496361265,0.4930554711650092,0.0
2144.0411841405275,0.49285234337247386,0.0
2145.5228951983877,0.49264924013429473,0.0
2147.0056302420157,0.49244616148909703,0.0
2148.4893899790713,0.49224310747548156,0.0
2149.9741751177035,0.49204007813202455,0.0
2151.4599863665494,0.49183707349727723,0.0
2152.946824434737,0.4916340936097663,0.0
2154.4346900318847,0.49143113850799347,0.0
2155.9235838680993,0.4912282082304355,0.0
2157.41350665398,0.49102530281554463,0.0
2158.9044591006177,0.4908224223017481,0.0
2160.3964419195927,0.4906195667274484,0.0
2161.8894558229786,0.49041673613102305,0.0
2163.3835015233403,0.4902139305508248,0.0
2164.8785797337355,0.4900111500251814,0.0
2166.374691167717,0.48980839459239617,0.0
2167.8718365393242,0.4896056642907468,0.0
2169.370016563096,0.4894029591584868,0.0
2170.8692319540637,0.4892002792338444,0.0
2172.369483427751,0.4889976245550231,0.0
2173.8707717001794,0.4887949951602013,0.0
2175.3730974878613,0.48859239108753266,0.0
2176.876461507807,0.48838981237514584,0.0
2178.3808644775213,0.4881872590611446,0.0
2179.8863071150054,0.48798473118360763,0.0
2181.392790138756,0.4877822287805888,0.0
2182.9003142677666,0.48757975189011704,0.0
2184.408880221528,0.4873773005501962,0.0
2185.9184887200277,0.4871748747988052,0.0
2187.429140483751,0.48697247467389804,0.0
2188.940836233681,0.48677010021340367,0.0
2190.453576691301,0.48656775145522535,0.0
2191.967362578587,0.4863654284372433,0.0
2193.4821946180205,0.4861631311973108,0.0
2194.9980735325794,0.4859608597732569,0.0
2196.5150000457415,0.4857586142028854,0.0
2198.0329748814847,0.48555639452397564,0.0
2199.551998764288,0.4853542007742797,0.0
2201.072072419129,0.4851520329915282,0.0
2202.593196571489,0.4849498912134247,0.0
2204.115371947348,0.48474777547764664,0.0
2205.6385992731903,0.4845456858218476,0.0
2207.1628792760002,0.48434362228365724,0.0
2208.6882126832647,0.4841415849006782,0.0
2210.214600222975,0.48393957371048885,0.0
2211.742042623624,0.4837375887506423,0.0
2213.2705406142086,0.4835356300586667,0.0
2214.800094924229,0.48333369767206485,0.0
2216.3307062836925,0.4831317916283145,0.0
2217.862375423104,0.4829299119648684,0.0
2219.3951030734797,0.48272805871915403,0.0
2220.9288899663384,0.4825262319285737,0.0
2222.4637368337053,0.48232443163050465,0.0
2223.9996444081107,0.48212265786229885,0.0
2225.5366134225924,0.48192091066128334,0.0
2227.074644610693,0.4817191900647596,0.0
2228.613738706463,0.4815174961100042,0.0
2230.153896444461,0.4813158288342684,0.0
2231.695118559752,0.48111418827477814,0.0
2233.2374057879083,0.48091257446873464,0.0
2234.780758865013,0.4807109874533133,0.0
2236.325178527656,0.48050942726566453,0.0
2237.8706655129367,0.4803078939429137,0.0
2239.417220558464,0.4801063875221606,0.0
2240.9648444023564,0.47990490804048,0.0
2242.5135377832453,0.47970345553492083,0.0
2244.0633014402647,0.4795020300425084,0.0
2245.614136113067,0.47930063160024106,0.0
2247.166042541814,0.4790992602450925,0.0
2248.7190214671773,0.478897916014011,0.0
2250.273073630342,0.47869659894391964,0.0
2251.828199773005,0.4784953090717163,0.0
2253.384400637375,0.4782940464342734,0.0
2254.941676966175,0.4780928110684381,0.0
2256.5000295026393,0.4778916030110322,0.0
2258.059458990518,0.4776904222988523,0.0
2259.6199661740743,0.4774892689686695,0.0
2261.181551798085,0.4772881430572298,0.0
2262.744216607843,0.47708704460125345,0.0
2264.307961349155,0.4768859736374359,0.0
2265.872786768344,0.47668493020244673,0.0
2267.438693612251,0.47648391433293047,0.0
2269.0056826282253,0.47628292606550604,0.0
2270.5737545641405,0.47608196543676723,0.0
2272.1429101683843,0.4758810324832823,0.0
2273.7131501898625,0.47568012724159403,0.0
2275.2844753779973,0.47547924974822003,0.0
2276.856886482729,0.4752784000396523,0.0
2278.4303842545164,0.4750775781523576,0.0
2280.0049694443373,0.474876784122777,0.0
2281.580642803688,0.47467601798732645,0.0
2283.1574050845848,0.47447527978239623,0.0
2284.7352570395624,0.4742745695443514,0.0
2286.3141994216767,0.4740738873095312,0.0
2287.8942329845036,0.47387323311425,0.0
2289.47535848214,0.473672606994796,0.0
2291.0575766692036,0.47347200898743264,0.0
2292.6408883008344,0.47327143912839725,0.0
2294.225294132695,0.4730708974539016,0.0
2295.8107949209652,0.47287038400013337,0.0
2297.397391422353,0.4726698988032532,0.0
2298.985084394087,0.47246944189939677,0.0
2300.5738745939207,0.4722690133246747,0.0
2302.163762780129,0.47206861311517,0.0
2303.754749711513,0.47186824130694344,0.0
2305.346836147396,0.47166789793602804,0.0
2306.940022847628,0.47146758303843184,0.0
2308.534310572583,0.4712672966501374,0.0
2310.1297000831605,0.47106703880710166,0.0
2311.7261921407867,0.470866809545256,0.0
2313.3237875074133,0.47066660890050627,0.0
2314.9224869455184,0.47046643690873335,0.0
2316.522291218108,0.47026629360579014,0.0
2318.1232010887143,0.47006617902750764,0.0
2319.7252173214,0.4698660932096888,0.0
2321.3283406807486,0.4696660361881115,0.0
2322.93257193188,0.46946600799852806,0.0
2324.537911840439,0.46926600867666535,0.0
2326.1443611726,0.4690660382582244,0.0
2327.7519206950674,0.46886609677888086,0.0
2329.3605911750756,0.4686661842742845,0.0
2330.9703733803885,0.46846630078005963,0.0
2332.581268079301,0.4682664463318049,0.0
2334.1932760406385,0.46806662096509355,0.0
2335.8063980337583,0.4678668247154725,0.0
2337.420634828549,0.4676670576184637,0.0
2339.0359871954315,0.4674673197095631,0.0
2340.6524559053596,0.46726761102424114,0.0
2342.2700417298183,0.4670679315979426,0.0
2343.8887454408277,0.4668682814660862,0.0
2345.5085678109403,0.46666866066406565,0.0
2347.129509613245,0.46646906922724773,0.0
2348.7515716213575,0.4662695071909757,0.0
2350.3747546094364,0.4660699745905652,0.0
2351.9990593521716,0.46587047146130683,0.0
2353.62448662479,0.46567099783846533,0.0
2355.251037203052,0.46547155375727983,0.0
2356.8787118632563,0.4652721392529637,0.0
2358.5075113822368,0.46507275436070467,0.0
2360.1374365373645,0.4648733991156646,0.0
2361.7684881065484,0.46467407355297974,0.0
2363.4006668682337,0.46447477770776036,0.0
2365.0339736014043,0.46427551161509123,0.0
2366.668409085583,0.46407627531003137,0.0
2368.30397410083,0.46387706882761365,0.0
2369.9406694277463,0.46367789220284567,0.0
2371.578495847471,0.46347874547070894,0.0
2373.2174541416834,0.46327962866615935,0.0
2374.8575450926055,0.4630805418241268,0.0
2376.498769482993,0.4628814849795156,0.0
2378.1411280961483,0.4626824581672041,0.0
2379.784621715915,0.462483461422045,0.0
2381.4292511266763,0.4622844947788651,0.0
2383.075017113359,0.4620855582724653,0.0
2384.7219204614316,0.46188665193762085,0.0
2386.3699619569056,0.46168777580908105,0.0
2388.0191423863357,0.4614889299215695,0.0
2389.6694625368195,0.4612901143097838,0.0
2391.3209231960004,0.4610913290083957,0.0
2392.9735251520638,0.46089257405205125,0.0
2394.6272691937415,0.46069384947537056,0.0
2396.2821561103096,0.4604951553129479,0.0
2397.9381866915896,0.46029649159935154,0.0
2399.5953617279497,0.4600978583691241,0.0
2401.253682010306,0.45989925565678164,0.0
2402.9131483301135,0.459700683496816,0.0
2404.5737614793825,0.4595021419236916,0.0
2406.235522250667,0.4593036309718472,0.0
2407.8984314370705,0.459105150675696,0.0
2409.5624898322426,0.45890670106962506,0.0
2411.2276982303824,0.4587082821879958,0.0
2412.8940574262383,0.4585098940651434,0.0
2414.561568215107,0.4583115367353775,0.0
2416.2302313928353,0.4581132102329813,0.0
2417.9000477558193,0.4579149145922131,0.0
2419.571018101007,0.45771664984730276,0.0
2421.243143225896,0.45751841603245774,0.0
2422.9164239285346,0.45732021318185706,0.0
2424.5908610075244,0.4571220413296547,0.0
2426.2664552620167,0.45692390050997833,0.0
2427.9432074917167,0.4567257907569299,0.0
2429.6211184968843,0.45652771210458515,0.0
2431.3001890783244,0.4563296645869942,0.0
2432.980420037404,0.4561316482381809,0.0
2434.6618121760403,0.4559336630921432,0.0
2436.3443662967047,0.4557357091828533,0.0
2438.0280832024246,0.45553778654425675,0.0
2439.7129636967807,0.4553398952102739,0.0
2441.399008583909,0.4551420352147986,0.0
2443.0862186685035,0.45494420659169876,0.0
2444.7745947558114,0.4547464093748165,0.0
2446.4641376516383,0.45454864359796765,0.0
2448.154848162346,0.45435090929494215,0.0
2449.846727094853,0.4541532064995039,0.0
2451.5397752566373,0.4539555352453908,0.0
2453.2339934557326,0.45375789556631463,0.0
2454.929382500733,0.4535602874959611,0.0
2456.62594320079,0.4533627110679901,0.0
2458.3236763656178,0.45316516631603465,0.0
2460.0225828054813,0.4529676532737036,0.0
2461.7226633312152,0.4527701719745779,0.0
2463.4239187542094,0.45257272245221297,0.0
2465.1263498864164,0.4523753047401383,0.0
2466.829957540349,0.4521779188718573,0.0
2468.534742529082,0.45198056488084726,0.0
2470.2407056662514,0.4517832428005592,0.0
2471.947847766056,0.4515859526644184,0.0
2473.6561696432573,0.4513886945058238,0.0
2475.3656721131797,0.45119146835814833,0.0
2477.0763559917114,0.45099427425473876,0.0
2478.788222095304,0.4507971122289157,0.0
2480.501271240973,0.45059998231397397,0.0
2482.2155042462996,0.45040288454318184,0.0
2483.9309219294296,0.4502058189497816,0.0
2485.647525109076,0.45000878556698976,0.0
2487.365314604511,0.44981178442799613,0.0
2489.0842912355797,0.4496148155659648,0.0
2490.804455822692,0.44941787901403357,0.0
2492.5258091868245,0.44922097480531403,0.0
2494.2483521495215,0.44902410297289175,0.0
2495.972085532894,0.44882726354982616,0.0
2497.6970101596226,0.44863045656915035,0.0
2499.4231268529547,0.44843368206387146,0.0
2501.150436436709,0.4482369400669703,0.0
2502.8789397352707,0.4480402306114017,0.0
2504.608637573597,0.447843553730094,0.0
2506.3395307772143,0.44764690945594976,0.0
2508.0716201722194,0.44745029782184503,0.0
2509.80490658528,0.44725371886062987,0.0
2511.5393908436363,0.4470571726051279,0.0
2513.275073775098,0.446860659088137,0.0
2515.0119562080513,0.4466641783424278,0.0
2516.750038971446,0.44646773040074667,0.0
2518.4893228948135,0.4462713152958121,0.0
2520.2298088082553,0.4460749330603167,0.0
2521.9714975424463,0.4458785837269272,0.0
2523.714389928636,0.44568226732828375,0.0
2525.458486798649,0.44548598389700056,0.0
2527.2037889848825,0.4452897334656656,0.0
2528.9502973203116,0.44509351606684033,0.0
2530.6980126384856,0.4448973317330603,0.0
2532.4469357735293,0.44470118049683455,0.0
2534.197067560146,0.444505062390646,0.0
2535.9484088336135,0.4443089774469514,0.0
2537.700960429789,0.44411292569818117,0.0
2539.4547231851056,0.4439169071767395,0.0
2541.209697936575,0.4437209219150047,0.0
2542.9658855217886,0.44352496994532675,0.0
2544.723286778917,0.4433290513000327,0.0
2546.481902546704,0.4431331660114211,0.0
2548.24173366448,0.4429373141117648,0.0
2550.002780972153,0.4427414956333102,0.0
2551.7650453102115,0.4425457106082778,0.0
2553.5285275197252,0.4423499590688612,0.0
2555.2932284423446,0.4421542410472283,0.0
2557.059148920302,0.4419585565755203,0.0
2558.826289796412,0.4417629056858524,0.0
2560.5946519140703,0.4415672884103133,0.0
2562.3642361172574,0.44137170478096543,0.0
2564.1350432505365,0.4411761548298449,0.0
2565.9070741590535,0.44098063858896164,0.0
2567.680329688539,0.440785156090299,0.0
2569.454810685309,0.44058970736581426,0.0
2571.2305179962627,0.4403942924474383,0.0
2573.007452468888,0.44019891136707484,0.0
2574.7856149512504,0.4400035641566036,0.0
2576.5650062920104,0.43980825084787545,0.0
2578.345627340411,0.4396129714727162,0.0
2580.127478946282,0.4394177260629249,0.0
2581.910561960042,0.43922251465027434,0.0
2583.6948772326964,0.439027337266511,0.0
2585.480425615838,0.438832193943355,0.0
2587.26720796165,0.43863708471250007,0.0
2589.0552251229024,0.43844200960561364,0.0
2590.8444779529555,0.43824696865433665,0.0
2592.6349673057603,0.43805196189028384,0.0
2594.426694035856,0.43785698934504336,0.0
2596.2196589983746,0.4376620510501773,0.0
2598.0138630490364,0.437467147037221,0.0
2599.8093070441555,0.4372722773376837,0.0
2601.6059918406368,0.4370774419830481,0.0
2603.4039182959796,0.43688264100477064,0.0
2605.203087268268,0.43668787443428125,0.0
2607.0034996161885,0.4364931423029835,0.0
2608.8051561990164,0.43629844464225453,0.0
2610.608057876622,0.43610378148344514,0.0
2612.412205509469,0.43590915285787957,0.0
2614.217599958617,0.4357145587968561,0.0
2616.0242420857194,0.4355199993316459,0.0
2617.8321327530257,0.43532547449349435,0.0
2619.641272823381,0.4351309843136201,0.0
2621.4516631602273,0.4349365288232153,0.0
2623.263304627603,0.434742108053446,0.0
2625.076198090143,0.4345477220354515,0.0
2626.8903444130806,0.4343533708003448,0.0
2628.7057444622465,0.43415905437921254,0.0
2630.52239910407,0.4339647728031148,0.0
2632.340309205579,0.43377052610308536,0.0
2634.159475634404,0.4335763143101307,0.0
2635.9798992587653,0.43338213745523285,0.0
2637.8015809474937,0.43318799556934623,0.0
2639.624521570016,0.43299388868339694,0.0
2641.4487219963603,0.43279981682828805,0.0
2643.2741830971554,0.4326057800348941,0.0
2645.1009057436336,0.4324117783340635,0.0
2646.928890807627,0.4322178117566184,0.0
2648.7581391615713,0.43202388033335426,0.0
2650.588651678506,0.43182998409504025,0.0
2652.4204292320724,0.431636123072419,0.0
2654.253472696516,0.43144229729620664,0.0
2656.0877829466867,0.431248506797093,0.0
2657.9233608580394,0.43105475160574097,0.0
2659.760207306633,0.4308610317527875,0.0
2661.5983231691334,0.43066734726884276,0.0
2663.437709322813,0.43047369818449044,0.0
2665.278366645544,0.4302800845302879,0.0
2667.120296015812,0.43008650633676565,0.0
2668.963498312709,0.4298929636344281,0.0
2670.8079744159327,0.42969945645375296,0.0
2672.653725205789,0.4295059848251914,0.0
2674.5007515631937,0.4293125487791683,0.0
2676.349054369669,0.42911914834608167,0.0
2678.1986345073483,0.4289257835563034,0.0
2680.0494928589737,0.4287324544401786,0.0
2681.901630307897,0.42853916102802597,0.0
2683.755047738082,0.4283459033501376,0.0
2685.609746034101,0.42815268143677915,0.0
2687.4657260811405,0.4279594953181897,0.0
2689.322988764996,0.4277663450245819,0.0
2691.1815349720773,0.4275732305861418,0.0
2693.041365589405,0.4273801520330287,0.0
2694.9024815046173,0.42718710939537524,0.0
2696.7648836059557,0.42699410270328897,0.0
2698.628572782285,0.42680113198684916,0.0
2700.4935499230814,0.4266081972761091,0.0
2702.3598159184357,0.4264152986010957,0.0
2704.2273716590535,0.42622243599180926,0.0
2706.0962180362562,0.4260296094782233,0.0
2707.9663559419814,0.42583681909028515,0.0
2709.837786268783,0.42564406485791534,0.0
2711.710509909831,0.425451346811008,0.0
2713.584527758914,0.4252586649794305,0.0
2715.4598407104377,0.42506601939302374,0.0
2717.336449659425,0.42487341008160223,0.0
2719.214355501518,0.4246808370749537,0.0
2721.093559132979,0.42448830040283925,0.0
2722.9740614506873,0.42429580009499374,0.0
2724.8558633521443,0.42410333618112506,0.0
2726.7389657354724,0.42391090869091486,0.0
2728.6233694994085,0.423718517654018,0.0
2730.5090755433166,0.4235261631000628,0.0
2732.3960847671815,0.4233338450586511,0.0
2734.284398071609,0.42314156355935806,0.0
2736.174016357827,0.42294931863173213,0.0
2738.0649405276868,0.4227571103052955,0.0
2739.957171483663,0.42256493860954353,0.0
2741.8507101288537,0.42237280357394497,0.0
2743.7455573669804,0.42218070522794215,0.0
2745.641714102391,0.4219886436009507,0.0
2747.5391812400558,0.4217966187223595,0.0
2749.4379596855724,0.42160463062153114,0.0
2751.3380503451644,0.4214126793278014,0.0
2753.239454125681,0.42122076487047955,0.0
2755.142171934597,0.4210288872788481,0.0
2757.0462046800194,0.42083704658216253,0.0
2758.951553270673,0.42064524280965343,0.0
2760.858218615919,0.42045347599052296,0.0
2762.7662016257445,0.4202617461539473,0.0
2764.6755032107662,0.420070053329076,0.0
2766.5861242822284,0.4198783975450321,0.0
2768.498065752007,0.4196867788309118,0.0
2770.411328532606,0.41949519721578477,0.0
2772.3259135371627,0.4193036527286942,0.0
2774.241821679443,0.4191121453986565,0.0
2776.159053873846,0.4189206752546613,0.0
2778.077611035402,0.41872924232567216,0.0
2779.9974940797724,0.4185378466406253,0.0
2781.9187039232543,0.4183464882284309,0.0
2783.8412414827753,0.41815516711797207,0.0
2785.7651076758984,0.4179638833381056,0.0
2787.69030342082,0.41777263691766137,0.0
2789.616829636374,0.41758142788544295,0.0
2791.5446872420202,0.41739025627022686,0.0
2793.4738771578636,0.4171991221007634,0.0
2795.404400304641,0.41700802540577586,0.0
2797.3362576037266,0.41681696621396125,0.0
2799.26944997713,0.41662594455398955,0.0
2801.2039783474997,0.4164349604545044,0.0
2803.1398436381205,0.41624401394412247,0.0
2805.0770467729153,0.4160531050514343,0.0
2807.015588676446,0.41586223380500315,0.0
2808.9554702739138,0.415671400233366,0.0
2810.8966924911583,0.41548060436503326,0.0
2812.83925625466,0.41528984622848836,0.0
2814.7831624915384,0.4150991258521883,0.0
2816.7284121295547,0.41490844326456333,0.0
2818.6750060971112,0.414717798494017,0.0
2820.6229453232513,0.41452719156892637,0.0
2822.572230737664,0.4143366225176411,0.0
2824.5228632706717,0.41414609136848596,0.0
2826.474843853248,0.4139555981497573,0.0
2828.4281734170077,0.41376514288972543,0.0
2830.3828528942095,0.413574725616634,0.0
2832.3388832177557,0.41338434635869986,0.0
2834.2962653211935,0.41319400514411336,0.0
2836.2550001387153,0.4130037020010381,0.0
2838.21508860516,0.41281343695761097,0.0
2840.1765316560113,0.41262321004194213,0.0
2842.1393302273996,0.4124330212821153,0.0
2844.103485256103,0.41224287070618737,0.0
2846.068997679546,0.41205275834218835,0.0
2848.035868435802,0.41186268421812194,0.0
2850.0040984635916,0.411672648361965,0.0
2851.973688702285,0.41148265080166757,0.0
2853.9446400919037,0.41129269156515325,0.0
2855.916953573111,0.41110277068031875,0.0
2857.8906300872286,0.41091288817503424,0.0
2859.8656705762255,0.41072304407714316,0.0
2861.8420759827222,0.41053323841446215,0.0
2863.8198472499903,0.41034347121478126,0.0
2865.7989853219533,0.41015374250586395,0.0
2867.779491143187,0.4099640523154468,0.0
2869.7613656589206,0.40977440067123977,0.0
2871.7446098150353,0.40958478760092626,0.0
2873.729224558067,0.4093952131321626,0.0
2875.7152108352057,0.40920567729257895,0.0
2877.7025695942953,0.4090161801097783,0.0
2879.691301783835,0.40882672161133726,0.0
2881.6814083529803,0.4086373018248056,0.0
2883.672890251542,0.4084479207777064,0.0
2885.6657484299867,0.40825857849753605,0.0
2887.6599838394413,0.40806927501176365,0.0
2889.655597431682,0.40788001034783344,0.0
2891.6525901591503,0.40769078453316104,0.0
2893.650962974944,0.40750159759513604,0.0
2895.6507168328185,0.4073124495611215,0.0
2897.651852687189,0.40712334045845333,0.0
2899.654371493131,0.40693427031444174,0.0
2901.6582742063783,0.40674523915636784,0.0
2903.6635617833267,0.4065562470114893,0.0
2905.670235181032,0.40636729390703547,0.0
2907.678295357212,0.40617837987020744,0.0
2909.687743270246,0.40598950492818264,0.0
2911.6985798791757,0.4058006691081099,0.0
2913.7108061437057,0.40561187243711166,0.0
2915.724423024204,0.4054231149422844,0.0
2917.739431481702,0.40523439665069544,0.0
2919.7558324778984,0.40504571758938884,0.0
2921.773626975147,0.4048570777853799,0.0
2923.792815936477,0.40466847726565736,0.0
2925.813400325578,0.4044799160571836,0.0
2927.8353811068077,0.4042913941868941,0.0
2929.8587592451895,0.4041029116816977,0.0
2931.8835357064127,0.4039144685684765,0.0
2933.909711456836,0.4037260648740861,0.0
2935.9372874634837,0.4035377006253548,0.0
2937.96626469405,0.4033493758490849,0.0
2939.9966441168976,0.4031610905720515,0.0
2942.028426701058,0.4029728448210032,0.0
2944.0616134162324,0.4027846386226618,0.0
2946.0962052327923,0.4025964720037223,0.0
2948.1322031217796,0.4024083449908532,0.0
2950.169608054908,0.4022202576106962,0.0
2952.2084210045623,0.4020322098898661,0.0
2954.2486429438018,0.4018442018549507,0.0
2956.2902748463493,0.40165623353251256,0.0
2958.333317686611,0.4014683049490859,0.0
2960.377772439661,0.4012804161311789,0.0
2962.4236400812497,0.4010925671052728,0.0
2964.4709215878,0.40090475789782276,0.0
2966.5196179364116,0.40071698853525517,0.0
2968.569730104857,0.4005292590439728,0.0
2970.6212590715863,0.4003415694503496,0.0
2972.6742058157247,0.4001539197807333,0.0
2974.728571317075,0.39996631006144484,0.0
2976.784356556116,0.39977874031877875,0.0
2978.841562514005,0.39959121057900243,0.0
2980.9001901725774,0.3994037208683569,0.0
2982.9602405143464,0.39921627121305614,0.0
2985.0217145225047,0.39902886163928775,0.0
2987.0846131809244,0.3988414921732123,0.0
2989.1489374741604,0.39865416284096383,0.0
2991.2146883874393,0.3984668736686497,0.0
2993.2818669066774,0.39827962468235023,0.0
2995.350474018469,0.3980924159081195,0.0
2997.4205107100906,0.39790524737198446,0.0
2999.4919779695015,0.3977181190999456,0.0
3001.5648767853427,0.39753103111797644,0.0
3003.639208146939,0.39734398345202404,0.0
3005.714973044299,0.39715697612800854,0.0
3007.792172468115,0.3969700091718235,0.0
3009.870807409765,0.3967830826093357,0.0
3011.9508788613107,0.3965961964663852,0.0
3014.0323878155,0.39640935076878536,0.0
3016.1153352657675,0.3962225455423227,0.0
3018.1997222062337,0.3960357808127573,0.0
3020.2855496317065,0.39584905660582226,0.0
3022.372818537683,0.39566237294722395,0.0
3024.4615299203415,0.3954757298626417,0.0
3026.551684776556,0.3952891273777296,0.0
3028.643284103887,0.39510256551811335,0.0
3030.736328900584,0.3949160443093926,0.0
3032.8308201655873,0.3947295637771408,0.0
3034.926758898527,0.39454312394690244,0.0
3037.0241460997236,0.3943567248441986,0.0
3039.12298277019,0.3941703664945214,0.0
3041.2232699116294,0.393984048923337,0.0
3043.325008526438,0.393797772156085,0.0
3045.428199617706,0.3936115362181772,0.0
3047.5328441892143,0.3934253411349998,0.0
3049.63894324544,0.39323918693191134,0.0
3051.746497791552,0.39305307363424563,0.0
3053.8555088334156,0.39286700126730756,0.0
3055.9659773775907,0.3926809698563769,0.0
3058.0779044313363,0.39249497942670414,0.0
3060.191291002597,0.39230903000351663,0.0
3062.3061381000252,0.3921231216120126,0.0
3064.422446732965,0.3919372542773643,0.0
3066.5402179114594,0.39175142802471713,0.0
3068.65945264625,0.3915656428791898,0.0
3070.7801519487753,0.39137989886587454,0.0
3072.9023168311737,0.39119419600983646,0.0
3075.025948306283,0.39100853433611427,0.0
3077.151047387642,0.39082291386971985,0.0
3079.277615089487,0.39063733463563843,0.0
3081.4056524267585,0.3904517966588285,0.0
3083.5351604150965,0.39026629996422185,0.0
3085.6661400708435,0.39008084457672365,0.0
3087.798592411044,0.38989543052121217,0.0
3089.932518453446,0.38971005782253915,0.0
3092.0679192165003,0.38952472650552966,0.0
3094.204795719365,0.3893394365949813,0.0
3096.3431489818927,0.38915418811566677,0.0
3098.4829800246503,0.3889689810923305,0.0
3100.624289868908,0.38878381554969055,0.0
3102.76707953664,0.38859869151243853,0.0
3104.9113500505273,0.3884136090052392,0.0
3107.057102433959,0.3882285680527305,0.0
3109.204337711029,0.38804356867952405,0.0
3111.353056906542,0.3878586109102044,0.0
3113.503261046008,0.38767369476932967,0.0
3115.6549511556473,0.3874888202814311,0.0
3117.8081282623893,0.3873039874710133,0.0
3119.9627933938727,0.38711919636255426,0.0
3122.1189475784468,0.3869344469805052,0.0
3124.2765918451705,0.38674973934929074,0.0
3126.435727223816,0.3865650734933086,0.0
3128.5963547448678,0.3863804494369302,0.0
3130.7584754395148,0.3861958672044998,0.0
3132.922090339667,0.3860113268203353,0.0
3135.087200477946,0.38582682830872783,0.0
3137.253806887685,0.38564237169394194,0.0
3139.4219106029327,0.38545795700021523,0.0
3141.5915126584514,0.38527358425175884,0.0
3143.762614089719,0.3850892534727573,0.0
3145.93521593293,0.3849049646873682,0.0
3148.109319224993,0.3847207179197225,0.0
3150.2849250035347,0.3845365131939249,0.0
3152.4620343068987,0.3843523505340528,0.0
3154.640648174145,0.3841682299641574,0.0
3156.8207676450534,0.383984151508263,0.0
3159.002393760121,0.3838001151903672,0.0
3161.1855275605644,0.3836161210344412,0.0
3163.3701700883203,0.38343216906442923,0.0
3165.5563223860477,0.38324825930424905,0.0
3167.743985497117,0.38306439177779156,0.0
3169.93316046563,0.38288056650892066,0.0
3172.123848336405,0.3826967835214751,0.0
3174.3160501549837,0.38251304283926596,0.0
3176.509766967631,0.38232934448607586,0.0
3178.7049998213333,0.3821456884856643,0.0
3180.9017497638015,0.3819620748617617,0.0
3183.10001784347,0.38177850363807253,0.0
3185.2998051094983,0.3815949748382749,0.0
3187.501112611771,0.38141148848601847,0.0
3189.7039414008973,0.3812280446049292,0.0
3191.9082925282137,0.38104464321860493,0.0
3194.114167045783,0.38086128435061517,0.0
3196.321566006394,0.38067796802450604,0.0
3198.5304904635636,0.38049469426379534,0.0
3200.740941471538,0.3803114630919732,0.0
3202.952920085294,0.3801282745325043,0.0
3205.1664273605275,0.3799451286088275,0.0
3207.381464353674,0.3797620253443536,0.0
3209.5980321218967,0.3795789647624673,0.0
3211.8161317230883,0.37939594688652645,0.0
3214.0357642158733,0.3792129717398625,0.0
3216.256930659607,0.37903003934578033,0.0
3218.479632114377,0.3788471497275579,0.0
3220.703869641005,0.3786643029084467,0.0
3222.929644301044,0.37848149891167165,0.0
3225.1569571567807,0.3782987377604309,0.0
3227.385809271237,0.37811601947789614,0.0
3229.616201708169,0.37793334408721224,0.0
3231.8481355320673,0.37775071161149765,0.0
3234.0816118081593,0.37756812207384405,0.0
3236.3166316024076,0.3773855754973166,0.0
3238.5531959815153,0.37720307190495334,0.0
3240.791306012912,0.3770206113197671,0.0
3243.0309627647766,0.3768381937647427,0.0
3245.272167306021,0.37665581926283886,0.0
3247.514920706297,0.3764734878369875,0.0
3249.7592240359945,0.37629119951009415,0.0
3252.0050783662446,0.3761089543050377,0.0
3254.2524847689174,0.3759267522446704,0.0
3256.5014443166247,0.37574459335181787,0.0
3258.7519580827184,0.37556247764927925,0.0
3261.0040271412936,0.3753804051598268,0.0
3263.257652567187,0.3751983759062065,0.0
3265.512835435977,0.3750163899111376,0.0
3267.769576823988,0.37483444719731285,0.0
3270.027877808285,0.37465254778739826,0.0
3272.28773946668,0.37447069170403335,0.0
3274.5491628777286,0.37428887896983104,0.0
3276.812149120735,0.37410710960737764,0.0
3279.0766992757394,0.3739253836392329,0.0
3281.3428144235395,0.37374370108793,0.0
3283.6104956456747,0.3735620619759756,0.0
3285.879744024434,0.3733804663258496,0.0
3288.150560642852,0.37319891416000556,0.0
3290.4229465847134,0.3730174055008703,0.0
3292.6969029345514,0.3728359403708443,0.0
3294.9724307776487,0.372654518792301,0.0
3297.2495312000383,0.37247314078758775,0.0
3299.528205288503,0.3722918063790253,0.0
3301.8084541305775,0.3721105155889075,0.0
3304.0902788145477,0.37192926843950197,0.0
3306.3736804294517,0.3717480649530497,0.0
3308.65866006508,0.3715669051517649,0.0
3310.9452188119762,0.3713857890578356,0.0
3313.233357761438,0.3712047166934231,0.0
3315.5230780055203,0.3710236880806615,0.0
3317.8143806370226,0.37084270324166074,0.0
3320.10726674951,0.3706617621985002,0.0
3322.4017374372993,0.3704808649732374,0.0
3324.697793795465,0.3703000115878985,0.0
3326.995436919836,0.37011920206448745,0.0
3329.294667907001,0.36993843642497903,0.0
3331.595487854305,0.36975771469132235,0.0
3333.897897859852,0.36957703688543986,0.0
3336.2018990225047,0.36939640302922755,0.0
3338.507492441885,0.36921581314455476,0.0
3340.814679218375,0.3690352672532646,0.0
3343.123460453118,0.36885476537717315,0.0
3345.4338372480156,0.36867430753807107,0.0
3347.7458107057346,0.36849389375772,0.0
3350.0593819297014,0.36831352405785855,0.0
3352.3745520241087,0.3681331984601964,0.0
3354.6913220939027,0.3679529169864174,0.0
3357.0096932448027,0.367772679658179,0.0
3359.32966658329,0.367592486497112,0.0
3361.6512432166082,0.3674123375248207,0.0
3363.974424252769,0.367232232762883,0.0
3366.299210800548,0.3670521722328503,0.0
3368.6256039694867,0.3668721559562474,0.0
3370.953604869895,0.3666921839545728,0.0
3373.283214612849,0.3665122562492983,0.0
3375.614434310193,0.36633237286186937,0.0
3377.9472650745397,0.36615253381370494,0.0
3380.28170801927,0.36597273912619754,0.0
3382.6177642585358,0.36579298882071315,0.0
3384.9554349072573,0.3656132829185913,0.0
3387.2947210811258,0.36543362144114505,0.0
3389.6356238966046,0.3652540044096611,0.0
3391.97814447093,0.36507443184539884,0.0
3394.3222839221025,0.3648949037695932,0.0
3396.6680433689035,0.36471542020345077,0.0
3399.015423930885,0.36453598116815245,0.0
3401.3644267283726,0.36435658668485243,0.0
3403.7150528824664,0.3641772367746787,0.0
3406.0673035150407,0.36399793145873266,0.0
3408.4211797487455,0.3638186707580892,0.0
3410.7766827070072,0.3636394546937971,0.0
3413.1338135140277,0.36346028328687824,0.0
3415.4925732947854,0.3632811565583285,0.0
3417.852963175038,0.3631020745291169,0.0
3420.2149842813187,0.36292303722018643,0.0
3422.5786377409418,0.36274404465245363,0.0
3424.943924681999,0.36256509684680815,0.0
3427.3108462333616,0.36238619382411386,0.0
3429.679403524682,0.36220733560520774,0.0
3432.049597686396,0.36202852221090065,0.0
3434.421429849711,0.36184975366197675,0.0
3436.794901146625,0.3616710299791941,0.0
3439.1700127099166,0.3614923511832842,0.0
3441.546765673146,0.3613137172949522,0.0
3443.925161170658,0.3611351283348767,0.0
3446.30520033758,0.36095658432371025,0.0
3448.686884309825,0.3607780852820786,0.0
3451.0702142240903,0.3605996312305814,0.0
3453.4551912178586,0.36042122218979183,0.0
3455.841816429399,0.36024285818025675,0.0
3458.230090997768,0.36006453922249637,0.0
3460.6200160628077,0.3598862653370048,0.0
3463.0115927651495,0.3597080365442499,0.0
3465.404822246212,0.3595298528646728,0.0
3467.799705648203,0.3593517143186884,0.0
3470.1962441141236,0.3591736209266849,0.0
3472.594438787753,0.35899557270902555,0.0
3474.9942908136723,0.35881756968604556,0.0
3477.3958013372508,0.3586396118780545,0.0
3479.798971504648,0.35846169930533567,0.0
3482.2038024628155,0.3582838319881457,0.0
3484.610295359499,0.35810600994671515,0.0
3487.0184513432364,0.35792823320124817,0.0
3489.4282715633585,0.3577505017719226,0.0
3491.839757169992,0.3575728156788898,0.0
3494.252909314058,0.3573951749422751,0.0
3496.6677291472715,0.35721757958217715,0.0
3499.084217822146,0.3570400296186685,0.0
3501.502376491989,0.35686252507179544,0.0
3503.922206310907,0.3566850659615778,0.0
3506.3437084338025,0.35650765230800896,0.0
3508.766884016377,0.35633028413105694,0.0
3511.1917342151346,0.356152961450661,0.0
3513.618260187367,0.35597568428673726,0.0
3516.046463091177,0.35579845265917387,0.0
3518.476344085464,0.3556212665878325,0.0
3520.907904329928,0.3554441260925492,0.0
3523.3411449850714,0.35526703119313335,0.0
3525.776067212197,0.35508998190936814,0.0
3528.212672173412,0.3549129782610106,0.0
3530.6509610316257,0.3547360202677913,0.0
3533.090934950551,0.35455910794941453,0.0
3535.5325950947054,0.35438224132555857,0.0
3537.9759426294104,0.35420542041587516,0.0
3540.4209787207938,0.35402864523998984,0.0
3542.8677045357895,0.3538519158175021,0.0
3545.3161212421364,0.3536752321679848,0.0
3547.7662300083816,0.35349859431098496,0.0
3550.218032003879,0.3533220022660231,0.0
3552.671528398796,0.353145456052593,0.0
3555.1267203640955,0.3529689556901639,0.0
3557.583609071561,0.352792501198177,0.0
3560.042195693784,0.35261609259604804,0.0
3562.5024814041644,0.35243972990316635,0.0
3564.964467376913,0.35226341313889514,0.0
3567.4281547870537,0.3520871423225715,0.0
3569.893544810421,0.35191091747350595,0.0
3572.360638623663,0.35173473861098314,0.0
3574.8294374042393,0.3515586057542615,0.0
3577.2999423304254,0.3513825189225731,0.0
3579.7721545813097,0.3512064781351238,0.0
3582.246075336796,0.35103048341109333,0.0
3584.721705777603,0.3508545347696353,0.0
3587.1990470852656,0.350678632229877,0.0
3589.6781004421355,0.3505027758109196,0.0
3592.158867031385,0.3503269655318381,0.0
3594.641348036993,0.35015120141168143,0.0
3597.125544643767,0.3499754834694721,0.0
3599.611458037332,0.34979981172420654,0.0
3602.0990894041292,0.3496241861948552,0.0
3604.588439931422,0.349448606900362,0.0
3607.079510807293,0.34927307385964523,0.0
3609.5723032206465,0.34909758709159644,0.0
3612.0668183612083,0.34892214661508153,0.0
3614.563057419527,0.34874675244893993,0.0
3617.0610215869724,0.3485714046119851,0.0
3619.5607120557393,0.34839610312300423,0.0
3622.0621300188454,0.34822084800075853,0.0
3624.5652766701332,0.3480456392639831,0.0
3627.0701532042704,0.34787047693138656,0.0
3629.57676081675,0.34769536102165194,0.0
3632.0851007038914,0.3475202915534357,0.0
3634.5951740628443,0.34734526854536807,0.0
3637.106982091575,0.3471702920160543,0.0
3639.620525988888,0.3469953619840728,0.0
3642.135806954414,0.34682047846797437,0.0
3644.6528261886106,0.3466456414862866,0.0
3647.1715848927674,0.34647085105750897,0.0
3649.692084269002,0.3462961072001156,0.0
3652.214325520265,0.34612140993255414,0.0
3654.738309850336,0.3459467592732467,0.0
3657.264038463828,0.34577215524058874,0.0
3659.7915125661866,0.3455975978529501,0.0
3662.3207333636897,0.3454230871286743,0.0
3664.851702063449,0.34524862308607895,0.0
3667.384419873411,0.3450742057434554,0.0
3669.9188880023557,0.34489983511906924,0.0
3672.4551076599005,0.3447255112311598,0.0
3674.9930800565003,0.3445512340979404,0.0
3677.5328064034366,0.34437700373759844,0.0
3680.0742879128393,0.34420282016829506,0.0
3682.617525797671,0.34402868340816567,0.0
3685.1625212717345,0.3438545934753194,0.0
3687.70927554967,0.3436805503878394,0.0
3690.257789846957,0.343506554163783,0.0
3692.808065379916,0.34333260482118133,0.0
3695.3601033657073,0.3431587023780395,0.0
3697.913905022333,0.34298484685233677,0.0
3700.469471568636,0.3428110382620262,0.0
3703.0268042243024,0.34263727662503507,0.0
3705.585904209861,0.34246356195926464,0.0
3708.146772746684,0.34228989428258993,0.0
3710.709411056987,0.34211627361286023,0.0
3713.2738203638314,0.34194269996789894,0.0
3715.8400018911234,0.3417691733655033,0.0
3718.407956863619,0.3415956938234439,0.0
3720.9776865069084,0.3414222613594674,0.0
3723.549192047441,0.34124887599129256,0.0
3726.1224747125098,0.341075537736613,0.0
3728.6975357302554,0.3409022466130959,0.0
3731.2743763296685,0.34072900263838307,0.0
3733.8529977405874,0.3405558058300902,0.0
3736.4334011937017,0.3403826562058068,0.0
3739.015587920551,0.3402095537830967,0.0
3741.599559153526,0.34003649857949786,0.0
3744.1853161258687,0.3398634906125221,0.0
3746.772860071674,0.3396905298996554,0.0
3749.36219222589,0.339517616458358,0.0
3751.953313824317,0.3393447503060641,0.0
3754.5462261036096,0.3391719314601818,0.0
3757.1409303012783,0.3389991599380937,0.0
3759.7374276556875,0.3388264357571564,0.0
3762.3357194060623,0.33865375893470034,0.0
3764.9358067924713,0.3384811294880304,0.0
3767.537691055853,0.3383085474344254,0.0
3770.1413734379985,0.3381360127911384,0.0
3772.746855181558,0.33796352557539655,0.0
3775.3541375300406,0.3377910858044011,0.0
3777.9632217278136,0.3376186934953275,0.0
3780.574109020105,0.33744634866532547,0.0
3783.186800653004,0.3372740513315186,0.0
3785.801297873459,0.3371018015110048,0.0
3788.4176019292827,0.33692959922085614,0.0
3791.035714069148,0.33675744447811895,0.0
3793.6556355425923,0.3365853372998136,0.0
3796.277367600015,0.3364132777029346,0.0
3798.900911492681,0.3362412657044509,0.0
3801.5262684727195,0.3360693013213053,0.0
3804.153439793128,0.33589738457041457,0.0
3806.7824267077604,0.335725515468671,0.0
3809.4132304713457,0.33555369403293966,0.0
3812.0458523394796,0.3353819202800605,0.0
3814.6802935686223,0.3352101942268472,0.0
3817.316555416105,0.3350385158900883,0.0
3819.954639140126,0.33486688528654607,0.0
3822.594545999754,0.33469530243295714,0.0
3825.2362772549272,0.3345237673460326,0.0
3827.8798341664556,0.33435228004245743,0.0
3830.525217996019,0.3341808405388912,0.0
3833.17243000617,0.33400944885196737,0.0
3835.8214714603346,0.33383810499829386,0.0
3838.47234362281,0.333666808994453,0.0
3841.125047758769,0.33349556085700116,0.0
3843.779585134257,0.333324360602469,0.0
3846.435957016196,0.3331532082473615,0.0
3849.0941646723863,0.33298210380815807,0.0
3851.754209371493,0.33281104730131217,0.0
3854.4160923830696,0.33264003874325154,0.0
3857.0798149775433,0.33246907815037846,0.0
3859.745378426219,0.33229816553906943,0.0
3862.41278400128,0.33212730092567516,0.0
3865.0820329757903,0.3319564843265207,0.0
3867.7531266236915,0.3317857157579055,0.0
3870.426066219806,0.33161499523610327,0.0
3873.1008530398394,0.3314443227773622,0.0
3875.777488360376,0.3312736983979045,0.0
3878.4559734588843,0.3311031221139269,0.0
3881.1363096137147,0.3309325939416006,0.0
3883.8184981041013,0.33076211389707105,0.0
3886.502540210162,0.33059168199645794,0.0
3889.1884372129,0.33042129825585553,0.0
3891.8761903942036,0.33025096269133236,0.0
3894.56580103685,0.3300806753189308,0.0
3897.257270424493,0.3299104361546691,0.0
3899.950599841683,0.32974024521453854,0.0
3902.645790573856,0.329570102514505,0.0
3905.342843907336,0.32940000807050923,0.0
3908.0417611293346,0.3292299618984658,0.0
3910.742543527955,0.3290599640142642,0.0
3913.4451923921893,0.32889001443376803,0.0
3916.1497090119205,0.3287201131728154,0.0
3918.8560946779235,0.32855026024721884,0.0
3921.5643506818647,0.3283804556727654,0.0
3924.274478316304,0.32821069946521636,0.0
3926.986478874693,0.32804099164030764,0.0
3929.700353651379,0.3278713322137494,0.0
3932.4161039416026,0.3277017212012266,0.0
3935.1337310415006,0.3275321586183983,0.0
3937.853236248108,0.3273626444808982,0.0
3940.5746208593446,0.3271931788043344,0.0
3943.2978861740403,0.3270237616042896,0.0
3946.0230334919183,0.3268543928963208,0.0
3948.7500641135985,0.3266850726959597,0.0
3951.478979340601,0.3265158010187123,0.0
3954.2097804753457,0.3263465778800591,0.0
3956.9424688211516,0.32617740329545536,0.0
3959.6770456822383,0.3260082772803305,0.0
3962.4135123637275,0.32583919985008875,0.0
3965.1518701716427,0.3256701710201087,0.0
3967.8921204129097,0.3255011908057435,0.0
3970.6342643953576,0.3253322592223209,0.0
3973.378303427719,0.3251633762851431,0.0
3976.1242388196315,0.32499454200948674,0.0
3978.8720718816376,0.32482575641060335,0.0
3981.6218039251853,0.3246570195037187,0.0
3984.3734362626333,0.3244883313040329,0.0
3987.126970207234,0.32431969182672177,0.0
3989.8824070731616,0.3241511010869345,0.0
3992.6397481754925,0.3239825590997953,0.0
3995.3989948302133,0.3238140658804029,0.0
3998.1601483542186,0.32364562144383063,0.0
4000.9232100653144,0.32347722580512644,0.0
4003.688181282217,0.323308878979313,0.0
4006.455063324554,0.32314058098138737,0.0
4009.2238575128645,0.3229723318263214,0.0
4011.994565168601,0.3228041315290615,0.0
4014.767187614129,0.32263598010452865,0.0
4017.5417261727275,0.3224678775676186,0.0
4020.3181821685903,0.3222998239332016,0.0
4023.0965569268265,0.3221318192161227,0.0
4025.87685177346,0.3219638634312014,0.0
4028.659068035433,0.32179595659323224,0.0
4031.443207040607,0.32162809871698395,0.0
4034.229270117749,0.32146028981720015,0.0
4037.017258596558,0.3212925299085992,0.0
4039.8071738076464,0.3211248190058739,0.0
4042.599017082547,0.32095715712369227,0.0
4045.3927897537123,0.3207895442766964,0.0
4048.188493154516,0.32062198047950347,0.0
4050.986128619253,0.3204544657467053,0.0
4053.7856974831407,0.32028700009286815,0.0
4056.5872010823186,0.3201195835325335,0.0
4059.39064075385,0.31995221608021723,0.0
4062.196017835722,0.31978489775040986,0.0
4065.0033336668475,0.31961762855757697,0.0
4067.8125895870626,0.31945040851615875,0.0
4070.6237869371307,0.31928323764057,0.0
4073.4369270587417,0.31911611594520034,0.0
4076.252011294517,0.31894904344441394,0.0
4079.0690409879926,0.31878202015255075,0.0
4081.8880174836468,0.3186150460839245,0.0
4084.708942126881,0.3184481212528237,0.0
4087.5318162640283,0.31828124567351224,0.0
4090.356641242351,0.3181144193602281,0.0
4093.183418410043,0.31794764232718475,0.0
4096.012149116229,0.3177809145885705,0.0
4098.842834710968,0.3176142361585467,0.0
4101.6754765452515,0.31744760705125247,0.0
4104.510075971001,0.31728102728080015,0.0
4107.346634341079,0.3171144968612757,0.0
4110.185153009276,0.31694801580674253,0.0
4113.025633330323,0.3167815841312372,0.0
4115.868076659885,0.31661520184877157,0.0
4118.712484354565,0.31644886897333224,0.0
4121.558857771903,0.31628258551888083,0.0
4124.407198270379,0.31611635149935374,0.0
4127.257507209405,0.31595016692866223,0.0
4130.109785949339,0.31578403182069253,0.0
4132.964035851479,0.31561794618930566,0.0
4135.820258278061,0.3154519100483377,0.0
4138.678454592266,0.3152859234115995,0.0
4141.538626158212,0.31511998629287685,0.0
4144.400774340963,0.31495409870593044,0.0
4147.264900506527,0.31478826066449594,0.0
4150.131006021855,0.314622472182284,0.0
4152.999092254841,0.3144567332729801,0.0
4155.869160574328,0.31429104395024465,0.0
4158.741212350102,0.3141254042277132,0.0
4161.615248952895,0.31395981411899593,0.0
4164.49127175439,0.3137942736376784,0.0
4167.369282127214,0.3136287827973208,0.0
4170.249281444946,0.3134633416114585,0.0
4173.131271082117,0.31329795009360134,0.0
4176.015252414192,0.31313260825723543,0.0
4178.901226817606,0.31296731611582057,0.0
4181.789195669735,0.31280207368279217,0.0
4184.67916034891,0.3126368809715605,0.0
4187.571122234414,0.31247173799551087,0.0
4190.4650827064825,0.31230664476800357,0.0
4193.361043146306,0.312141601302374,0.0
4196.259004936027,0.31197660761193313,0.0
4199.158969458747,0.3118116637099649,0.0
4202.060938098521,0.31164676960973176,0.0
4204.96491224036,0.3114819253244674,0.0
4207.870893270233,0.31131713086738394,0.0
4210.778882575068,0.31115238625166663,0.0
4213.688881542748,0.3109876914904761,0.0
4216.6008915621205,0.31082304659694854,0.0
4219.514914022992,0.3106584515841947,0.0
4222.430950316119,0.3104939064653008,0.0
4225.349001833232,0.3103294112533279,0.0
4228.2690699670175,0.3101649659613125,0.0
4231.191156111127,0.31000057060226593,0.0
4234.115261660174,0.3098362251891747,0.0
4237.041388009734,0.30967192973500063,0.0
4239.969536556348,0.30950768425268055,0.0
4242.899708697526,0.30934348875512646,0.0
4245.8319058317375,0.30917934325522545,0.0
4248.7661293584215,0.3090152477658399,0.0
4251.702380677985,0.3088512022998073,0.0
4254.640661191802,0.3086872068699402,0.0
4257.580972302213,0.30852326148902676,0.0
4260.523315412531,0.3083593661698297,0.0
4263.467691927037,0.3081955209250874,0.0
4266.414103250982,0.30803172576751336,0.0
4269.3625507905945,0.3078679807097957,0.0
4272.313035953059,0.30770428576459935,0.0
4275.265560146548,0.30754064094456285,0.0
4278.2201247802,0.3073770462623006,0.0
4281.176731264131,0.3072135017304022,0.0
4284.135381009431,0.3070500073614325,0.0
4287.09607542816,0.3068865631679316,0.0
4290.058815933359,0.3067231691624148,0.0
4293.023603939046,0.30655982535737336,0.0
4295.990440860212,0.3063965317652717,0.0
4298.959328112831,0.3062332883985523,0.0
4301.93026711385,0.3060700952696314,0.0
4304.9032592812,0.3059069523909006,0.0
4307.878306033789,0.3057438597747272,0.0
4310.855408791506,0.30558081743345344,0.0
4313.834568975224,0.30541782537939705,0.0
4316.815788006794,0.30525488362485126,0.0
4319.799067309055,0.3050919921820843,0.0
4322.78440830582,0.30492915106334,0.0
4325.771812421893,0.3047663602808374,0.0
4328.7612810830615,0.304603619846771,0.0
4331.7528157161,0.30444092977331055,0.0
4334.746417748765,0.30427829007260127,0.0
4337.742088609804,0.3041157007567638,0.0
4340.739829728949,0.3039531618378939,0.0
4343.739642536921,0.30379067332806303,0.0
4346.741528465428,0.30362823523931803,0.0
4349.74548894717,0.30346584758368095,0.0
4352.751525415836,0.30330351037314923,0.0
4355.759639306107,0.3031412236196962,0.0
4358.769832053653,0.30297898733526996,0.0
4361.782105095138,0.30281680153179463,0.0
4364.796459868218,0.3026546662211693,0.0
4367.812897811549,0.30249258141526836,0.0
4370.831420364764,0.3023305471259431,0.0
4373.852028968508,0.3021685633650185,0.0
4376.8747250644155,0.30200663014429596,0.0
4379.899510095117,0.30184474747555196,0.0
4382.92638550424,0.30168291537053876,0.0
4385.955352736411,0.30152113384098395,0.0
4388.986413237255,0.30135940289859064,0.0
4392.019568453393,0.3011977225550376,0.0
4395.054819832449,0.30103609282197885,0.0
4398.092168823045,0.3008745137110443,0.0
4401.131616874806,0.30071298523383905,0.0
4404.173165438359,0.30055150740194386,0.0
4407.216815965331,0.30039008022691566,0.0
4410.2625699083555,0.3002287037202849,0.0
4413.310428721067,0.3000673778935604,0.0
4416.360393858106,0.2999061027582248,0.0
4419.412466775123,0.29974487832573665,0.0
4422.46664892876,0.29958370460753025,0.0
4425.5229417766795,0.29942258161501534,0.0
4428.581346777548,0.29926150935957735,0.0
4431.641865391039,0.29910048785257726,0.0
4434.704499077834,0.29893951710535166,0.0
4437.769249299626,0.298778597129213,0.0
4440.836117519116,0.29861772793544905,0.0
4443.905105200017,0.2984569095353234,0.0
4446.976213807053,0.29829614194007525,0.0
4450.049444805962,0.2981354251609194,0.0
4453.124799663493,0.29797475920904637,0.0
4456.202279847408,0.29781414409562246,0.0
4459.281886826487,0.29765357983178936,0.0
4462.36362207052,0.29749306642866485,0.0
4465.447487050317,0.29733260389734206,0.0
4468.533483237703,0.29717219224888997,0.0
4471.621612105524,0.2970118314943528,0.0
4474.711875127629,0.29685152164475187,0.0
4477.804273778905,0.2966912627110828,0.0
4480.898809535246,0.2965310547043176,0.0
4483.99548387357,0.2963708976354037,0.0
4487.094298271818,0.2962107915152646,0.0
4490.195254208947,0.29605073635479934,0.0
4493.298353164939,0.2958907321648827,0.0
4496.4035966208,0.2957307789563655,0.0
4499.510986058557,0.2955708767400742,0.0
4502.620522961262,0.2954110255268109,0.0
4505.732208812993,0.2952512253273537,0.0
4508.846045098853,0.2950914761524565,0.0
4511.96203330497,0.29493177801284876,0.0
4515.0801749185,0.2947721309192361,0.0
4518.200471427629,0.2946125348822999,0.0
4521.322924321572,0.294452989912697,0.0
4524.447535090561,0.29429349602106075,0.0
4527.574305225874,0.29413405321799974,0.0
4530.7032362198115,0.2939746615140989,0.0
4533.834329565707,0.2938153209199186,0.0
4536.967586757926,0.2936560314459953,0.0
4540.103009291867,0.2934967931028415,0.0
4543.240598663961,0.29333760590094526,0.0
4546.380356371674,0.29317846985077095,0.0
4549.522283913506,0.29301938496275837,0.0
4552.666382788992,0.2928603512473236,0.0
4555.812654498708,0.2927013687148586,0.0
4558.96110054426,0.29254243737573105,0.0
4562.111722428297,0.2923835572402848,0.0
4565.264521654504,0.29222472831883967,0.0
4568.419499727606,0.29206595062169116,0.0
4571.576658153368,0.29190722415911097,0.0
4574.735998438599,0.29174854894134683,0.0
4577.897522091138,0.2915899249786218,0.0
4581.061230619876,0.29143135228113637,0.0
4584.227125534747,0.29127283085906575,0.0
4587.395208346724,0.2911143607225615,0.0
4590.565480567826,0.2909559418817513,0.0
4593.737943711119,0.2907975743467387,0.0
4596.912599290711,0.2906392581276035,0.0
4600.089448821759,0.2904809932344013,0.0
4603.268493820467,0.29032277967716397,0.0
4606.4497358040835,0.2901646174658992,0.0
4609.63317629091,0.2900065066105911,0.0
4612.818816800295,0.2898484471211994,0.0
4616.006658852638,0.2896904390076603,0.0
4619.196703969387,0.2895324822798859,0.0
4622.388953673045,0.28937457694776436,0.0
4625.583409487168,0.28921672302116014,0.0
4628.7800729363535,0.2890589205099136,0.0
4631.978945546266,0.2889011694238414,0.0
4635.18002884362,0.2887434697727362,0.0
4638.383324356183,0.28858582156636686,0.0
4641.588833612782,0.2884282248144784,0.0
4644.796558143297,0.2882706795267919,0.0
4648.006499478669,0.2881131857130048,0.0
4651.218659150893,0.28795574338279056,0.0
4654.433038693023,0.2877983525457988,0.0
4657.649639639178,0.2876410132116554,0.0
4660.86846352453,0.2874837253899624,0.0
4664.089511885317,0.2873264890902982,0.0
4667.312786258835,0.28716930432221716,0.0
4670.538288183447,0.28701217109525,0.0
4673.766019198573,0.28685508941890375,0.0
4676.995980844703,0.28669805930266146,0.0
4680.228174663393,0.2865410807559823,0.0
4683.462602197249,0.2863841537883026,0.0
4686.69926498996,0.2862272784090341,0.0
4689.938164586278,0.286070454627565,0.0
4693.179302532018,0.28591368245325965,0.0
4696.422680374066,0.28575696189545896,0.0
4699.668299660379,0.2856002929634801,0.0
4702.916161939979,0.2854436756666163,0.0
4706.166268762963,0.2852871100141376,0.0
4709.418621680498,0.28513059601528973,0.0
4712.673222244821,0.2849741336792952,0.0
4715.930072009243,0.2848177230153528,0.0
4719.18917252815,0.28466136403263753,0.0
4722.4505253570005,0.2845050567403009,0.0
4725.714132052328,0.28434880114747063,0.0
4728.979994171741,0.284192597263251,0.0
4732.248113273927,0.2840364450967226,0.0
4735.518490918653,0.28388034465694234,0.0
4738.79112866675,0.2837242959529435,0.0
4742.066028080145,0.28356829899373603,0.0
4745.343190721834,0.28341235378830604,0.0
4748.622618155898,0.2832564603456162,0.0
4751.904311947495,0.28310061867460556,0.0
4755.18827366287,0.2829448287841897,0.0
4758.474504869347,0.28278909068326047,0.0
4761.763007135331,0.2826334043806863,0.0
4765.053782030314,0.2824777698853122,0.0
4768.3468311248735,0.2823221872059595,0.0
4771.642155990669,0.28216665635142607,0.0
4774.93975820045,0.28201117733048636,0.0
4778.23963932805,0.2818557501518911,0.0
4781.541800948389,0.2817003748243679,0.0
4784.846244637481,0.2815450513566204,0.0
4788.152971972428,0.2813897797573288,0.0
4791.46198453141,0.28123456003515096,0.0
4794.773283893713,0.28107939219871997,0.0
4798.086871639708,0.28092427625664596,0.0
4801.402749350858,0.2807692122175155,0.0
4804.720918609722,0.28061420008989246,0.0
4808.041380999948,0.28045923988231525,0.0
4811.364138106283,0.28030433160330154,0.0
4814.689191514564,0.28014947526134404,0.0
4818.016542811729,0.2799946708649124,0.0
4821.346193585811,0.2798399184224529,0.0
4824.678145425939,0.2796852179423884,0.0
4828.0123999223415,0.27953056943311844,0.0
4831.348958666345,0.2793759729030192,0.0
4834.68782325038,0.27922142836044345,0.0
4838.02899526797,0.27906693581372094,0.0
4841.372476313744,0.27891249527115763,0.0
4844.718267983441,0.2787581067410364,0.0
4848.066371873882,0.278603770231617,0.0
4851.4167895830105,0.2784494857511355,0.0
4854.769522709867,0.2782952533078049,0.0
4858.124572854598,0.27814107290981505,0.0
4861.481941618456,0.2779869445653322,0.0
4864.841630603802,0.2778328682824995,0.0
4868.2036414140985,0.277678844069437,0.0
4871.567975653923,0.27752487193424125,0.0
4874.934634928957,0.2773709518849856,0.0
4878.303620845995,0.2772170839297205,0.0
4881.674935012939,0.27706326807647275,0.0
4885.048579038806,0.2769095043332461,0.0
4888.42455453372,0.2767557927080212,0.0
4891.802863108921,0.2766021332087555,0.0
4895.183506376762,0.276448525843383,0.0
4898.5664859507115,0.27629497061981484,0.0
4901.951803445354,0.27614146754593843,0.0
4905.339460476379,0.2759880166296194,0.0
4908.729458660607,0.2758346178786988,0.0
4912.121799615968,0.2756812713009951,0.0
4915.516484961512,0.27552797690430364,0.0
4918.913516317409,0.2753747346963967,0.0
4922.312895304947,0.275221544685023,0.0
4925.714623546536,0.2750684068779089,0.0
4929.118702665705,0.27491532128275703,0.0
4932.525134287107,0.2747622879072473,0.0
4935.933920036517,0.2746093067590365,0.0
4939.345061540832,0.2744563778457581,0.0
4942.758560428077,0.2743035011750229,0.0
4946.174418327399,0.2741506767544184,0.0
4949.592636869072,0.27399790459150924,0.0
4953.013217684496,0.27384518469383673,0.0
4956.436162406205,0.2736925170689195,0.0
4959.861472667844,0.2735399017242531,0.0
4963.289150104205,0.27338733866730974,0.0
4966.7191963512005,0.2732348279055392,0.0
4970.151613045878,0.2730823694463679,0.0
4973.586401826412,0.2729299632971993,0.0
4977.023564332114,0.27277760946541413,0.0
4980.463102203425,0.27262530795836987,0.0
4983.905017081918,0.27247305878340133,0.0
4987.349310610307,0.2723208619478203,0.0
4990.795984432435,0.2721687174589154,0.0
4994.245040193284,0.27201662532395277,0.0
4997.696479538971,0.2718645855501753,0.0
5001.1503041167525,0.2717125981448031,0.0
5004.606515575023,0.2715606631150334,0.0
5008.065115563314,0.2714087804680406,0.0
5011.526105732301,0.27125695021097623,0.0
5014.989487733802,0.2711051723509683,0.0
5018.4552632207615,0.2709534468951236,0.0
5021.923433847283,0.27080177385052456,0.0
5025.394001268609,0.2706501532242313,0.0
5028.866967141122,0.27049858502328106,0.0
5032.342333122352,0.2703470692546883,0.0
5035.820100870976,0.2701956059254448,0.0
5039.300272046813,0.2700441950425193,0.0
5042.782848310832,0.26989283661285796,0.0
5046.267831325151,0.2697415306433841,0.0
5049.755222753032,0.26959027714099815,0.0
5053.245024258892,0.269439076112578,0.0
5056.737237508295,0.2692879275649787,0.0
5060.231864167956,0.26913683150503254,0.0
5063.728905905742,0.268985787939549,0.0
5067.228364390675,0.26883479687531514,0.0
5070.730241292927,0.26868385831909497,0.0
5074.234538283832,0.26853297227762996,0.0
5077.741257035862,0.2683821387576389,0.0
5081.25039922266,0.26823135776581797,0.0
5084.761966519023,0.26808062930884036,0.0
5088.275960600904,0.26792995339335707,0.0
5091.792383145412,0.267779330025996,0.0
5095.311235830817,0.26762875921336277,0.0
5098.832520336551,0.26747824096204015,0.0
5102.356238343203,0.26732777527858836,0.0
5105.882391532524,0.26717736216954496,0.0
5109.410981587429,0.26702700164142495,0.0
5112.942010191996,0.2668766937007208,0.0
5116.475479031465,0.26672643835390225,0.0
5120.011389792241,0.26657623560741656,0.0
5123.549744161896,0.26642608546768837,0.0
5127.090543829167,0.2662759879411199,0.0
5130.633790483964,0.26612594303409015,0.0
5134.179485817347,0.2659759507529572,0.0
5137.727631521565,0.26582601110405496,0.0
5141.278229290026,0.26567612409369556,0.0
5144.831280817311,0.26552628972816844,0.0
5148.386787799173,0.2653765080137405,0.0
5151.944751932535,0.2652267789566564,0.0
5155.505174915493,0.2650771025631381,0.0
5159.068058447316,0.26492747883938517,0.0
5162.633404228451,0.26477790779157456,0.0
5166.201213960514,0.26462838942586114,0.0
5169.7714893463035,0.26447892374837706,0.0
5173.344232089789,0.2643295107652321,0.0
5176.919443896122,0.2641801504825135,0.0
5180.4971264716305,0.2640308429062863,0.0
5184.077281523821,0.2638815880425931,0.0
5187.65991076138,0.26373238589745407,0.0
5191.245015894183,0.26358323647686693,0.0
5194.832598633268,0.2634341397868071,0.0
5198.422660690874,0.2632850958332276,0.0
5202.015203780415,0.26313610462205916,0.0
5205.610229616491,0.2629871661592102,0.0
5209.2077399148875,0.2628382804505666,0.0
5212.807736392574,0.26268944750199225,0.0
5216.410220767709,0.26254066731932835,0.0
5220.015194759635,0.26239193990839416,0.0
5223.622660088886,0.26224326527498637,0.0
5227.232618477182,0.2620946434248795,0.0
5230.845071647436,0.2619460743638258,0.0
5234.46002132375,0.2617975580975552,0.0
5238.077469231417,0.2616490946317756,0.0
5241.697417096923,0.26150068397217235,0.0
5245.3198666479475,0.2613523261244086,0.0
5248.944819613364,0.2612040210941256,0.0
5252.572277723245,0.2610557688869416,0.0
5256.202242708843,0.2609075695084541,0.0
5259.834716302625,0.2607594229642371,0.0
5263.469700238245,0.2606113292598428,0.0
5267.107196250562,0.26046328840080124,0.0
5270.747206075629,0.2603153003926204,0.0
5274.3897314506985,0.26016736524078593,0.0
5278.034774114227,0.26001948295076144,0.0
5281.682335805869,0.25987165352798847,0.0
5285.332418266484,0.2597238769778863,0.0
5288.985023238132,0.25957615330585215,0.0
5292.64015246408,0.25942848251726114,0.0
5296.297807688797,0.2592808646174663,0.0
5299.957990657958,0.25913329961179865,0.0
5303.620703118446,0.25898578750556694,0.0
5307.28594681835,0.25883832830405795,0.0
5310.953723506972,0.25869092201253663,0.0
5314.624034934808,0.2585435686362455,0.0
5318.29688285358,0.25839626818040534,0.0
5321.972269016213,0.25824902065021477,0.0
5325.650195176847,0.25810182605085036,0.0
5329.33066309083,0.2579546843874669,0.0
5333.013674514726,0.2578075956651968,0.0
5336.699231206313,0.25766055988915093,0.0
5340.387334924581,0.25751357706441785,0.0
5344.077987429741,0.25736664719606434,0.0
5347.771190483215,0.25721977028913506,0.0
5351.466945847644,0.257072946348653,0.0
5355.165255286887,0.2569261753796189,0.0
5358.866120566025,0.25677945738701186,0.0
5362.569543451354,0.2566327923757888,0.0
5366.275525710393,0.25648618035088494,0.0
5369.984069111883,0.2563396213172135,0.0
5373.6951754257925,0.2561931152796655,0.0
5377.408846423297,0.25604666224311123,0.0
5381.125083876811,0.2559002622123979,0.0
5384.843889559969,0.2557539151923514,0.0
5388.565265247633,0.2556076211877756,0.0
5392.289212715889,0.2554613802034526,0.0
5396.015733742053,0.2553151922441426,0.0
5399.744830104666,0.2551690573145844,0.0
5403.476503583502,0.2550229754194943,0.0
5407.2107559595615,0.25487694656356746,0.0
5410.947589015077,0.2547309707514769,0.0
5414.6870045335145,0.2545850479878739,0.0
5418.429004299571,0.25443917827738816,0.0
5422.173590099175,0.25429336162462746,0.0
5425.920763719492,0.2541475980341778,0.0
5429.670526948923,0.25400188751060376,0.0
5433.422881577102,0.2538562300584478,0.0
5437.177829394908,0.2537106256822309,0.0
5440.935372194439,0.25356507438645226,0.0
5444.6955117690495,0.25341957617558963,0.0
5448.458249913328,0.2532741310540985,0.0
5452.223588423101,0.2531287390264135,0.0
5455.99152909544,0.2529834000969468,0.0
5459.762073728653,0.2528381142700895,0.0
5463.535224122297,0.2526928815502109,0.0
5467.310982077168,0.25254770194165854,0.0
5471.089349395308,0.25240257544875844,0.0
5474.870327880005,0.252257502075815,0.0
5478.653919335791,0.25211248182711116,0.0
5482.440125568449,0.251967514706908,0.0
5486.228948385006,0.25182260071944523,0.0
5490.02038959374,0.25167773986894093,0.0
5493.814451004178,0.2515329321595917,0.0
5497.611134427103,0.2513881775955722,0.0
5501.410441674534,0.25124347618103654,0.0
5505.212374559756,0.25109882792011623,0.0
5509.016934897305,0.25095423281692186,0.0
5512.824124502969,0.25080969087554233,0.0
5516.633945193791,0.250665202100045,0.0
5520.44639878807,0.2505207664944759,0.0
5524.261487105362,0.25037638406285945,0.0
5528.07921196648,0.2502320548091987,0.0
5531.899575193495,0.2500877787374752,0.0
5535.722578609738,0.249943555851649,0.0
5539.5482240398,0.24979938615565908,0.0
5543.376513309531,0.24965526965342288,0.0
5547.207448246047,0.24951120634883517,0.0
5551.041030677722,0.2493671962457717,0.0
5554.877262434196,0.24922323934808543,0.0
5558.716145346375,0.2490793356596069,0.0
5562.5576812464315,0.24893548518414774,0.0
5566.4018719677915,0.24879168792549652,0.0
5570.2487193451625,0.2486479438874209,0.0
5574.098225214516,0.24850425307366716,0.0
5577.950391413091,0.24836061548796032,0.0
5581.805219779396,0.24821703113400406,0.0
5585.66271215321,0.2480735000154808,0.0
5589.5228703755865,0.2479300221360516,0.0
5593.385696288848,0.24778659749935625,0.0
5597.25119173659,0.24764322610901324,0.0
5601.119358563684,0.24749990796861987,0.0
5604.990198616275,0.24735664308175234,0.0
5608.863713741786,0.24721343145196514,0.0
5612.739905788914,0.24707027308279209,0.0
5616.6187766076355,0.24692716797774542,0.0
5620.500328049204,0.24678411614031617,0.0
5624.384561966154,0.24664111757397436,0.0
5628.271480212305,0.2464981722821683,0.0
5632.161084642739,0.24635528026832648,0.0
5636.053377113842,0.24621244153585486,0.0
5639.948359483272,0.24606965608813852,0.0
5643.846033609972,0.24592692392854185,0.0
5647.746401354173,0.2457842450604076,0.0
5651.649464577386,0.24564161948705776,0.0
5655.555225142415,0.24549904721179297,0.0
5659.463684913345,0.24535652823789292,0.0
5663.374845755554,0.24521406256861614,0.0
5667.2887095357055,0.24507165020720015,0.0
5671.205278121756,0.24492929115686127,0.0
5675.124553382952,0.24478698542079497,0.0
5679.046537189831,0.24464473300217537,0.0
5682.9712314142225,0.24450253390415594,0.0
5686.898637929253,0.2443603881298687,0.0
5690.828758609346,0.24421829568242495,0.0
5694.761595330203,0.24407625656491494,0.0
5698.697149968842,0.24393427078040786,0.0
5702.635424403569,0.24379233833195196,0.0
5706.576420513991,0.24365045922257447,0.0
5710.520140181013,0.24350863345528165,0.0
5714.4665852868375,0.2433668610330589,0.0
5718.415757714971,0.2432251419588706,0.0
5722.3676593502205,0.2430834762356604,0.0
5726.322292078695,0.24294186386635055,0.0
5730.279657787807,0.24280030485384296,0.0
5734.239758366275,0.2426587992010182,0.0
5738.202595704121,0.24251734691073631,0.0
5742.168171692673,0.24237594798583614,0.0
5746.136488224568,0.2422346024291359,0.0
5750.107547193749,0.2420933102434328,0.0
5754.081350495469,0.24195207143150327,0.0
5758.057900026296,0.24181088599610256,0.0
5762.037197684092,0.24166975393996623,0.0
5766.019245368045,0.24152867526580826,0.0
5770.004044978655,0.24138764997632092,0.0
5773.991598417731,0.2412466780741767,0.0
5777.9819075884,0.24110575956202793,0.0
5781.9749743951,0.2409648944425051,0.0
5785.970800743587,0.24082408271821829,0.0
5789.969388540935,0.24068332439175674,0.0
5793.9707396955355,0.240542619465689,0.0
5797.974856117098,0.2404019679425632,0.0
5801.981739716653,0.24026136982490615,0.0
5805.99139240655,0.2401208251152246,0.0
5810.003816100462,0.23998033381600414,0.0
5814.019012713383,0.23983989592970986,0.0
5818.036984161631,0.2396995114587863,0.0
5822.057732362855,0.23955918040565707,0.0
5826.081259236011,0.23941890277272537,0.0
5830.1075667013965,0.23927867856237364,0.0
5834.136656680635,0.2391385077769637,0.0
5838.168531096674,0.2389983904188368,0.0
5842.203191873791,0.23885832649031363,0.0
5846.240640937594,0.2387183159936941,0.0
5850.280880215022,0.2385783589312578,0.0
5854.323911634345,0.23843845530526353,0.0
5858.369737125164,0.23829860511794965,0.0
5862.418358618416,0.2381588083715338,0.0
5866.469778046373,0.23801906506821346,0.0
5870.52399734264,0.23787937521016514,0.0
5874.581018442158,0.23773973879954508,0.0
5878.640843281208,0.23760015583848898,0.0
5882.703473797407,0.23746062632911216,0.0
5886.768911929712,0.23732115027350908,0.0
5890.837159618424,0.2371817276737537,0.0
5894.908218805172,0.23704235853190067,0.0
5898.9820914329375,0.23690304284998287,0.0
5903.058779446044,0.23676378063001316,0.0
5907.138284790159,0.23662457187398403,0.0
5911.22060941229,0.23648541658386796,0.0
5915.305755260796,0.23634631476161533,0.0
5919.393724285377,0.2362072664091586,0.0
5923.484518437083,0.2360682715284082,0.0
5927.578139668314,0.2359293301212547,0.0
5931.674589932816,0.23579044218956813,0.0
5935.773871185686,0.23565160773519836,0.0
5939.875985383375,0.2355128267599748,0.0
5943.980934483682,0.23537409926570663,0.0
5948.088720445762,0.23523542525418245,0.0
5952.199345230122,0.23509680472717104,0.0
5956.312810798625,0.23495823768642024,0.0
5960.429119114495,0.2348197241336583,0.0
5964.548272142296,0.23468126407059264,0.0
5968.670271847966,0.23454285749891074,0.0
5972.795120198798,0.2344045044202797,0.0
5976.922819163442,0.2342662048363464,0.0
5981.053370711909,0.23412795874873749,0.0
5985.1867768155735,0.23398976615905942,0.0
5989.32303944717,0.23385162706889842,0.0
5993.462160580798,0.23371354147982068,0.0
5997.60414219192,0.23357550939337174,0.0
6001.748986257364,0.2334375308110776,0.0
6005.8966947553245,0.23329960573444367,0.0
6010.047269665363,0.23316173416495534,0.0
6014.20071296841,0.2330239161040778,0.0
6018.357026646762,0.2328861515532562,0.0
6022.516212684089,0.2327484405139156,0.0
6026.678273065436,0.23261078298746032,0.0
6030.843209777202,0.23247317897527622,0.0
6035.011024807177,0.23233562847872777,0.0
6039.181720144519,0.2321981314991585,0.0
6043.35529777976,0.23206068803789423,0.0
6047.531759704807,0.2319232980962391,0.0
6051.711107912946,0.23178596167547755,0.0
6055.893344398838,0.2316486787768741,0.0
6060.078471158525,0.23151144940167323,0.0
6064.266490189425,0.23137427355109974,0.0
6068.45740349034,0.2312371512263568,0.0
6072.65121306145,0.23110008242863028,0.0
6076.847920904321,0.23096306715908424,0.0
6081.047529021897,0.23082610541886353,0.0
6085.250039418514,0.23068919720909203,0.0
6089.455454099885,0.23055234253087448,0.0
6093.663775073114,0.23041554138529627,0.0
6097.875004346697,0.23027879377342192,0.0
6102.089143930499,0.23014209969629632,0.0
6106.306195835793,0.23000545915494458,0.0
6110.526162075236,0.22986887215037174,0.0
6114.749044662875,0.22973233868356321,0.0
6118.9748456141515,0.22959585875548438,0.0
6123.203566945896,0.2294594323670808,0.0
6127.4352106763345,0.22932305951927823,0.0
6131.6697788250885,0.22918674021298263,0.0
6135.907273413176,0.22905047444908008,0.0
6140.147696463008,0.22891426222843694,0.0
6144.391049998398,0.2287781035518997,0.0
6148.637336044552,0.2286419984202952,0.0
6152.886556628083,0.2285059468344303,0.0
6157.138713777,0.22836994879509231,0.0
6161.393809520712,0.22823400430304872,0.0
6165.651845890035,0.22809811335904723,0.0
6169.912824917192,0.22796227596381552,0.0
6174.176748635791,0.2278264921180627,0.0
6178.443619080867,0.22769076182247702,0.0
6182.7134382888535,0.22755508507772737,0.0
6186.986208297591,0.22741946188446308,0.0
6191.261931146327,0.22728389224331375,0.0
6195.540608875721,0.22714837615488925,0.0
6199.822243527842,0.22701291361977993,0.0
6204.106837146171,0.22687750463855647,0.0
6208.394391775598,0.22674214921177002,0.0
6212.684909462429,0.22660684733995198,0.0
6216.978392254384,0.22647159902361413,0.0
6221.274842200597,0.2263364042632488,0.0
6225.5742613516195,0.22620126305932872,0.0
6229.876651759419,0.22606617541230709,0.0
6234.182015477381,0.22593114132261735,0.0
6238.490354560317,0.2257961607906737,0.0
6242.801671064441,0.22566123381687067,0.0
6247.115967047403,0.22552636040158316,0.0
6251.433244568271,0.22539154054516672,0.0
6255.753505687539,0.22525677424795745,0.0
6260.076752467119,0.22512206151027186,0.0
6264.402986970353,0.22498740233240705,0.0
6268.732211262005,0.22485279671464056,0.0
6273.06442740827,0.22471824465723053,0.0
6277.399637476767,0.22458374616041582,0.0
6281.737843536546,0.2244493012244157,0.0
6286.079047658088,0.22431490984943003,0.0
6290.423251913301,0.22418057203563935,0.0
6294.770458375529,0.22404628778320473,0.0
6299.1206691195475,0.22391205709226797,0.0
6303.4738862215645,0.22377787996295143,0.0
6307.830111759224,0.22364375639535805,0.0
6312.189347811611,0.22350968638957164,0.0
6316.5515964592305,0.22337566994565644,0.0
6320.9168597840435,0.22324170706365715,0.0
6325.285139869442,0.2231077977436006,0.0
6329.656438800259,0.22297394198549206,0.0
6334.030758662769,0.22284013978931913,0.0
6338.408101544686,0.22270639115504956,0.0
6342.78846953517,0.2225726960826317,0.0
6347.171864724822,0.22243905457199592,0.0
6351.558289205688,0.22230546662305084,0.0
6355.947745071262,0.22217193223568907,0.0
6360.340234416483,0.22203845140978046,0.0
6364.735759337738,0.22190502414517888,0.0
6369.134321932863,0.22177165044171704,0.0
6373.535924301143,0.2216383302992096,0.0
6377.940568543315,0.22150506371745013,0.0
6382.348256761567,0.22137185069621582,0.0
6386.758991059548,0.22123869123526277,0.0
6391.172773542337,0.22110558533432845,0.0
6395.589606316493,0.22097253299313133,0.0
6400.009491490019,0.22083953421137067,0.0
6404.432431172379,0.22070658898872655,0.0
6408.858427474493,0.22057369732486004,0.0
6413.287482508738,0.22044085921941328,0.0
6417.719598388955,0.2203080746720092,0.0
6422.154777230442,0.22017534368225156,0.0
6426.593021149962,0.2200426662497253,0.0
6431.034332265737,0.21991004237399633,0.0
6435.478712697456,0.21977747205461123,0.0
6439.926164566274,0.21964495529109798,0.0
6444.376689994806,0.2195124920829654,0.0
6448.830291107141,0.21938008242970317,0.0
6453.286970028832,0.21924772633078232,0.0
6457.7467288869075,0.21911542378565427,0.0
6462.209569809847,0.21898317479375265,0.0
6466.675494927621,0.21885097935449133,0.0
6471.144506371666,0.21871883746726517,0.0
6475.616606274888,0.21858674913145046,0.0
6480.091796771672,0.21845471434640443,0.0
6484.570079997875,0.2183227331114656,0.0
6489.051458090829,0.21819080542595334,0.0
6493.535933189348,0.21805893128916837,0.0
6498.023507433717,0.21792711070039245,0.0
6502.514182965707,0.2177953436588886,0.0
6507.007961928565,0.2176636301639009,0.0
6511.50484646702,0.21753197021465467,0.0
6516.004838727284,0.2174003638103564,0.0
6520.50794085705,0.2172688109501939,0.0
6525.0141550055,0.21713731163333594,0.0
6529.523483323294,0.2170058658589328,0.0
6534.035927962594,0.21687447362611578,0.0
6538.55149107702,0.21674313493399766,0.0
6543.070174821707,0.21661184978167225,0.0
6547.59198135327,0.2164806181682148,0.0
6552.116912829815,0.21634944009268173,0.0
6556.6449714109385,0.2162183155541109,0.0
6561.176159257732,0.21608724455152134,0.0
6565.710478532777,0.2159562270839135,0.0
6570.247931400152,0.21582526315026904,0.0
6574.78852002543,0.2156943527495512,0.0
6579.332246575683,0.21556349588070445,0.0
6583.879113219475,0.21543269254265446,0.0
6588.429122126874,0.21530194273430853,0.0
6592.982275469446,0.21517124645455535,0.0
6597.538575420258,0.21504060370226477,0.0
6602.098024153877,0.21491001447628827,0.0
6606.6606238463755,0.21477947877545883,0.0
6611.226376675336,0.21464899659859019,0.0
6615.795284819823,0.21451856794447904,0.0
6620.367350460429,0.21438819281190213,0.0
6624.94257577925,0.2142578711996181,0.0
6629.520962959883,0.21412760310636725,0.0
6634.10251418744,0.21399738853087122,0.0
6638.687231648541,0.21386722747183318,0.0
6643.275117531316,0.21373711992793792,0.0
6647.866174025409,0.21360706589785164,0.0
6652.460403321977,0.21347706538022224,0.0
6657.05780761369,0.21334711837367906,0.0
6661.658389094735,0.21321722487683298,0.0
6666.262149960813,0.21308738488827658,0.0
6670.869092409146,0.21295759840658396,0.0
6675.47921863847,0.21282786543031085,0.0
6680.092530849045,0.21269818595799472,0.0
6684.709031242655,0.21256855998815435,0.0
6689.3287220225875,0.21243898751929047,0.0
6693.95160539367,0.21230946854988544,0.0
6698.577683562252,0.21218000307840304,0.0
6703.206958736202,0.2120505911032891,0.0
6707.839433124917,0.21192123262297083,0.0
6712.475108939323,0.21179192763585716,0.0
6717.11398839187,0.211662676140339,0.0
6721.756073696541,0.2115334781347888,0.0
6726.401367068844,0.21140433361756064,0.0
6731.049870725823,0.21127524258699054,0.0
6735.701586886051,0.2111462050413963,0.0
6740.3565177696355,0.2110172209790773,0.0
6745.014665598219,0.21088829039831486,0.0
6749.676032594978,0.21075941329737205,0.0
6754.340620984625,0.21063058967449383,0.0
6759.0084329934125,0.2105018195279068,0.0
6763.679470849135,0.21037310285581962,0.0
6768.35373678111,0.21024443965642217,0.0
6773.031233020211,0.21011582992788766,0.0
6777.711961798852,0.20998727366836958,0.0
6782.395925350985,0.20985877087600419,0.0
6787.083125912109,0.20973032154890914,0.0
6791.773565719267,0.2096019256851845,0.0
6796.467247011047,0.20947358328291177,0.0
6801.164172027586,0.20934529434015473,0.0
6805.864343010568,0.20921705885495892,0.0
6810.567762203224,0.20908887682535193,0.0
6815.27443185034,0.20896074824934327,0.0
6819.98435419825,0.20883267312492443,0.0
6824.697531494841,0.2087046514500689,0.0
6829.413965989554,0.20857668322273215,0.0
6834.133659933384,0.2084487684408517,0.0
6838.856615578881,0.2083209071023471,0.0
6843.582835180161,0.20819309920511983,0.0
6848.312320992875,0.2080653447470537,0.0
6853.0450752742545,0.20793764372601417,0.0
6857.781100283082,0.2078099961398492,0.0
6862.520398279704,0.20768240198638843,0.0
6867.262971526027,0.20755486126344397,0.0
6872.008822285523,0.20742737396880973,0.0
6876.757952823224,0.207299940100262,0.0
6881.510365405732,0.207172559655559,0.0
6886.2660623012125,0.20704523263244132,0.0
6891.025045779399,0.20691795902863147,0.0
6895.787318111596,0.2067907388418342,0.0
6900.552881570672,0.20666357206973657,0.0
6905.321738431073,0.20653645871000775,0.0
6910.093890968812,0.20640939876029904,0.0
6914.869341461478,0.20628239221824402,0.0
6919.6480921882385,0.2061554390814582,0.0
6924.430145429816,0.2060285393475404,0.0
6929.21550346853,0.20590169301407052,0.0
6934.004168588272,0.20577490007861113,0.0
6938.79614307451,0.20564816053870724,0.0
6943.591429214291,0.2055214743918858,0.0
6948.390029296244,0.20539484163565647,0.0
6953.19194561058,0.20526826226751085,0.0
6957.997180449091,0.2051417362849232,0.0
6962.805736105153,0.2050152636853498,0.0
6967.617614873729,0.20488884446622965,0.0
6972.432819051365,0.2047624786249838,0.0
6977.251350936197,0.20463616615901578,0.0
6982.073212827947,0.20450990706571154,0.0
6986.898407027928,0.20438370134243938,0.0
6991.726935839042,0.20425754898655013,0.0
6996.558801565783,0.20413144999537686,0.0
7001.394006514245,0.2040054043662353,0.0
7006.232552992094,0.20387941209642327,0.0
7011.074443308612,0.20375347318322148,0.0
7015.919679774671,0.20362758762389294,0.0
7020.768264702739,0.203501755415683,0.0
7025.62020040688,0.2033759765558197,0.0
7030.475489202762,0.20325025104151345,0.0
7035.3341334076495,0.20312457886995736,0.0
7040.19613534041,0.20299896003832688,0.0
7045.061497321513,0.20287339454378012,0.0
7049.930221673033,0.20274788238345773,0.0
7054.8023107186455,0.20262242355448296,0.0
7059.677766783636,0.2024970180539615,0.0
7064.5565921948955,0.2023716658789818,0.0
7069.438789280922,0.20224636702661497,0.0
7074.324360371825,0.20212112149391445,0.0
7079.213307799321,0.2019959292779165,0.0
7084.105633896749,0.20187079037563974,0.0
7089.001340999036,0.20174570478408638,0.0
7093.900431442746,0.2016206725002403,0.0
7098.802907566048,0.20149569352106844,0.0
7103.708771708731,0.20137076784352032,0.0
7108.618026212196,0.20124589546452826,0.0
7113.530673419466,0.20112107638100726,0.0
7118.446715675183,0.20099631058985507,0.0
7123.366155325607,0.2008715980879521,0.0
7128.28899471862,0.20074693887216172,0.0
7133.2152362037305,0.20062233293932977,0.0
7138.144882132064,0.20049778028628518,0.0
7143.077934856376,0.20037328090983939,0.0
7148.014396731046,0.20024883480678682,0.0
7152.954270112081,0.20012444197390464,0.0
7157.897557357115,0.2000001024079529,0.0
7162.844260825422,0.1998758161056744,0.0
7167.794382877881,0.19975158306379487,0.0
7172.747925877025,0.19962740327902292,0.0
7177.704892187015,0.19950327674804988,0.0
7182.665284173641,0.1993792034675501,0.0
7187.629104204334,0.19925518343418092,0.0
7192.596354648156,0.19913121664458225,0.0
7197.56703787581,0.1990073030953774,0.0
7202.541156259634,0.19888344278317224,0.0
7207.518712173606,0.1987596357045557,0.0
7212.499707993349,0.1986358818560998,0.0
7217.4841460961225,0.19851218123435932,0.0
7222.4720288608305,0.19838853383587216,0.0
7227.463358668023,0.19826493965715916,0.0
7232.458137899891,0.19814139869472425,0.0
7237.456368940277,0.1980179109450543,0.0
7242.458054174665,0.1978944764046193,0.0
7247.463195990202,0.19777109506987178,0.0
7252.471796775655,0.19764776693724856,0.0
7257.4838589214705,0.19752449200316838,0.0
7262.4993848197355,0.19740127026403342,0.0
7267.518376864192,0.197278101716229,0.0
7272.540837450236,0.1971549863561235,0.0
7277.566768974917,0.19703192418006846,0.0
7282.596173836945,0.19690891518439854,0.0
7287.629054436685,0.19678595936543145,0.0
7292.665413176159,0.19666305671946832,0.0
7297.7052524590545,0.1965402072427931,0.0
7302.748574690714,0.1964174109316732,0.0
7307.795382278147,0.19629466778235918,0.0
7312.845677630025,0.19617197779108458,0.0
7317.899463156683,0.1960493409540665,0.0
7322.956741270123,0.19592675726750503,0.0
7328.0175143840115,0.1958042267275835,0.0
7333.081784913695,0.1956817493304687,0.0
7338.149555276163,0.1955593250723105,0.0
7343.220827890099,0.19543695394924207,0.0
7348.29560517585,0.19531463595738002,0.0
7353.373889555438,0.19519237109282403,0.0
7358.455683452555,0.19507015935165734,0.0
7363.54098929257,0.1949480007299464,0.0
7368.6298095025295,0.19482589522374089,0.0
7373.722146511155,0.1947038428290741,0.0
7378.818002748848,0.19458184354196245,0.0
7383.917380647688,0.19445989735840585,0.0
7389.020282641436,0.19433800427438763,0.0
7394.126711165537,0.19421616428587452,0.0
7399.236668657115,0.19409437738881655,0.0
7404.350157554982,0.1939726435791473,0.0
7409.467180299634,0.19385096285278375,0.0
7414.587739333259,0.19372933520562596,0.0
7419.711837099714,0.19360776063355853,0.0
7424.839476044566,0.19348623913244856,0.0
7429.970658615063,0.19336477069814684,0.0
7435.105387260147,0.19324335532648776,0.0
7440.243664430449,0.19312199301328914,0.0
7445.385492578297,0.1930006837543525,0.0
7450.530874157712,0.1928794275454627,0.0
7455.679811624411,0.19275822438238832,0.0
7460.832307435808,0.19263707426088145,0.0
7465.988364051015,0.19251597717667795,0.0
7471.147983930847,0.1923949331254962,0.0
7476.311169537814,0.19227394210303986,0.0
7481.4779233361305,0.19215300410499514,0.0
7486.648247791715,0.19203211912703225,0.0
7491.822145372188,0.19191128716480463,0.0
7496.999618546878,0.1917905082139499,0.0
7502.180669786825,0.19166978227008888,0.0
7507.365301564756,0.19154910932882646,0.0
7512.553516355127,0.19142848938575088,0.0
7517.745316634098,0.19130792243643435,0.0
7522.940704879543,0.19118740847643265,0.0
7528.139683571042,0.19106694750128522,0.0
7533.342255189896,0.19094653950651547,0.0
7538.5484222191135,0.19082618448763028,0.0
7543.758187143425,0.19070588244012054,0.0
7548.971552449275,0.19058563335946083,0.0
7554.188520624827,0.1904654372411094,0.0
7559.409094159964,0.19034529408050835,0.0
7564.633275546291,0.19022520387308386,0.0
7569.861067277131,0.19010516661424545,0.0
7575.092471847536,0.18998518229938693,0.0
7580.327491754277,0.18986525092388573,0.0
7585.566129495861,0.18974537248310272,0.0
7590.808387572497,0.18962554697238393,0.0
7596.054268486147,0.18950577438705807,0.0
7601.303774740492,0.18938605472243808,0.0
7606.556908840946,0.1892663879738209,0.0
7611.813673294651,0.1891467741364874,0.0
7617.074070610485,0.18902721320570223,0.0
7622.338103299058,0.1889077051767142,0.0
7627.605773872715,0.18878825004475594,0.0
7632.877084845537,0.18866884780504412,0.0
7638.152038733345,0.18854949845277927,0.0
7643.430638053695,0.18843020198314617,0.0
7648.712885325885,0.1883109583913134,0.0
7653.998783070953,0.1881917676724336,0.0
7659.288333811682,0.18807262982164344,0.0
7664.581540072594,0.18795354483406373,0.0
7669.87840437996,0.1878345127047993,0.0
7675.1789292618,0.18771553342893896,0.0
7680.483117247862,0.18759660700155573,0.0
7685.790970869663,0.18747773341770665,0.0
7691.102492660465,0.1873589126724329,0.0
7696.417685155276,0.18724014476075979,0.0
7701.736550890859,0.18712142967769677,0.0
7707.059092405729,0.1870027674182373,0.0
7712.385312240155,0.1868841579773593,0.0
7717.715212936165,0.18676560135002454,0.0
7723.048797037538,0.18664709753117925,0.0
7728.386067089815,0.18652864651575363,0.0
7733.727025640295,0.1864102482986622,0.0
7739.071675238039,0.1862919028748037,0.0
7744.420018433866,0.18617361023906112,0.0
7749.77205778036,0.18605537038630163,0.0
7755.127795831871,0.18593718331137676,0.0
7760.48723514451,0.18581904900912213,0.0
7765.850378276167,0.18570096747435758,0.0
7771.217227786471,0.18558293870188805,0.0
7776.587786236849,0.18546496268650187,0.0
7781.962056190485,0.18534703942297193,0.0
7787.340040212339,0.18522916890605556,0.0
7792.72174086914,0.18511135113049443,0.0
7798.107160729393,0.1849935860910145,0.0
7803.496302363378,0.18487587378232612,0.0
7808.889168343149,0.18475821419912408,0.0
7814.285761242541,0.18464060733608761,0.0
7819.686083637166,0.18452305318788018,0.0
7825.090138104414,0.1844055517491498,0.0
7830.49792722346,0.18428810301452883,0.0
7835.9094535752565,0.18417070697863422,0.0
7841.324719742546,0.18405336363606734,0.0
7846.743728309852,0.18393607298141385,0.0
7852.166481863491,0.18381883500924412,0.0
7857.592982991546,0.1837016497141129,0.0
7863.02323428391,0.18358451709055953,0.0
7868.457238332259,0.18346743713310776,0.0
7873.894997730062,0.183350409836266,0.0
7879.336515072576,0.1832334351945271,0.0
7884.781792956854,0.18311651320236852,0.0
7890.230833981745,0.1829996438542523,0.0
7895.683640747891,0.18288282714462503,0.0
7901.140215857734,0.1827660630679179,0.0
7906.600561915514,0.1826493516185468,0.0
7912.0646815272685,0.1825326927909121,0.0
7917.532577300838,0.1824160865793989,0.0
7923.004251845866,0.18229953297837698,0.0
7928.479707773798,0.18218303198220062,0.0
7933.958947697883,0.18206658358520886,0.0
7939.441974233179,0.1819501877817255,0.0
7944.928789996558,0.18183384456605864,0.0
7950.419397606676,0.18171755393250208,0.0
7955.913799684023,0.18160131587533337,0.0
7961.41199885089,0.18148513038881506,0.0
7966.913997731385,0.18136899746719456,0.0
7972.419798951426,0.18125291710470395,0.0
7977.929405138745,0.1811368892955601,0.0
7983.442818922892,0.18102091403396467,0.0
7988.960042935234,0.18090499131410415,0.0
7994.481079808956,0.18078912113014975,0.0
8000.005932179062,0.18067330347625762,0.0
8005.53460268238,0.18055753834656868,0.0
8011.067093957556,0.18044182573520873,0.0
8016.603408645062,0.1803261656362883,0.0
8022.143549387194,0.18021055804390304,0.0
8027.687518828076,0.1800950029521333,0.0
8033.235319613656,0.1799795003550443,0.0
8038.786954391722,0.17986405024668625,0.0
8044.342425811865,0.17974865262109435,0.0
8049.901736525532,0.17963330747228867,0.0
8055.464889185997,0.1795180147942741,0.0
8061.0318864483625,0.17940277458104067,0.0
8066.602730969569,0.17928758682656343,0.0
8072.177425408395,0.17917245152480205,0.0
8077.7559724254525,0.17905736866970165,0.0
8083.338374683193,0.17894233825519212,0.0
8088.924634845912,0.17882736027518842,0.0
8094.51475557974,0.1787124347235905,0.0
8100.1087395526565,0.17859756159428342,0.0
8105.706589434479,0.1784827408811373,0.0
8111.308307896872,0.17836797257800732,0.0
8116.91389761335,0.1782532566787336,0.0
8122.523361259269,0.1781385931771417,0.0
8128.136701511848,0.17802398206704165,0.0
8133.753921050125,0.17790942334222967,0.0
8139.375022555022,0.17779491699648625,0.0
8145.000008709298,0.1776804630235772,0.0
8150.628882197571,0.17756606141725356,0.0
8156.261645706312,0.17745171217125152,0.0
8161.898301923849,0.1773374152792925,0.0
8167.538853540369,0.17722317073508315,0.0
8173.183303247916,0.17710897853231514,0.0
8178.831653740397,0.1769948386646656,0.0
8184.4839077135775,0.17688075112579676,0.0
8190.14006786509,0.17676671590935614,0.0
8195.800136894426,0.1766527330089765,0.0
8201.46411750295,0.17653880241827588,0.0
8207.132012393886,0.17642492413085764,0.0
8212.803824272329,0.17631109814031043,0.0
8218.479555845244,0.1761973244402081,0.0
8224.159209821477,0.17608360302411005,0.0
8229.842788911717,0.17596993388556081,0.0
8235.530295828552,0.17585631701809035,0.0
8241.221733286438,0.1757427524152139,0.0
8246.917104001708,0.1756292400704323,0.0
8252.61641069257,0.17551577997723156,0.0
8258.31965607911,0.17540237212908313,0.0
8264.026842883293,0.1752890165194439,0.0
8269.737973828971,0.1751757131417562,0.0
8275.45305164187,0.17506246198944783,0.0
8281.17207904961,0.17494926305593192,0.0
8286.895058781683,0.17483611633460722,0.0
8292.621993569479,0.1747230218188577,0.0
8298.35288614627,0.17460997950205318,0.0
8304.087739247218,0.17449698937754862,0.0
8309.826555609372,0.1743840514386848,0.0
8315.569337971681,0.17427116567878778,0.0
8321.316089074986,0.174158332091169,0.0
8327.066811662002,0.17404555066912666,0.0
8332.821508477364,0.17393282140594252,0.0
8338.580182267595,0.1738201442948851,0.0
8344.342835781114,0.17370751932920897,0.0
8350.109471768243,0.1735949465021534,0.0
8355.880092981202,0.17348242580694354,0.0
8361.654702174115,0.17336995723679025,0.0
8367.433302103009,0.17325754078488997,0.0
8373.215895525811,0.17314517644442473,0.0
8379.002485202363,0.1730328642085625,0.0
8384.793073894407,0.1729206040704565,0.0
8390.587664365596,0.17280839602324596,0.0
8396.386259381492,0.1726962400600558,0.0
8402.18886170957,0.1725841361739964,0.0
8407.995474119216,0.1724720843581642,0.0
8413.80609938174,0.17236008460564112,0.0
8419.620740270339,0.1722481369094949,0.0
8425.439399560153,0.17213624126277913,0.0
8431.262080028235,0.1720243976585331,0.0
8437.088784453552,0.1719126060897819,0.0
8442.919515616994,0.17180086654953644,0.0
8448.754276301372,0.1716891790307934,0.0
8454.59306929142,0.17157754352653537,0.0
8460.4358973738,0.17146596002973075,0.0
8466.282763337096,0.17135442853333366,0.0
8472.133669971818,0.17124294903028428,0.0
8477.988620070408,0.17113152151350855,0.0
8483.847616427236,0.17102014597591833,0.0
8489.710661838604,0.17090882241041142,0.0
8495.577759102745,0.1707975508098715,0.0
8501.448911019828,0.17068633116716814,0.0
8507.324120391955,0.17057516347515692,0.0
8513.203390023176,0.170464047726679,0.0
8519.086722719449,0.17035298391456252,0.0
8524.974121288697,0.17024197203162056,0.0
8530.86558854078,0.1701310120706526,0.0
8536.761127287498,0.170020104024444,0.0
8542.66074034259,0.16990924788576633,0.0
8548.564430521745,0.169798443647377,0.0
8554.47220064259,0.1696876913020199,0.0
8560.384053524713,0.16957699084242356,0.0
8566.299991989636,0.16946634226130466,0.0
8572.220018860839,0.1693557455513646,0.0
8578.144136963749,0.16924520070529117,0.0
8584.072349125752,0.16913470771575823,0.0
8590.00465817618,0.16902426657542596,0.0
8595.941066946327,0.16891387727694038,0.0
8601.88157826944,0.16880353981293383,0.0
8607.826194980724,0.16869325417602518,0.0
8613.774919917354,0.16858302035881798,0.0
8619.727755918439,0.16847283835390403,0.0
8625.684705825073,0.16836270815386004,0.0
8631.64577248031,0.16825262975124922,0.0
8637.610958729165,0.16814260313862092,0.0
8643.58026741862,0.1680326283085108,0.0
8649.553701397626,0.1679227052534408,0.0
8655.531263517101,0.16781283396591906,0.0
8661.512956629937,0.16770301443843996,0.0
8667.498783590989,0.1675932466634842,0.0
8673.488747257094,0.16748353063351878,0.0
8679.482850487058,0.16737386634099696,0.0
8685.481096141666,0.16726425377835838,0.0
8691.483487083678,0.16715469293802895,0.0
8697.490026177835,0.16704518381242103,0.0
8703.500716290851,0.16693572639393314,0.0
8709.515560291438,0.16682632067495012,0.0
8715.534561050259,0.16671696664784413,0.0
8721.557721439991,0.16660766430497184,0.0
8727.585044335285,0.16649841363867823,0.0
8733.616532612778,0.16638921464129375,0.0
8739.652189151095,0.16628006730513534,0.0
8745.692016830853,0.16617097162250646,0.0
8751.73601853466,0.1660619275856971,0.0
8757.784197147112,0.1659529351869837,0.0
8763.8365555548,0.16584399441862904,0.0
8769.893096646312,0.16573510527288288,0.0
8775.953823312233,0.16562626774198022,0.0
8782.01873844514,0.1655174818181443,0.0
8788.087844939613,0.16540874749358406,0.0
8794.161145692235,0.16530006476049414,0.0
8800.238643601584,0.1651914336110578,0.0
8806.32034156825,0.16508285403744233,0.0
8812.406242494824,0.16497432603180393,0.0
8818.49634928589,0.164865849586284,0.0
8824.590664848056,0.16475742469301097,0.0
8830.689192089936,0.16464905134409993,0.0
8836.79193392215,0.1645407295316524,0.0
8842.898893257332,0.16443245924775682,0.0
8849.010073010126,0.16432424048448802,0.0
8855.125476097193,0.16421607323390758,0.0
8861.24510543721,0.1641079574880639,0.0
8867.368963950868,0.16399989323899192,0.0
8873.49705456088,0.16389188047871342,0.0
8879.629380191976,0.16378391919923674,0.0
8885.765943770908,0.16367600939255708,0.0
8891.906748226453,0.1635681510506564,0.0
8898.051796489408,0.16346034416550323,0.0
8904.201091492598,0.16335258872905306,0.0
8910.354636170874,0.16324488473324822,0.0
8916.512433461125,0.16313723217001722,0.0
8922.674486302243,0.1630296310312766,0.0
8928.840797635174,0.1629220813089287,0.0
8935.011370402894,0.16281458299486304,0.0
8941.186207550407,0.16270713608095613,0.0
8947.365312024756,0.16259974055907064,0.0
8953.54868677502,0.16249239642105662,0.0
8959.736334752315,0.16238510365875156,0.0
8965.928258909795,0.16227786226397897,0.0
8972.124462202657,0.1621706722285497,0.0
8978.324947588142,0.16206353354426134,0.0
8984.529718025533,0.1619564462028985,0.0
8990.738776476153,0.16184941019623303,0.0
8996.952125903383,0.16174242551602291,0.0
9003.169769272641,0.16163549215401346,0.0
9009.3917095514,0.16152861010193786,0.0
9015.61794970919,0.16142177935151525,0.0
9021.84849271757,0.16131499989445208,0.0
9028.083341550177,0.1612082717224419,0.0
9034.32249918269,0.16110159482716513,0.0
9040.565968592853,0.1609949692002895,0.0
9046.813752760463,0.16088839483346945,0.0
9053.065854667377,0.1607818717183469,0.0
9059.32227729751,0.16067539984655047,0.0
9065.583023636844,0.16056897920969607,0.0
9071.84809667342,0.16046260979938687,0.0
9078.11749939735,0.16035629160721285,0.0
9084.391234800805,0.16025002462475121,0.0
9090.66930587803,0.16014380884356652,0.0
9096.951715625333,0.16003764425521028,0.0
9103.238467041101,0.15993153085122117,0.0
9109.529563125787,0.15982546862312522,0.0
9115.825006881918,0.15971945756243552,0.0
9122.124801314108,0.15961349766065205,0.0
9128.428949429017,0.15950758890926303,0.0
9134.73745423541,0.15940173129974328,0.0
9141.050318744126,0.15929592482355387,0.0
9147.367545968084,0.15919016947214543,0.0
9153.68913892228,0.1590844652369532,0.0
9160.0151006238,0.15897881210940198,0.0
9166.34543409181,0.15887321008090272,0.0
9172.680142347568,0.15876765914285382,0.0
9179.019228414414,0.15866215928664112,0.0
9185.36269531778,0.1585567105036377,0.0
9191.71054608519,0.1584513127852041,0.0
9198.06278374626,0.1583459661226885,0.0
9204.419411332698,0.15824067050742546,0.0
9210.78043187831,0.15813542593073757,0.0
9217.145848418992,0.1580302323839355,0.0
9223.515663992746,0.1579250898583163,0.0
9229.889881639681,0.1578199983451649,0.0
9236.268504401974,0.15771495783575357,0.0
9242.651535323941,0.15760996832134197,0.0
9249.038977451983,0.15750502979317732,0.0
9255.43083383461,0.15740014224249432,0.0
9261.827107522446,0.15729530566051514,0.0
9268.22780156821,0.15719052003844938,0.0
9274.63291902674,0.15708578536749426,0.0
9281.042462954985,0.15698110163883439,0.0
9287.456436412001,0.15687646884364206,0.0
9293.874842458965,0.1567718869730771,0.0
9300.29768415916,0.1566673560182867,0.0
9306.724964578,0.15656287597040594,0.0
9313.156686783002,0.15645844682055726,0.0
9319.592853843813,0.1563540685598507,0.0
9326.0334688322,0.15624974117938406,0.0
9332.478534822058,0.15614546467024235,0.0
9338.928054889384,0.15604123902349917,0.0
9345.382032112324,0.15593706423021478,0.0
9351.840469571143,0.15583294028143754,0.0
9358.303370348238,0.15572886716820347,0.0
9364.770737528133,0.15562484488153608,0.0
9371.242574197484,0.15552087341244678,0.0
9377.71888344508,0.15541695275193476,0.0
9384.199668361845,0.15531308289098664,0.0
9390.684932040842,0.155209263820577,0.0
9397.174677577264,0.1551054955316682,0.0
9403.668908068452,0.15500177801521017,0.0
9410.167626613882,0.15489811126214084,0.0
9416.670836315172,0.15479449526338573,0.0
9423.178540276087,0.15469093000985829,0.0
9429.690741602533,0.15458741549245975,0.0
9436.207443402565,0.1544839517020791,0.0
9442.728648786395,0.15438053862959336,0.0
9449.254360866355,0.15427717626586704,0.0
9455.784582756958,0.154173864601753,0.0
9462.319317574857,0.1540706036280915,0.0
9468.858568438862,0.153967393335711,0.0
9475.402338469936,0.15386423371542776,0.0
9481.9506307912,0.15376112475804593,0.0
9488.503448527934,0.15365806645435767,0.0
9495.060794807578,0.15355505879514292,0.0
9501.62267275973,0.1534521017711698,0.0
9508.189085516155,0.15334919537319414,0.0
9514.76003621078,0.1532463395919599,0.0
9521.335527979698,0.15314353441819908,0.0
9527.915563961169,0.1530407798426315,0.0
9534.500147295625,0.15293807585596517,0.0
9541.089281125664,0.15283542244889597,0.0
9547.682968596066,0.15273281961210766,0.0
9554.281212853757,0.15263026733627283,0.0
9560.884017047867,0.1525277656120513,0.0
9567.491384329693,0.15242531443009127,0.0
9574.103317852707,0.15232291378102908,0.0
9580.719820772561,0.15222056365548903,0.0
9587.340896247093,0.15211826404408357,0.0
9593.966547436314,0.15201601493741373,0.0
9600.59677750243,0.1519138163260672,0.0
9607.231589609819,0.15181166820062222,0.0
9613.870986925058,0.15170957055164264,0.0
9620.514972616907,0.15160752336968283,0.0
9627.163549856317,0.15150552664528308,0.0
9633.816721816429,0.15140358036897386,0.0
9640.474491672578,0.15130168453127282,0.0
9647.136862602292,0.1511998391226859,0.0
9653.803837785297,0.1510980441337075,0.0
9660.475420403525,0.1509962995548201,0.0
9667.15161364108,0.1508946053764946,0.0
9673.83242068429,0.15079296158919,0.0
9680.517844721682,0.1506913681833538,0.0
9687.207888943984,0.15058982514942162,0.0
9693.902556544126,0.1504883324778174,0.0
9700.601850717248,0.15038689015895357,0.0
9707.3057746607,0.15028549818323073,0.0
9714.014331574035,0.1501841565410379,0.0
9720.727524659023,0.15008286522275247,0.0
9727.445357119646,0.14998162421874017,0.0
9734.167832162098,0.14988043351935515,0.0
9740.894952994788,0.1497792931149399,0.0
9747.626722828347,0.14967820299582538,0.0
9754.36314487562,0.14957716315233102,0.0
9761.104222351674,0.14947617357476464,0.0
9767.8499584738,0.1493752342534224,0.0
9774.60035646152,0.1492743451785888,0.0
9781.355419536549,0.1491735063405376,0.0
9788.115150922864,0.14907271772953026,0.0
9794.879553846655,0.1489719793358169,0.0
9801.648631536344,0.1488712911496362,0.0
9808.422387222585,0.14877065316121543,0.0
9815.200824138261,0.14867006536077035,0.0
9821.983945518492,0.14856952773850526,0.0
9828.771754600635,0.14846904028461302,0.0
9835.564254624282,0.1483686029892751,0.0
9842.361448831263,0.14826821584266148,0.0
9849.16334046565,0.14816787883493115,0.0
9855.969932773758,0.14806759195623045,0.0
9862.781229004142,0.14796735519669607,0.0
9869.597232407606,0.14786716854645238,0.0
9876.417946237198,0.14776703199561236,0.0
9883.243373748226,0.14766694553427792,0.0
9890.073518198215,0.14756690915253953,0.0
9896.90838284697,0.14746692284047638,0.0
9903.747970956549,0.1473669865881563,0.0
9910.59228579125,0.14726710038563595,0.0
9917.441330617638,0.14716726422296056,0.0
9924.295108704528,0.14706747809016424,0.0
9931.153623322998,0.14696774197726978,0.0
9938.01687774639,0.14686805587428872,0.0
9944.884875250298,0.14676841977122138,0.0
9951.75761911259,0.14666883365805683,0.0
9958.635112613392,0.14656929752477307,0.0
9965.517359035104,0.14646981136133683,0.0
9972.404361662386,0.14637037515770357,0.0
9979.296123782175,0.1462709889038177,0.0
9986.192648683675,0.1461716525896125,0.0
9993.093939658365,0.14607236620501005,0.0
10000.0,0.14597312973992124,0.0
