DMs_,smooth_sfunc
10.0,0.14597312973992124
10.006910833004609,0.14607236620501005
10.0138264419705,0.1461716525896125
10.02074683019826,0.1462709889038177
10.027672000990757,0.14637037515770357
10.034601957653145,0.14646981136133685
10.041536703492852,0.14656929752477316
10.0484762418196,0.1466688336580569
10.0554205759454,0.14676841977122143
10.062369709184546,0.14686805587428878
10.069323644853627,0.1469677419772699
10.076282386271522,0.14706747809016435
10.083245936759402,0.14716726422296067
10.090214299640742,0.14726710038563606
10.097187478241295,0.14736698658815647
10.10416547588913,0.1474669228404765
10.111148295914612,0.1475669091525397
10.118135941650403,0.14766694553427803
10.12512841643147,0.1477670319956125
10.132125723595088,0.14786716854645252
10.139127866480836,0.14796735519669627
10.146134848430602,0.14806759195623068
10.153146672788578,0.14816787883493104
10.160163342901273,0.1482682158426617
10.167184862117507,0.14836860298927532
10.174211233788414,0.14846904028461322
10.181242461267447,0.14856952773850546
10.188278547910373,0.14867006536077057
10.195319497075278,0.14877065316121565
10.20236531212257,0.14887129114963643
10.209415996414984,0.14897197933581716
10.216471553317565,0.14907271772953057
10.223531986197697,0.14917350634053791
10.230597298425085,0.1492743451785891
10.237667493371768,0.1493752342534224
10.244742574412108,0.14947617357476464
10.251822544922806,0.14957716315233102
10.25890740828289,0.14967820299582538
10.265997167873735,0.14977929311493995
10.27309182707903,0.1498804335193552
10.280191389284827,0.14998162421874026
10.287295857879503,0.15008286522275258
10.294405236253784,0.15018415654103798
10.301519527800737,0.1502854981832308
10.308638735915771,0.15038689015895368
10.315762863996648,0.1504883324778175
10.322891915443476,0.15058982514942174
10.330025893658702,0.15069136818335396
10.337164802047138,0.1507929615891902
10.344308644015944,0.15089460537649474
10.351457422974637,0.15099629955482022
10.358611142335088,0.15109804413370764
10.365769805511523,0.15119983912268603
10.372933415920533,0.15130168453127296
10.380101976981068,0.15140358036897406
10.387275492114448,0.15150552664528327
10.394453964744335,0.15160752336968275
10.401637398296778,0.15170957055164289
10.40882579620019,0.1518116682006222
10.416019161885352,0.15191381632606746
10.42321749878541,0.15201601493741354
10.430420810335894,0.15211826404408385
10.437629099974696,0.15222056365548928
10.4448423711421,0.1523229137810294
10.452060627280742,0.15242531443009164
10.45928387183566,0.1525277656120516
10.466512108254266,0.15263026733627308
10.473745339986353,0.1527328196121079
10.480983570484097,0.15283542244889597
10.488226803202064,0.15293807585596517
10.495475041597203,0.1530407798426315
10.50272828912886,0.1531435344181992
10.509986549258755,0.15324633959196002
10.517249825451017,0.15334919537319422
10.524518121172163,0.15345210177116986
10.531791439891101,0.15355505879514303
10.539069785079148,0.15365806645435773
10.546353160210009,0.153761124758046
10.553641568759792,0.15386423371542787
10.560935014207011,0.15396739333571108
10.568233500032589,0.15407060362809166
10.575537029719833,0.1541738646017531
10.582845606754478,0.15427717626586726
10.590159234624663,0.1543805386295935
10.597477916820933,0.15448395170207926
10.604801656836251,0.15458741549245986
10.612130458165991,0.15469093000985842
10.619464324307941,0.15479449526338587
10.626803258762317,0.15489811126214106
10.63414726503173,0.15500177801521042
10.641496346621237,0.1551054955316684
10.648850507038302,0.15520926382057723
10.65620974979282,0.15531308289098686
10.663574078397112,0.15541695275193496
10.670943496365918,0.15552087341244702
10.678318007216419,0.15562484488153633
10.685697614468223,0.15572886716820375
10.693082321643356,0.1558329402814379
10.700472132266299,0.1559370642302151
10.707867049863955,0.15604123902349945
10.71526707796567,0.15614546467024265
10.722672220103231,0.15624974117938406
10.73008247981086,0.1563540685598507
10.737497860625226,0.15645844682055726
10.74491836608544,0.15656287597040594
10.752343999733062,0.1566673560182868
10.759774765112088,0.15677188697307715
10.767210665768978,0.15687646884364215
10.774651705252635,0.15698110163883447
10.782097887114418,0.1570857853674943
10.789549214908137,0.15719052003844944
10.797005692190062,0.1572953056605152
10.804467322518915,0.1574001422424944
10.811934109455889,0.1575050297931775
10.819406056564617,0.1576099683213421
10.826883167411214,0.1577149578357537
10.834365445564254,0.15781999834516505
10.841852894594775,0.15792508985831644
10.849345518076282,0.15803023238393563
10.856843319584755,0.1581354259307377
10.86434630269864,0.15824067050742527
10.871854470998866,0.15834596612268842
10.879367828068814,0.15845131278520436
10.886886377494363,0.15855671050363795
10.894410122863865,0.15866215928664135
10.901939067768149,0.15876765914285407
10.909473215800526,0.15887321008090297
10.91701257055679,0.15897881210940223
10.924557135635224,0.15908446523695344
10.932106914636599,0.15919016947214543
10.939661911164157,0.15929592482355423
10.94722212882365,0.15940173129974328
10.954787571223317,0.15950758890926336
10.962358241973886,0.1596134976606524
10.969934144688583,0.15971945756243552
10.977515282983134,0.15982546862312522
10.985101660475758,0.15993153085122117
10.992693280787178,0.16003764425521028
11.000290147540625,0.16014380884356658
11.007892264361814,0.16025002462475132
11.015499634878987,0.16035629160721288
11.023112262722885,0.16046260979938692
11.03073015152676,0.16056897920969618
11.03835330492637,0.16067539984655052
11.045981726559992,0.16078187171834693
11.053615420068413,0.16088839483346956
11.061254389094945,0.16099496920028963
11.068898637285399,0.16110159482716532
11.076548168288122,0.16120827172244204
11.084202985753976,0.16131499989445228
11.091863093336348,0.1614217793515154
11.099528494691153,0.161528610101938
11.107199193476823,0.1616354921540136
11.114875193354328,0.16174242551602272
11.122556497987162,0.1618494101962329
11.13024311104136,0.16195644620289876
11.137935036185471,0.1620635335442616
11.145632277090597,0.16217067222854994
11.153334837430371,0.1622778622639792
11.16104272088097,0.1623851036587518
11.168755931121101,0.16249239642105684
11.176474471832021,0.16259974055907053
11.184198346697533,0.16270713608095608
11.191927559403984,0.16281458299486332
11.199662113640256,0.16292208130892905
11.207402013097797,0.1630296310312769
11.215147261470602,0.1631372321700175
11.222897862455213,0.16324488473324822
11.230653819750733,0.16335258872905306
11.238415137058821,0.16346034416550323
11.24618181808369,0.1635681510506564
11.25395386653212,0.1636760093925572
11.261731286113438,0.16378391919923682
11.26951408053955,0.16389188047871353
11.277302253524919,0.16399989323899203
11.28509580878658,0.16410795748806398
11.292894750044134,0.16421607323390763
11.30069908101975,0.16432424048448804
11.308508805438178,0.16443245924775687
11.316323927026737,0.16454072953165264
11.32414444951531,0.1646490513441001
11.331970376636379,0.1647574246930112
11.33980171212499,0.16486584958628417
11.347638459718777,0.16497432603180406
11.355480623157957,0.16508285403744247
11.363328206185328,0.16519143361105762
11.37118121254628,0.1653000647604943
11.379039645988785,0.16540874749358392
11.386903510263416,0.16551748181814452
11.39477280912332,0.16562626774198044
11.40264754632425,0.16573510527288285
11.410527725624556,0.1658439944186293
11.418413350785181,0.16595293518698395
11.426304425569668,0.16606192758569738
11.434200953744162,0.16617097162250669
11.442102939077408,0.1662800673051355
11.450010385340766,0.16638921464129405
11.457923296308179,0.16649841363867857
11.465841675756218,0.16660766430497212
11.473765527464062,0.16671696664784413
11.481694855213497,0.1668263206749504
11.489629662788923,0.16693572639393314
11.497569953977356,0.16704518381242103
11.505515732568432,0.16715469293802895
11.5134670023544,0.16726425377835838
11.52142376713014,0.16737386634099705
11.529386030693137,0.16748353063351884
11.537353796843517,0.16759324666348427
11.545327069384024,0.16770301443844002
11.553305852120035,0.16781283396591912
11.561290148859552,0.16792270525344088
11.569279963413212,0.1680326283085109
11.577275299594284,0.16814260313862098
11.585276161218678,0.16825262975124936
11.593282552104924,0.16836270815386017
11.601294476074209,0.16847283835390423
11.609311936950352,0.16858302035881811
11.61733493855982,0.16869325417602501
11.62536348473172,0.16880353981293406
11.633397579297805,0.16891387727694052
11.64143722609248,0.1690242665754261
11.649482428952803,0.16913470771575848
11.657533191718464,0.16924520070529142
11.66558951823183,0.16935574555136482
11.673651412337911,0.16946634226130494
11.68171887788438,0.16957699084242384
11.689791918721564,0.1696876913020198
11.697870538702457,0.16979844364737723
11.705954741682707,0.1699092478857666
11.71404453152064,0.1700201040244444
11.72213991207723,0.17013101207065293
11.730240887216134,0.17024197203162086
11.738347460803672,0.17035298391456283
11.74645963670884,0.17046404772667934
11.754577418803308,0.17057516347515692
11.762700810961418,0.17068633116716814
11.770829817060191,0.1707975508098715
11.77896444097933,0.17090882241041142
11.787104686601218,0.17102014597591841
11.795250557810913,0.17113152151350863
11.803402058496168,0.17124294903028434
11.81155919254742,0.17135442853333369
11.819721963857795,0.17146596002973077
11.82789037632311,0.17157754352653548
11.836064433841868,0.1716891790307935
11.844244140315276,0.1718008665495365
11.852429499647235,0.17191260608978207
11.860620515744332,0.17202439765853328
11.868817192515866,0.1721362412627793
11.877019533873836,0.17224813690949503
11.885227543732945,0.17236008460564128
11.893441226010596,0.17247208435816436
11.901660584626907,0.17258413617399665
11.909885623504696,0.17269624006005596
11.9181163465695,0.1728083960232462
11.92635275774957,0.17292060407045678
11.934594860975857,0.17303286420856273
11.942842660182043,0.173145176444425
11.951096159304527,0.17325754078489017
11.959355362282425,0.17336995723679047
11.967620273057575,0.1734824258069438
11.975890895574542,0.17359494650215362
11.984167233780623,0.17370751932920933
11.99244929162582,0.17382014429488546
12.000737073062885,0.17393282140594252
12.0090305820473,0.17404555066912666
12.017329822537278,0.1741583320911693
12.025634798493764,0.17427116567878778
12.033945513880445,0.1743840514386848
12.042261972663743,0.17449698937754862
12.050584178812827,0.17460997950205318
12.05891213629961,0.17472302181885782
12.06724584909873,0.17483611633460724
12.0755853211876,0.17494926305593203
12.083930556546363,0.17506246198944797
12.092281559157922,0.17517571314175634
12.100638333007927,0.17528901651944398
12.109000882084786,0.1754023721290832
12.11736921037966,0.17551577997723158
12.12574332188648,0.17562924007043243
12.13412322060191,0.17574275241521406
12.142508910525404,0.17585631701809049
12.150900395659164,0.17596993388556098
12.15929768000817,0.17608360302411022
12.167700767580156,0.17619732444020827
12.176109662385635,0.17631109814031057
12.18452436843789,0.17642492413085778
12.192944889752976,0.17653880241827605
12.201371230349732,0.17665273300897677
12.20980339424975,0.17676671590935636
12.218241385477427,0.17688075112579704
12.22668520805993,0.17699483866466584
12.235134866027213,0.17710897853231541
12.243590363412011,0.17722317073508342
12.25205170424985,0.17733741527929278
12.26051889257904,0.17745171217125177
12.268991932440693,0.1775660614172539
12.277470827878693,0.17768046302357754
12.285955582939735,0.17779491699648658
12.29444620167331,0.17790942334223003
12.3029426881317,0.17802398206704198
12.311445046369997,0.1781385931771417
12.319953280446084,0.1782532566787336
12.32846739442066,0.17836797257800732
12.33698739235722,0.1784827408811373
12.34551327832208,0.17859756159428353
12.354045056384347,0.1787124347235906
12.362582730615957,0.17882736027518853
12.371126305091652,0.17894233825519223
12.379675783888993,0.17905736866970176
12.388231171088359,0.17917245152480216
12.396792470772947,0.17928758682656346
12.405359687028785,0.17940277458104084
12.4139328239447,0.17951801479427426
12.422511885612373,0.1796333074722888
12.431096876126295,0.17974865262109455
12.439687799583798,0.17986405024668645
12.448284660085038,0.17997950035504445
12.456887461733006,0.18009500295213343
12.46549620863353,0.1802105580439032
12.474110904895277,0.18032616563628848
12.482731554629753,0.180441825735209
12.491358161951293,0.18055753834656896
12.499990730977094,0.18067330347625787
12.508629265827189,0.18078912113015003
12.517273770624458,0.18090499131410437
12.525924249494635,0.1810209140339649
12.534580706566297,0.18113688929556035
12.543243145970886,0.18125291710470423
12.551911571842693,0.18136899746719493
12.560585988318856,0.18148513038881542
12.569266399539385,0.18160131587533374
12.577952809647151,0.18171755393250247
12.586645222787883,0.18183384456605903
12.595343643110178,0.1819501877817255
12.604048074765497,0.18206658358520886
12.612758521908175,0.18218303198220062
12.621474988695411,0.18229953297837698
12.63019747928729,0.18241608657939903
12.63892599784675,0.1825326927909122
12.647660548539623,0.18264935161854687
12.656401135534615,0.18276606306791804
12.665147763003318,0.18288282714462512
12.6739004351202,0.18299964385425233
12.682659156062616,0.1831165132023686
12.691423930010808,0.18323343519452714
12.700194761147914,0.18335040983626616
12.708971653659946,0.18346743713310792
12.71775461173582,0.1835845170905597
12.726543639567351,0.18370164971411307
12.735338741349242,0.18381883500924429
12.744139921279102,0.183936072981414
12.752947183557435,0.1840533636360675
12.761760532387651,0.18417070697863444
12.770579971976066,0.18428810301452903
12.779405506531905,0.18440555174915002
12.788237140267286,0.18452305318788043
12.79707487739726,0.1846406073360879
12.805918722139777,0.1847582141991244
12.814768678715707,0.1848758737823264
12.823624751348836,0.18499358609101477
12.832486944265872,0.1851113511304947
12.841355261696442,0.1852291689060559
12.850229707873087,0.18534703942297226
12.859110287031283,0.18546496268650217
12.867997003409437,0.1855829387018884
12.876889861248873,0.185700967474358
12.885788864793858,0.18581904900912213
12.894694018291581,0.18593718331137676
12.903605325992176,0.18605537038630163
12.912522792148707,0.18617361023906112
12.921446421017189,0.1862919028748038
12.930376216856553,0.1864102482986623
12.939312183928699,0.1865286465157537
12.948254326498462,0.18664709753117936
12.957202648833627,0.18676560135002468
12.966157155204924,0.1868841579773594
12.975117849886038,0.18700276741823743
12.984084737153605,0.18712142967769682
12.993057821287229,0.18724014476075995
13.002037106569443,0.18735891267243307
13.011022597285766,0.18747773341770682
13.02001429772467,0.18759660700155595
13.029012212177589,0.18771553342893918
13.038016344938926,0.18783451270479948
13.04702670030605,0.1879535448340639
13.0560432825793,0.1880726298216436
13.065066096061985,0.18819176767243376
13.074095145060397,0.18831095839131362
13.083130433883785,0.18843020198314644
13.092171966844393,0.18854949845277957
13.101219748257442,0.1886688478050443
13.110273782441132,0.1887882500447562
13.119334073716647,0.18890770517671446
13.12840062640816,0.1890272132057025
13.137473444842831,0.18914677413648767
13.146552533350818,0.18926638797382128
13.15563789626525,0.18938605472243844
13.164729537922268,0.1895057743870584
13.173827462661011,0.18962554697238432
13.182931674823609,0.18974537248310305
13.192042178755196,0.18986525092388573
13.20115897880391,0.18998518229938693
13.21028207932089,0.19010516661424545
13.219411484660288,0.19022520387308386
13.228547199179264,0.1903452940805085
13.237689227237976,0.19046543724110943
13.24683757319961,0.19058563335946083
13.255992241430366,0.19070588244012068
13.265153236299458,0.1908261844876304
13.27432056217912,0.1909465395065155
13.283494223444606,0.19106694750128536
13.292674224474204,0.1911874084764328
13.301860569649206,0.19130792243643452
13.31105326335395,0.19142848938575105
13.3202523099758,0.19154910932882663
13.32945771390515,0.19166978227008905
13.33866947953543,0.19179050821395008
13.347887611263104,0.1919112871648048
13.357112113487677,0.1920321191270324
13.366342990611692,0.19215300410499533
13.375580247040743,0.1922739421030401
13.384823887183448,0.19239493312549644
13.39407391545149,0.19251597717667793
13.403330336259597,0.19263707426088175
13.412593154025547,0.19275822438238863
13.421862373170171,0.192879427545463
13.431137998117354,0.1930006837543527
13.440420033294037,0.19312199301328944
13.449708483130234,0.1932433553264881
13.459003352058993,0.19336477069814717
13.468304644516449,0.1934862391324489
13.477612364941793,0.1936077606335589
13.48692651777729,0.1937293352056263
13.49624710746827,0.19385096285278375
13.505574138463134,0.1939726435791473
13.514907615213362,0.19409437738881655
13.524247542173509,0.19421616428587452
13.533593923801211,0.19433800427438777
13.542946764557168,0.19445989735840594
13.552306068905185,0.19458184354196253
13.56167184131214,0.19470384282907416
13.571044086248003,0.19482589522374094
13.580422808185826,0.19494800072994642
13.589808011601763,0.19507015935165747
13.599199700975058,0.1951923710928242
13.608597880788034,0.1953146359573802
13.618002555526134,0.19543695394924226
13.627413729677892,0.1955593250723107
13.636831407734944,0.19568174933046886
13.64625559419203,0.19580422672758366
13.655686293546998,0.19592675726750522
13.6651235103008,0.19604934095406668
13.674567248957505,0.19617197779108475
13.684017514024289,0.19629466778235935
13.693474310011453,0.1964174109316735
13.702937641432392,0.19654020724279342
13.712407512803644,0.1966630567194686
13.721883928644857,0.19678595936543175
13.731366893478805,0.19690891518439876
13.740856411831391,0.1970319241800687
13.750352488231638,0.19715498635612377
13.759855127211713,0.19727810171622936
13.769364333306891,0.19740127026403378
13.778880111055601,0.19752449200316874
13.788402464999404,0.19764776693724892
13.797931399683,0.19777109506987212
13.807466919654225,0.1978944764046193
13.817009029464064,0.1980179109450543
13.826557733666645,0.19814139869472425
13.83611303681924,0.19826493965715916
13.845674943482283,0.19838853383587224
13.855243458219332,0.19851218123435935
13.864818585597128,0.19863588185609987
13.874400330185555,0.19875963570455585
13.883988696557655,0.1988834427831723
13.893583689289635,0.19900730309537748
13.903185312960858,0.1991312166445824
13.91279357215386,0.19925518343418094
13.922408471454341,0.19937920346755025
13.932030015451158,0.19950327674805007
13.941658208736357,0.19962740327902312
13.951293055905149,0.19975158306379506
13.96093456155592,0.19987581610567456
13.97058273029024,0.20000010240795307
13.98023756671285,0.2001244419739048
13.989899075431682,0.20024883480678698
13.999567261057845,0.20037328090983955
14.00924212820565,0.2004977802862854
14.018923681492565,0.20062233293933002
14.02861192553928,0.20074693887216194
14.038306864969668,0.20087159808795235
14.048008504410793,0.2009963105898553
14.057716848492925,0.20112107638100749
14.067431901849526,0.20124589546452853
14.077153669117273,0.2013707678435207
14.08688215493602,0.2014956935210688
14.096617363948857,0.20162067250024074
14.10635930080207,0.20174570478408674
14.116107970145155,0.2018707903756401
14.125863376630825,0.2019959292779165
14.135625524915007,0.20212112149391445
14.145394419656846,0.20224636702661497
14.155170065518703,0.2023716658789818
14.164952467166167,0.2024970180539615
14.174741629268055,0.202622423554483
14.184537556496391,0.20274788238345787
14.194340253526445,0.20287339454378023
14.204149725036718,0.20299896003832701
14.213965975708936,0.20312457886995744
14.223789010228069,0.2032502510415136
14.233618833282316,0.2033759765558197
14.24345544956313,0.2035017554156832
14.253298863765183,0.2036275876238931
14.263149080586409,0.20375347318322176
14.273006104727987,0.20387941209642346
14.28286994089434,0.20400540436623546
14.292740593793148,0.2041314499953771
14.302618068135338,0.2042575489865503
14.312502368635096,0.20438370134243958
14.322393500009866,0.20450990706571173
14.332291466980362,0.2046361661590161
14.34219627427053,0.20476247862498403
14.35210792660761,0.20488884446622993
14.362026428722102,0.20501526368535014
14.371951785347768,0.20514173628492344
14.381884001221652,0.20526826226751116
14.391823081084063,0.2053948416356567
14.401769029678587,0.20552147439188612
14.4117218517521,0.2056481605387076
14.421681552054734,0.2057749000786116
14.431648135339923,0.20590169301407094
14.441621606364384,0.20602853934754078
14.451601969888118,0.2061554390814586
14.461589230674416,0.20628239221824402
14.47158339348986,0.20640939876029904
14.481584463104328,0.20653645871000775
14.491592444290994,0.20666357206973657
14.501607341826336,0.20679073884183433
14.511629160490113,0.20691795902863147
14.52165790506541,0.2070452326324414
14.531693580338606,0.20717255965555914
14.541736191099393,0.207299940100262
14.55178574214077,0.2074273739688098
14.561842238259048,0.20755486126344402
14.571905684253863,0.2076824019863886
14.581976084928142,0.20780999613984938
14.592053445088156,0.20793764372601437
14.60213776954349,0.2080653447470539
14.61222906310705,0.2081930992051201
14.622327330595073,0.2083209071023473
14.63243257682712,0.2084487684408519
14.642544806626086,0.20857668322273235
14.652664024818195,0.20870465145006908
14.662790236233011,0.20883267312492462
14.672923445703441,0.20896074824934355
14.683063658065707,0.2090888768253522
14.693210878159402,0.2092170588549592
14.703365110827447,0.20934529434015492
14.71352636091612,0.20947358328291207
14.72369463327504,0.20960192568518476
14.733869932757182,0.20973032154890942
14.744052264218881,0.20985877087600455
14.754241632519806,0.20998727366836994
14.764438042523006,0.21011582992788802
14.774641499094882,0.2102444396564226
14.784852007105203,0.21037310285581962
14.7950695714271,0.2105018195279068
14.80529419693707,0.21063058967449383
14.815525888514983,0.21075941329737205
14.825764651044082,0.21088829039831486
14.83601048941099,0.21101722097907735
14.846263408505685,0.21114620504139636
14.856523413221547,0.21127524258699068
14.866790508455331,0.21140433361756075
14.877064699107175,0.21153347813478887
14.887345990080604,0.21166267614033912
14.897634386282533,0.2117919276358573
14.907929892623265,0.21192123262297088
14.918232514016506,0.2120505911032893
14.928542255379336,0.21218000307840323
14.938859121632253,0.21230946854988564
14.949183117699151,0.21243898751929066
14.959514248507325,0.21256855998815455
14.969852518987475,0.21269818595799492
14.98019793407371,0.21282786543031104
14.990550498703547,0.21295759840658415
15.000910217817918,0.21308738488827678
15.011277096361171,0.21321722487683314
15.021651139281058,0.21334711837367928
15.032032351528764,0.21347706538022257
15.042420738058894,0.21360706589785183
15.052816303829474,0.21373711992793817
15.063219053801955,0.2138672274718335
15.073628992941222,0.21399738853087147
15.084046126215595,0.21412760310636764
15.094470458596804,0.21425787119961845
15.104901995060041,0.21438819281190252
15.115340740583926,0.21451856794447943
15.12578670015052,0.21464899659859057
15.136239878745327,0.21477947877545883
15.1467002813573,0.21491001447628827
15.157167912978831,0.21504060370226477
15.167642778605773,0.21517124645455535
15.178124883237423,0.21530194273430853
15.188614231876546,0.21543269254265454
15.199110829529339,0.21556349588070453
15.209614681205482,0.21569435274955134
15.220125791918107,0.21582526315026918
15.230644166683817,0.21595622708391354
15.241169810522674,0.21608724455152137
15.251702728458215,0.21621831555411097
15.262242925517453,0.2163494400926819
15.272790406730856,0.21648061816821498
15.283345177132388,0.21661184978167244
15.293907241759484,0.21674313493399786
15.304476605653061,0.21687447362611598
15.315053273857522,0.217005865858933
15.325637251420755,0.21713731163333613
15.336228543394133,0.2172688109501941
15.346827154832525,0.2174003638103566
15.357433090794297,0.21753197021465492
15.36804635634129,0.21766363016390108
15.378666956538867,0.21779534365888886
15.389294896455882,0.21792711070039275
15.39993018116469,0.21805893128916864
15.410572815741157,0.2181908054259536
15.421222805264652,0.21832273311146586
15.431880154818057,0.2184547143464048
15.442544869487774,0.21858674913145085
15.453216954363695,0.21871883746726556
15.463896414539255,0.21885097935449171
15.4745832551114,0.21898317479375304
15.4852774811806,0.21911542378565466
15.495979097850846,0.21924772633078232
15.506688110229662,0.21938008242970317
15.517404523428098,0.2195124920829654
15.528128342560736,0.21964495529109798
15.5388595727457,0.21977747205461134
15.549598219104633,0.21991004237399636
15.560344286762732,0.22004266624972543
15.571097780848737,0.22017534368225167
15.581858706494923,0.22030807467200927
15.592627068837125,0.22044085921941342
15.603402873014712,0.2205736973248602
15.614186124170624,0.22070658898872675
15.624976827451327,0.22083953421137087
15.635774988006867,0.22097253299313152
15.646580610990842,0.22110558533432864
15.657393701560414,0.22123869123526296
15.668214264876303,0.221371850696216
15.679042306102803,0.22150506371745035
15.68987783040777,0.2216383302992094
15.700720842962637,0.22177165044171723
15.711571348942407,0.22190502414517907
15.72242935352567,0.22203845140978073
15.733294861894567,0.2221719322356889
15.74416787923485,0.2223054666230512
15.755048410735842,0.2224390545719958
15.765936461590455,0.22257269608263192
15.776832036995186,0.22270639115504937
15.787735142150131,0.222840139789319
15.798645782258978,0.22297394198549206
15.809563962528994,0.2231077977436006
15.820489688171067,0.22324170706365754
15.831422964399676,0.22337566994565644
15.842363796432906,0.22350968638957164
15.853312189492447,0.22364375639535805
15.864268148803598,0.22377787996295143
15.87523167959527,0.22391205709226797
15.886202787099986,0.22404628778320473
15.897181476553895,0.2241805720356394
15.908167753196738,0.22431490984943014
15.919161622271902,0.22444930122441575
15.930163089026392,0.22458374616041593
15.941172158710838,0.2247182446572307
15.952188836579495,0.2248527967146406
15.963213127890253,0.22498740233240713
15.974245037904645,0.22512206151027206
15.985284571887812,0.22525677424795765
15.996331735108559,0.2253915405451669
16.007386532839323,0.22552636040158336
16.018448970356193,0.22566123381687087
16.02951905293889,0.2257961607906739
16.040596785870797,0.22593114132261755
16.051682174438938,0.22606617541230728
16.062775223934,0.22620126305932894
16.073875939650318,0.22633640426324902
16.0849843268859,0.22647159902361438
16.096100390942382,0.22660684733995223
16.107224137125108,0.22674214921177033
16.118355570743056,0.22687750463855683
16.129494697108886,0.22701291361978024
16.14064152153893,0.2271483761548895
16.15179604935319,0.227283892243314
16.16295828587536,0.2274194618844635
16.17412823643277,0.22755508507772776
16.185305906356486,0.22769076182247744
16.19649130098122,0.22782649211806308
16.207684425645386,0.2279622759638159
16.21888528569109,0.22809811335904723
16.23009388646412,0.22823400430304872
16.24131023331397,0.22836994879509231
16.252534331593818,0.2285059468344303
16.26376618666055,0.2286419984202952
16.275005803874762,0.22877810355189987
16.286253188600725,0.22891426222843705
16.297508346206442,0.22905047444908014
16.308771282063628,0.2291867402129827
16.320042001547698,0.22932305951927828
16.331320510037788,0.22945943236708086
16.34260681291675,0.2295958587554844
16.353900915571163,0.22973233868356344
16.365202823391307,0.22986887215037197
16.37651254177121,0.23000545915494477
16.387830076108617,0.23014209969629654
16.399155431805006,0.2302787937734221
16.41048861426559,0.2304155413852965
16.42182962889931,0.23055234253087467
16.43317848111886,0.23068919720909184
16.44453517634065,0.2308261054188633
16.45589971998487,0.23096306715908455
16.46727211747541,0.2311000824286306
16.478652374239946,0.23123715122635716
16.49004049570988,0.2313742735510996
16.50143648732039,0.23151144940167354
16.512840354510395,0.23164867877687445
16.524252102722574,0.2317859616754779
16.53567173740338,0.23192329809623952
16.547099264003002,0.23206068803789465
16.558534687975424,0.2321981314991589
16.569978014778385,0.23233562847872777
16.581429249873402,0.23247317897527664
16.592888398725766,0.23261078298746074
16.604355466804535,0.2327484405139156
16.61583045958256,0.2328861515532562
16.627313382536467,0.2330239161040778
16.63880424114667,0.23316173416495534
16.650303040897374,0.23329960573444378
16.66180978727655,0.2334375308110777
16.673324485775993,0.2335755093933719
16.68484714189128,0.2337135414798207
16.69637776112178,0.2338516270688986
16.70791634897068,0.2339897661590595
16.71946291094495,0.2341279587487375
16.73101745255539,0.2342662048363466
16.74257997931657,0.2344045044202799
16.754150496746906,0.23454285749891096
16.765729010368617,0.23468126407059287
16.777315525707735,0.23481972413365848
16.788910048294117,0.23495823768642046
16.800512583661433,0.23509680472717123
16.812123137347182,0.23523542525418267
16.823741714892698,0.23537409926570685
16.835368321843134,0.23551282675997512
16.847002963747467,0.2356516077351987
16.85864564615853,0.23579044218956843
16.87029637463298,0.23592933012125494
16.881955154731312,0.23606827152840845
16.893621992017877,0.23620726640915887
16.90529689206086,0.23634631476161558
16.916979860432296,0.23648541658386785
16.928670902708085,0.23662457187398445
16.940370024467946,0.23676378063001358
16.952077231295483,0.2369030428499833
16.963792528778153,0.2370423585319011
16.975515922507277,0.23718172767375412
16.987247418078027,0.23732115027350908
16.99898702108946,0.23746062632911216
17.010734737144485,0.23760015583848898
17.022490571849897,0.23773973879954508
17.034254530816366,0.23787937521016525
17.046026619658413,0.23801906506821358
17.05780684399447,0.23815880837153397
17.06959520944684,0.23829860511794967
17.08139172164172,0.23843845530526364
17.093196386209176,0.23857835893125792
17.105009208783184,0.23871831599369422
17.11683019500161,0.23885832649031385
17.128659350506204,0.23899839041883703
17.140496680942622,0.2391385077769639
17.152342191960425,0.23927867856237384
17.16419588921308,0.2394189027727256
17.176057778357954,0.2395591804056573
17.18792786505633,0.23969951145878649
17.1998061549734,0.23983989592971008
17.211692653778265,0.2399803338160043
17.223587367143956,0.24012082511522478
17.235490300747426,0.24026136982490653
17.24740146026953,0.24040196794256347
17.259320851395067,0.2405426194656894
17.271248479812762,0.240683324391757
17.283184351215272,0.24082408271821856
17.295128471299183,0.24096489444250546
17.307080845765025,0.24110575956202832
17.319041480317267,0.24124667807417713
17.331010380664306,0.24138764997632092
17.342987552518498,0.24152867526580826
17.354973001596143,0.24166975393996665
17.366966733617495,0.241810885996103
17.378968754306758,0.24195207143150327
17.390979069392092,0.2420933102434328
17.402997684605616,0.2422346024291359
17.415024605683406,0.24237594798583614
17.42705983836552,0.24251734691073634
17.439103388395946,0.24265879920101832
17.451155261522675,0.24280030485384307
17.463215463497665,0.24294186386635072
17.47528400007684,0.24308347623566046
17.4873608770201,0.24322514195887077
17.499446100091344,0.24336686103305896
17.511539675058433,0.2435086334552817
17.523641607693236,0.2436504592225747
17.535751903771573,0.24379233833195219
17.547870569073293,0.24393427078040808
17.55999760938223,0.24407625656491513
17.572133030486206,0.24421829568242517
17.584276838177054,0.24436038812986885
17.5964290382506,0.24450253390415613
17.60858963650668,0.2446447330021756
17.620758638749138,0.2447869854207952
17.63293605078584,0.24492929115686166
17.645121878428633,0.24507165020720043
17.657316127493413,0.24521406256861644
17.66951880380008,0.24535652823789325
17.681729913172568,0.24549904721179325
17.69394946143882,0.24564161948705804
17.706177454430822,0.24578424506040789
17.718413897984583,0.2459269239285423
17.730658797940137,0.24606965608813897
17.74291216014156,0.2462124415358552
17.75517399043698,0.24635528026832693
17.767444294678548,0.24649817228216875
17.77972307872247,0.24664111757397436
17.792010348428995,0.24678411614031617
17.804306109662424,0.24692716797774542
17.816610368291105,0.24707027308279209
17.828923130187448,0.24721343145196514
17.841244401227932,0.24735664308175245
17.85357418729306,0.24749990796862004
17.865912494267437,0.24764322610901335
17.87825932803972,0.2477865974993563
17.89061469450264,0.24793002213605164
17.90297859955299,0.24807350001548087
17.91535104909166,0.24821703113400428
17.927732049023582,0.24836061548796054
17.9401216052578,0.24850425307366739
17.952519723707432,0.2486479438874211
17.96492641028968,0.24879168792549675
17.977341670925842,0.24893548518414796
17.989765511541297,0.24907933565960713
18.00219793806553,0.2492232393480852
18.01463895643212,0.24936719624577192
18.027088572578744,0.2495112063488354
18.039546792447183,0.24965526965342266
18.052013621983335,0.24979938615565941
18.06448906713718,0.2499435558516494
18.076973133862836,0.2500877787374755
18.08946582811853,0.25023205480919897
18.1019671558666,0.2503763840628597
18.114477123073513,0.25052076649447624
18.12699573570986,0.25066520210004545
18.139522999750334,0.2508096908755428
18.152058921173786,0.2509542328169223
18.164603505963193,0.2510988279201167
18.177156760105657,0.251243476181037
18.189718689592425,0.25138817759557264
18.202289300418883,0.2515329321595917
18.214868598584562,0.25167773986894093
18.227456590093134,0.25182260071944523
18.240053280952424,0.251967514706908
18.252658677174406,0.25211248182711116
18.265272784775224,0.25225750207581515
18.277895609775143,0.25240257544875855
18.29052715819863,0.2525477019416587
18.303167436074286,0.252692881550211
18.315816449434898,0.2528381142700897
18.32847420431741,0.25298340009694686
18.34114070676295,0.2531287390264137
18.353815962816796,0.25327413105409874
18.36649997852843,0.25341957617558974
18.379192759951508,0.2535650743864525
18.39189431314386,0.2537106256822312
18.40460464416752,0.25385623005844804
18.41732375908869,0.254001887510604
18.430051663977775,0.2541475980341781
18.442788364909383,0.2542933616246277
18.455533867962306,0.2544391782773884
18.468288179219556,0.25458504798787424
18.481051304768314,0.25473097075147716
18.4938232507,0.2548769465635678
18.506604023110235,0.25502297541949465
18.519393628098847,0.25516905731458467
18.532192071769888,0.25531519224414295
18.544999360231632,0.25546138020345294
18.557815499596547,0.25560762118777597
18.57064049598135,0.25575391519235186
18.583474355506986,0.25590026221239837
18.596317084298622,0.2560466622431117
18.609168688485656,0.25619311527966593
18.622029174201728,0.2563396213172135
18.634898547584715,0.25648618035088494
18.647776814776734,0.2566327923757888
18.66066398192415,0.25677945738701186
18.673560055177568,0.2569261753796189
18.686465040691864,0.2570729463486531
18.699378944626133,0.25721977028913523
18.712301773143754,0.2573666471960644
18.72523353241236,0.2575135770644179
18.73817422860384,0.257660559889151
18.751123867894353,0.2578075956651969
18.76408245646434,0.257954684387467
18.777050000498473,0.2581018260508506
18.790026506185736,0.258249020650215
18.80301197971938,0.25839626818040556
18.81600642729693,0.2585435686362457
18.8290098551202,0.2586909220125368
18.842022269395287,0.2588383283040582
18.855043676332578,0.25898578750556706
18.86807408214675,0.25913329961179876
18.881113493056784,0.2592808646174665
18.894161915285952,0.2594284825172614
18.90721935506181,0.25957615330585243
18.920285818616247,0.25972387697788657
18.933361312185436,0.2598716535279888
18.946445842009883,0.2600194829507618
18.959539414334383,0.2601673652407862
18.972642035408057,0.26031530039262074
18.98575371148436,0.26046328840080174
18.99887444882103,0.2606113292598432
19.012004253680164,0.26075942296423754
19.025143132328175,0.26090756950845456
19.038291091035806,0.26105576888694204
19.051448136078132,0.2612040210941256
19.064614273734573,0.2613523261244086
19.07778951028888,0.26150068397217235
19.090973852029148,0.2616490946317756
19.104167305247824,0.2617975580975552
19.1173698762417,0.26194607436382594
19.130581571311904,0.26209464342487954
19.143802396763945,0.2622432652749864
19.15703235890767,0.26239193990839427
19.1702714640573,0.26254066731932846
19.183519718531414,0.2626894475019923
19.19677712865296,0.26283828045056684
19.210043700749242,0.2629871661592104
19.223319441151954,0.26313610462205944
19.236604356197162,0.26328509583322784
19.249898452225302,0.2634341397868073
19.2632017355812,0.26358323647686716
19.276514212614074,0.2637323858974543
19.28983588967751,0.2638815880425933
19.303166773129494,0.26403084290628653
19.316506869332418,0.2641801504825137
19.32985618465305,0.26432951076523226
19.343214725462584,0.2644789237483774
19.356582498136582,0.2646283894258615
19.369959509055036,0.26477790779157495
19.38334576460235,0.26492747883938544
19.396741271167325,0.2650771025631384
19.41014603514319,0.26522677895665675
19.423560062927596,0.26537650801374096
19.436983360922582,0.26552628972816883
19.450415935534654,0.265676124093696
19.46385779317472,0.26582601110405546
19.47730894025813,0.26597595075295766
19.490769383204658,0.26612594303409065
19.504239128438527,0.2662759879411199
19.517718182388386,0.26642608546768837
19.531206551487337,0.26657623560741656
19.544704242172923,0.26672643835390225
19.558211260887145,0.26687669370072087
19.57172761407643,0.26702700164142507
19.58525330819169,0.2671773621695451
19.598788349688277,0.2673277752785885
19.612332745026013,0.26747824096204026
19.625886500669182,0.26762875921336293
19.639449623086538,0.26777933002599613
19.653022118751306,0.26792995339335723
19.666603994141163,0.26808062930884063
19.68019525573829,0.2682313577658182
19.69379591002934,0.26838213875763917
19.707405963505447,0.2685329722776302
19.72102542266223,0.2686838583190952
19.734654293999796,0.26883479687531536
19.74829258402275,0.26898578793954925
19.761940299240184,0.2691368315050327
19.775597446165694,0.2692879275649789
19.789264031317387,0.26943907611257834
19.802940061217843,0.26959027714099854
19.816625542394178,0.2697415306433844
19.830320481378013,0.26989283661285834
19.84402488470548,0.27004419504251964
19.857738758917233,0.2701956059254451
19.871462110558443,0.27034706925468877
19.885194946178792,0.2704985850232815
19.898937272332507,0.2706501532242317
19.912689095578333,0.270801773850525
19.926450422479558,0.270953446895124
19.940221259603994,0.2711051723509687
19.954001613524003,0.27125695021097623
19.96779149081648,0.2714087804680406
19.98159089806287,0.2715606631150334
19.99539984184916,0.2717125981448031
20.0092183287659,0.2718645855501753
20.0230463654082,0.2720166253239528
20.036883958375686,0.2721687174589155
20.050731114272594,0.2723208619478204
20.0645878397077,0.27247305878340145
20.07845414129435,0.27262530795837003
20.09233002565047,0.27277760946541424
20.106215499398555,0.2729299632971995
20.120110569165657,0.27308236944636805
20.134015241583434,0.27323482790553943
20.14792952328812,0.27338733866730996
20.161853420920526,0.2735399017242533
20.175786941126066,0.2736925170689197
20.189730090554733,0.27384518469383695
20.20368287586113,0.2739979045915094
20.217645303704444,0.2741506767544187
20.231617380748478,0.27430350117502317
20.245599113661637,0.27445637784575844
20.259590509116915,0.2746093067590368
20.27359157379194,0.2747622879072476
20.287602314368954,0.27491532128275736
20.301622737534807,0.2750684068779092
20.315652849980975,0.2752215446850234
20.329692658403555,0.27537473469639695
20.343742169503294,0.27552797690430414
20.357801389985518,0.2756812713009956
20.371870326560238,0.2758346178786993
20.38594898594208,0.27598801662961986
20.40003737485031,0.2761414675459389
20.414135500008847,0.27629497061981484
20.428243368146248,0.276448525843383
20.442360985995727,0.2766021332087555
20.45648836029514,0.2767557927080212
20.470625497787015,0.2769095043332461
20.484772405218536,0.27706326807647286
20.498929089341523,0.2772170839297206
20.5130955569125,0.2773709518849858
20.52727181469264,0.27752487193424136
20.541457869447797,0.2776788440694371
20.555653727948492,0.2778328682824996
20.569859396969946,0.2779869445653324
20.58407488329202,0.2781410729098152
20.5983001936993,0.27829525330780513
20.612535334981047,0.2784494857511357
20.62678031393121,0.2786037702316172
20.641035137348446,0.2787581067410367
20.65529981203609,0.2789124952711578
20.669574344802204,0.27906693581372116
20.68385874245953,0.2792214283604437
20.69815301182554,0.27937597290301935
20.712457159722394,0.2795305694331186
20.726771192977,0.27968521794238876
20.74109511842094,0.2798399184224532
20.755428942890553,0.2799946708649128
20.76977267322689,0.2801494752613444
20.784126316275724,0.2803043316033019
20.798489878887573,0.2804592398823155
20.812863367917686,0.28061420008989246
20.82724679022603,0.280769212217516
20.841640152677332,0.28092427625664645
20.856043462141063,0.28107939219872047
20.870456725491437,0.2812345600351514
20.884879949607416,0.28138977975732926
20.89931314137272,0.2815450513566204
20.913756307675825,0.2817003748243679
20.92820945540997,0.2818557501518911
20.94267259147315,0.28201117733048636
20.95714572276815,0.2821666563514262
20.97162885620248,0.28232218720595964
20.986121998688464,0.2824777698853123
21.000625157143194,0.2826334043806864
21.015138338488534,0.2827890906832606
21.029661549651138,0.2829448287841898
21.044194797562447,0.28310061867460573
21.058738089158698,0.28325646034561647
21.0732914313809,0.28341235378830626
21.08785483117487,0.2835682989937363
21.10242829549124,0.2837242959529438
21.117011831285428,0.2838803446569425
21.131605445517664,0.2840364450967228
21.146209145152987,0.2841925972632513
21.160822937161257,0.2843488011474709
21.17544682851714,0.28450505674030113
21.190080826200127,0.2846613640326378
21.20472493719454,0.2848177230153532
21.219379168489503,0.2849741336792956
21.234043527078992,0.28513059601529
21.248718019961817,0.285287110014138
21.263402654141615,0.2854436756666167
21.27809743662687,0.28560029296348044
21.292802374430913,0.28575696189545946
21.307517474571895,0.2859136824532601
21.322242744072852,0.2860704546275654
21.336978189961652,0.2862272784090346
21.351723819271033,0.28638415378830306
21.366479639038587,0.2865410807559827
21.381245656306763,0.28669805930266146
21.396021878122887,0.28685508941890375
21.410808311539157,0.28701217109525
21.42560496361263,0.28716930432221716
21.440411841405254,0.2873264890902982
21.455228951983866,0.28748372538996253
21.470056302420147,0.28764101321165547
21.484893899790706,0.2877983525457989
21.499741751177023,0.28795574338279056
21.514599863665484,0.2881131857130049
21.529468244347363,0.28827067952679203
21.544346900318846,0.28842822481447866
21.55923583868099,0.28858582156636714
21.574135066539803,0.28874346977273646
21.589044591006175,0.28890116942384164
21.603964419195925,0.28905892050991383
21.618894558229783,0.28921672302116036
21.6338350152334,0.28937457694776464
21.648785797337354,0.2895324822798861
21.66374691167715,0.2896904390076605
21.678718365393223,0.28984844712119967
21.69370016563095,0.29000650661059135
21.708692319540624,0.29016461746589955
21.723694834277502,0.2903227796771643
21.73870771700178,0.29048099323440163
21.7537309748786,0.2906392581276037
21.76876461507806,0.29079757434673903
21.783808644775203,0.29095594188175167
21.798863071150056,0.29111436072256197
21.81392790138756,0.2912728308590662
21.829003142677667,0.2914313522811368
21.84408880221528,0.29158992497862224
21.859184887200275,0.29174854894134683
21.874291404837507,0.29190722415911097
21.889408362336805,0.29206595062169116
21.904535766912986,0.29222472831883967
21.919673625785848,0.2923835572402848
21.934821946180183,0.29254243737573105
21.94998073532578,0.29270136871485863
21.965150000457403,0.29286035124732374
21.98032974881484,0.2930193849627584
21.99551998764287,0.29317846985077106
22.010720724191284,0.29333760590094543
22.02593196571488,0.29349679310284166
22.041153719473485,0.29365603144599556
22.056385992731904,0.29381532091991874
22.071628792760002,0.29397466151409907
22.08688212683265,0.294134053218
22.102146002229752,0.294293496021061
22.11742042623624,0.2944529899126973
22.132705406142087,0.29461253488230005
22.14800094924229,0.2947721309192363
22.163307062836903,0.29493177801284903
22.17862375423102,0.2950914761524567
22.193951030734773,0.295251225327354
22.20928889966337,0.29541102552681114
22.224637368337042,0.2955708767400746
22.239996444081097,0.2957307789563658
22.255366134225913,0.2958907321648831
22.27074644610692,0.29605073635479967
22.28613738706462,0.2962107915152648
22.30153896444461,0.2963708976354042
22.316951185597517,0.29653105470431806
22.332374057879086,0.29669126271108337
22.34780758865013,0.2968515216447523
22.36325178527656,0.29701183149435323
22.378706655129367,0.29717219224888997
22.394172205584642,0.29733260389734206
22.409648444023567,0.29749306642866485
22.42513537783243,0.29765357983178936
22.440633014402625,0.29781414409562246
22.456141361130662,0.2979747592090465
22.47166042541813,0.2981354251609195
22.487190214671763,0.2982961419400753
22.50273073630341,0.2984569095353234
22.51828199773004,0.29861772793544916
22.533844006373737,0.298778597129213
22.549416769661747,0.29893951710535194
22.56500029502639,0.2991004878525774
22.58059458990518,0.2992615093595775
22.59619966174074,0.29942258161501556
22.61181551798085,0.2995837046075305
22.62744216607843,0.29974487832573693
22.64307961349155,0.29990610275822505
22.658727867683442,0.30006737789356064
22.674386936122485,0.30022870372028515
22.69005682628223,0.3003900802269154
22.70573754564138,0.30055150740194414
22.721429101683835,0.3007129852338394
22.737131501898613,0.3008745137110446
22.75284475377996,0.30103609282197924
22.768568864827277,0.30119772255503796
22.784303842545153,0.301359402898591
22.800049694443363,0.3015211338409843
22.815806428036883,0.30168291537053926
22.83157405084585,0.30184474747555246
22.847352570395625,0.3020066301442964
22.863141994216765,0.302168563365019
22.878942329845035,0.30233054712594354
22.894753584821398,0.30249258141526886
22.910575766692038,0.3026546662211693
22.926408883008342,0.30281680153179463
22.942252941326927,0.30297898733526996
22.95810794920963,0.3031412236196962
22.973973914223507,0.30330351037314923
22.98985084394086,0.30346584758368106
23.005738745939198,0.30362823523931814
23.02163762780128,0.30379067332806303
23.037547497115117,0.30395316183789406
23.053468361473946,0.3041157007567639
23.069400228476265,0.30427829007260143
23.085343105725826,0.30444092977331083
23.101297000831604,0.3046036198467712
23.117261921407867,0.3047663602808376
23.133237875074133,0.3049291510633403
23.149224869455185,0.30509199218208455
23.16522291218108,0.30525488362485154
23.181232010887143,0.3054178253793973
23.197252173213975,0.3055808174334536
23.213283406807463,0.3057438597747274
23.229325719318776,0.3059069523909009
23.245379118404376,0.30607009526963175
23.261443611725987,0.3062332883985527
23.277519206950664,0.30639653176527204
23.293605911750745,0.30655982535737325
23.30970373380387,0.3067231691624151
23.325812680792996,0.30688656316793195
23.341932760406383,0.30705000736143295
23.358063980337583,0.3072135017304027
23.37420634828549,0.3073770462623011
23.390359871954317,0.30754064094456335
23.406524559053597,0.3077042857645998
23.422700417298184,0.3078679807097962
23.438887454408277,0.30803172576751336
23.455085678109402,0.3081955209250874
23.471295096132422,0.3083593661698297
23.48751571621355,0.30852326148902676
23.50374754609434,0.3086872068699402
23.519990593521705,0.3088512022998074
23.536244866247888,0.30901524776584005
23.552510372030508,0.3091793432552255
23.56878711863255,0.30934348875512646
23.585075113822356,0.3095076842526807
23.601374365373633,0.30967192973500074
23.617684881065482,0.309836225189175
23.634006668682336,0.31000057060226616
23.650339736014043,0.31016496596131277
23.666684090855828,0.31032941125332814
23.6830397410083,0.31049390646530095
23.699406694277464,0.3106584515841949
23.71578495847471,0.3108230465969487
23.732174541416835,0.31098769149047634
23.748575450926033,0.31115238625166686
23.7649876948299,0.3113171308673842
23.78141128096147,0.3114819253244678
23.797846217159137,0.3116467696097316
23.81429251126675,0.3118116637099652
23.830750171133577,0.31197660761193297
23.847219204614305,0.3121416013023744
23.863699619569044,0.3123066447680039
23.880191423863344,0.3124717379955112
23.896694625368198,0.312636880971561
23.913209231960003,0.3128020736827927
23.929735251520636,0.31296731611582107
23.946272691937413,0.3131326082572359
23.962821561103095,0.3132979500936018
23.979381866915897,0.3134633416114585
23.995953617279497,0.3136287827973208
24.012536820103033,0.3137942736376784
24.02913148330111,0.31395981411899593
24.045737614793797,0.3141254042277132
24.06235522250666,0.3142910439502448
24.078984314370693,0.31445673327298024
24.095624898322413,0.3146224721822841
24.112276982303815,0.3147882606644961
24.128940574262373,0.3149540987059306
24.145615682151057,0.31511998629287685
24.16230231392835,0.3152859234115998
24.179000477558194,0.31545191004833795
24.19571018101007,0.31561794618930594
24.21243143225896,0.31578403182069276
24.22916423928535,0.3159501669286625
24.245908610075244,0.31611635149935396
24.262664552620166,0.3162825855188811
24.279432074917167,0.3164488689733325
24.29621118496882,0.31661520184877184
24.31300189078322,0.31678158413123747
24.329804200374014,0.3169480158067428
24.34661812176039,0.3171144968612761
24.363443662967036,0.31728102728080004
24.380280832024233,0.31744760705125286
24.397129636967794,0.3176142361585471
24.41399008583908,0.3177809145885704
24.430862186685022,0.31794764232718514
24.447745947558115,0.31811441936022866
24.464641376516383,0.3182812456735126
24.481548481623456,0.3184481212528243
24.49846727094853,0.318615046083925
24.515397752566372,0.31878202015255125
24.532339934557328,0.31894904344441444
24.54929382500733,0.31911611594520034
24.5662594320079,0.31928323764057
24.58323676365615,0.31945040851615875
24.60022582805479,0.31961762855757697
24.61722663331214,0.31978489775040997
24.634239187542082,0.3199522160802173
24.65126349886415,0.32011958353253367
24.668299575403477,0.3202870000928683
24.685347425290807,0.3204544657467054
24.702407056662498,0.32062198047950347
24.719478477660548,0.3207895442766966
24.736561696432574,0.3209571571236925
24.753656721131797,0.3211248190058742
24.770763559917114,0.3212925299085994
24.787882220953037,0.3214602898172004
24.80501271240973,0.3216280987169842
24.822155042463,0.3217959565932325
24.839309219294293,0.32196386343120176
24.856475251090732,0.322131819216123
24.873653146045083,0.32229982393320183
24.89084291235577,0.3224678775676188
24.90804455822691,0.32263598010452893
24.925258091868233,0.3228041315290617
24.942483521495202,0.3229723318263218
24.95972085532893,0.32314058098138776
24.976970101596212,0.3233088789793134
24.994231268529536,0.3234772258051269
25.011504364367088,0.32364562144383113
25.028789397352707,0.32381406588040335
25.04608637573597,0.3239825590997958
25.063395307772144,0.324151101086935
25.080716201722193,0.32431969182672227
25.098049065852802,0.3244883313040334
25.115393908436364,0.3246570195037187
25.132750737750982,0.32482575641060335
25.150119562080487,0.32499454200948674
25.167500389714434,0.3251633762851431
25.18489322894811,0.3253322592223209
25.20229808808254,0.32550119080574363
25.219714975424452,0.3256701710201088
25.23714389928635,0.32583919985008886
25.254584867986477,0.3260082772803306
25.272037889848814,0.3261774032954554
25.289502973203103,0.3263465778800593
25.306980126384854,0.3265158010187125
25.324469357735293,0.32668507269596
25.34197067560146,0.32685439289632107
25.359484088336135,0.32702376160428986
25.37700960429789,0.32719317880433474
25.394547231851057,0.3273626444808984
25.412096979365753,0.3275321586183986
25.429658855217887,0.3277017212012268
25.447232867789143,0.3278713322137497
25.464819025467012,0.32804099164030787
25.482417336644787,0.3282106994652167
25.500027809721516,0.3283804556727658
25.517650453102103,0.3285502602472193
25.53528527519724,0.32872011317281585
25.552932284423434,0.3288900144337685
25.570591489203007,0.3290599640142645
25.588262897964103,0.32922996189846626
25.605946519140705,0.32940000807050973
25.623642361172575,0.3295701025145056
25.641350432505366,0.329740245214539
25.659070741590536,0.32991043615466964
25.676803296885392,0.3300806753189313
25.69454810685309,0.33025096269133236
25.712305179962627,0.33042129825585553
25.730074524688852,0.33059168199645794
25.74785614951248,0.33076211389707105
25.765650062920077,0.3309325939416006
25.783456273404095,0.33110312211392706
25.801274789462806,0.33127369839790455
25.819105619600407,0.3314443227773623
25.83694877232695,0.33161499523610344
25.854804256158367,0.33178571575790566
25.872672079616486,0.33195648432652086
25.89055225122902,0.33212730092567544
25.908444779529557,0.3322981655390697
25.926349673057604,0.33246907815037874
25.944266940358563,0.33264003874325176
25.962196589983744,0.3328110473013124
25.980138630490366,0.3329821038081583
25.998093070441556,0.33315320824736183
26.016059918406366,0.3333243606024693
26.034039182959766,0.33349556085700144
26.052030872682657,0.3336668089944532
26.07003499616186,0.3338381049982942
26.08805156199015,0.3340094488519676
26.106080578766203,0.3341808405388915
26.124122055094677,0.3343522800424578
26.142175999586154,0.334523767346033
26.160242420857177,0.3346953024329575
26.17832132753024,0.3348668852865464
26.19641272823381,0.3350385158900888
26.214516631602276,0.3352101942268478
26.232633046276028,0.335381920280061
26.25076198090143,0.3355536940329402
26.268903444130803,0.33572551546867146
26.287057444622462,0.335897384570415
26.305223991040698,0.3360693013213053
26.323403092055788,0.3362412657044509
26.34159475634401,0.3364132777029346
26.359798992587628,0.3365853372998136
26.378015809474924,0.3367574444781191
26.396245215700148,0.3369295992208563
26.414487219963586,0.3371018015110048
26.432741830971544,0.3372740513315187
26.45100905743632,0.3374463486653256
26.469288908076255,0.33761869349532764
26.487581391615702,0.3377910858044012
26.50588651678506,0.33796352557539683
26.52420429232072,0.33813601279113864
26.542534726965158,0.3383085474344256
26.560877829466868,0.3384811294880306
26.579233608580395,0.33865375893470057
26.597602073066334,0.33882643575715665
26.615983231691335,0.33899915993809404
26.634377093228103,0.33917193146018204
26.65278366645541,0.3393447503060643
26.671202960158094,0.3395176164583583
26.68963498312708,0.3396905298996558
26.708079744159313,0.33986349061252247
26.72653725205788,0.34003649857949825
26.745007515631922,0.34020955378309703
26.763490543696676,0.34038265620580704
26.78198634507347,0.34055580583009054
26.800494928589735,0.3407290026383836
26.81901630307897,0.34090224661309637
26.837550477380816,0.3410755377366134
26.85609746034101,0.3412488759912931
26.874657260811404,0.34142226135946796
26.893229887649962,0.34159569382344446
26.911815349720772,0.3417691733655033
26.93041365589405,0.34194269996789894
26.949024815046144,0.34211627361286023
26.967648836059528,0.34228989428258993
26.98628572782282,0.34246356195926464
27.0049354992308,0.34263727662503524
27.023598159184342,0.3428110382620262
27.042273716590522,0.3429848468523369
27.06096218036255,0.3431587023780396
27.079663559419803,0.34333260482118144
27.098377862687816,0.343506554163783
27.117105099098314,0.3436805503878397
27.135845277589144,0.34385459347531966
27.154598407104377,0.34402868340816595
27.17336449659425,0.3442028201682953
27.192143555015182,0.34437700373759866
27.21093559132979,0.34455123409794064
27.229740614506873,0.34472551123116
27.24855863352144,0.34489983511906946
27.2673896573547,0.34507420574345565
27.286233694994056,0.3452486230860792
27.305090755433152,0.3454230871286747
27.323960847671803,0.3455975978529505
27.342843980716076,0.34577215524058913
27.361740163578258,0.3459467592732471
27.380649405276856,0.34612140993255464
27.39957171483662,0.34629610720011594
27.418507101288522,0.3464708510575094
27.437455573669805,0.34664564148628707
27.456417141023906,0.3468204784679749
27.475391812400556,0.3469953619840728
27.494379596855726,0.3471702920160548
27.513380503451646,0.3473452685453685
27.532394541256807,0.3475202915534357
27.55142171934597,0.34769536102165194
27.570462046800166,0.34787047693138656
27.589515532706702,0.3480456392639831
27.60858218615916,0.34822084800075853
27.627662016257432,0.3483961031230044
27.646755032107645,0.34857140461198516
27.66586124282227,0.3487467524489401
27.684980657520054,0.3489221466150817
27.70411328532605,0.3490975870915966
27.723259135371613,0.34927307385964523
27.742418216794434,0.34944860690036234
27.76159053873846,0.34962418619485547
27.78077611035402,0.3497998117242068
27.799974940797725,0.3499754834694723
27.819187039232542,0.35015120141168166
27.838412414827754,0.35032696553183845
27.857651076758984,0.35050277581091993
27.8769030342082,0.3506786322298772
27.896168296363708,0.3508545347696355
27.915446872420173,0.35103048341109355
27.934738771578605,0.351206478135124
27.954044003046395,0.3513825189225735
27.97336257603725,0.3515586057542619
27.992694499771286,0.3517347386109835
28.012039783474982,0.35191091747350634
28.03139843638119,0.3520871423225717
28.050770467729137,0.35226341313889553
28.07015588676446,0.35243972990316685
28.08955470273914,0.3526160925960485
28.108966924911584,0.35279250119817757
28.128392562546598,0.35296895569016434
28.147831624915383,0.35314545605259356
28.16728412129555,0.3533220022660231
28.18675006097111,0.35349859431098496
28.206229453232513,0.3536752321679848
28.22572230737661,0.3538519158175021
28.245228632706688,0.35402864523998984
28.264748438532465,0.35420542041587516
28.28428173417006,0.35438224132555857
28.30382852894208,0.35455910794941464
28.32338883217754,0.3547360202677913
28.34296265321192,0.35491297826101076
28.36255000138714,0.3550899819093683
28.3821508860516,0.3552670311931336
28.401765316560112,0.35544412609254944
28.421393302273998,0.3556212665878328
28.441034852561028,0.3557984526591741
28.46068997679546,0.3559756842867376
28.48035868435802,0.3561529614506612
28.500040984635916,0.35633028413105666
28.519736887022848,0.3565076523080093
28.539446400919008,0.356685065961578
28.559169535731083,0.3568625250717957
28.57890630087226,0.3570400296186688
28.59865670576224,0.35721757958217754
28.61842075982721,0.35739517494227546
28.63819847249989,0.3575728156788902
28.65798985321952,0.35775050177192297
28.677794911431857,0.3579282332012486
28.69761365658919,0.35810600994671554
28.71744609815035,0.35828383198814623
28.73729224558067,0.3584616993053361
28.757152108352056,0.35863961187805504
28.77702569594295,0.3588175696860461
28.796913017838353,0.358995572709026
28.816814083529806,0.3591736209266855
28.836728902515418,0.3593517143186884
28.856657484299866,0.3595298528646728
28.876599838394384,0.3597080365442499
28.89655597431679,0.3598862653370048
28.916525901591474,0.36006453922249637
28.936509629749423,0.3602428581802568
28.95650716832817,0.360421222189792
28.976518526871878,0.36059963123058153
28.996543714931295,0.3607780852820787
29.01658274206377,0.3609565843237103
29.03663561783325,0.3611351283348769
29.05670235181032,0.3613137172949524
29.076782953572117,0.36149235118328443
29.096877432702456,0.36167102997919437
29.116985798791756,0.36184975366197697
29.137108061437058,0.36202852221090087
29.157244230242043,0.36220733560520807
29.177394314817022,0.3623861938241141
29.197558324778957,0.3625650968468085
29.21773626975144,0.3627440446524539
29.23792815936474,0.36292303722018676
29.258134003255766,0.3631020745291173
29.27835381106806,0.3632811565583288
29.298587592451877,0.3634602832868787
29.318835357064113,0.36363945469379755
29.339097114568343,0.3638186707580897
29.359372874634822,0.3639979314587331
29.379662646940503,0.3641772367746793
29.399966441168978,0.364356586684853
29.42028426701058,0.36453598116815306
29.440616134162322,0.3647154202034514
29.460962052327922,0.3648949037695937
29.481322031217797,0.3650744318453994
29.50169608054908,0.3652540044096611
29.522084210045623,0.36543362144114505
29.542486429437986,0.3656132829185913
29.562902748463465,0.36579298882071315
29.583333176866077,0.36597273912619754
29.603777724396593,0.3661525338137051
29.62423640081248,0.36633237286186954
29.644709215877988,0.3665122562492984
29.665196179364102,0.36669218395457287
29.685697301048556,0.36687215595624756
29.706212590715847,0.36705217223285047
29.72674205815725,0.36723223276288325
29.74728571317075,0.36741233752482094
29.76784356556116,0.36759248649711224
29.788415625140054,0.36777267965817934
29.809001901725775,0.3679529169864177
29.829602405143465,0.36813319846019665
29.85021714522505,0.36831352405785883
29.870846131809245,0.3684938937577203
29.891489374741575,0.3686743075380708
29.912146883874364,0.36885476537717343
29.93281866906676,0.3690352672532649
29.953504740184673,0.3692158131445552
29.974205107100893,0.36939640302922794
29.994919779695,0.3695770368854403
30.01564876785341,0.3697577146913226
30.036392081469373,0.3699384364249795
30.057149730442973,0.37011920206448784
30.07792172468115,0.3703000115878991
30.098708074097647,0.3704808649732374
30.119508788613103,0.37066176219850083
30.140323878155,0.37084270324166074
30.161153352657678,0.37102368808066205
30.18199722206234,0.3712047166934231
30.202855496317063,0.3713857890578356
30.223728185376803,0.3715669051517649
30.244615299203385,0.3717480649530497
30.26551684776553,0.37192926843950197
30.286432841038852,0.3721105155889077
30.307363289005824,0.3722918063790254
30.328308201655858,0.3724731407875879
30.349267588985256,0.3726545187923011
30.37024146099722,0.37283594037084433
30.39122982770188,0.3730174055008704
30.41223269911629,0.37319891416000583
30.433250085264383,0.3733804663258498
30.45428199617706,0.3735620619759758
30.47532844189214,0.37374370108793026
30.496389432454396,0.3739253836392331
30.517464977915516,0.37410710960737786
30.538555088334157,0.37428887896983126
30.55965977377591,0.3744706917040336
30.58077904431333,0.3746525477873986
30.60191291002594,0.3748344471973131
30.62306138100022,0.3750163899111379
30.644224467329632,0.3751983759062069
30.66540217911458,0.37538040515982724
30.686594526462482,0.3755624776492796
30.707801519487735,0.3757445933518183
30.729023168311723,0.3759267522446708
30.75025948306282,0.37610895430503816
30.77151047387642,0.3762911995100947
30.792776150894873,0.37647348783698803
30.814056524267585,0.37665581926283936
30.835351604150965,0.37683819376474326
30.856661400708436,0.3770206113197676
30.87798592411044,0.37720307190495383
30.89932518453446,0.3773855754973166
30.920679192165004,0.37756812207384405
30.942047957193616,0.37775071161149765
30.963431489818895,0.37793334408721224
30.984829800246487,0.37811601947789614
31.006242898689063,0.37829873776043105
31.02767079536638,0.37848149891167177
31.049113500505257,0.3786643029084468
31.07057102433957,0.37884714972755806
31.092043377110276,0.3790300393457805
31.113530569065404,0.3792129717398627
31.13503261046008,0.3793959468865267
31.156549511556474,0.3795789647624675
31.178081282623893,0.3797620253443539
31.19962793393873,0.3799451286088278
31.221189475784467,0.3801282745325046
31.242765918451706,0.38031146309197295
31.264357272238158,0.38049469426379506
31.285963547448645,0.38067796802450626
31.307584754395116,0.38086128435061545
31.329220903396642,0.38104464321860476
31.350872004779447,0.3812280446049296
31.372538068876835,0.3814114884860189
31.39421910602931,0.3815949748382748
31.415915126584498,0.3817785036380729
31.437626140897176,0.38196207486176215
31.459352159329285,0.3821456884856647
31.481093192249933,0.3823293444860764
31.50284925003535,0.38251304283926596
31.524620343068985,0.3826967835214756
31.54640648174145,0.38288056650892116
31.568207676450534,0.38306439177779156
31.59002393760121,0.38324825930424905
31.611855275605645,0.38343216906442923
31.633701700883204,0.3836161210344412
31.655563223860447,0.3838001151903672
31.67743985497114,0.383984151508263
31.699331604656265,0.3841682299641574
31.721238483364015,0.3843523505340528
31.743160501549823,0.384536513193925
31.765097669676294,0.3847207179197227
31.787049998213316,0.38490496468736835
31.809017497637996,0.38508925347275746
31.8310001784347,0.38527358425175917
31.852998051094982,0.38545795700021546
31.87501112611771,0.3856423716939422
31.897039414008972,0.3858268283087281
31.91908292528214,0.38601132682033557
31.941141670457828,0.38619586720450005
31.963215660063938,0.38638044943693045
31.985304904635637,0.38656507349330893
32.00740941471538,0.38674973934929097
32.029529200852906,0.3869344469805055
32.05166427360524,0.3871191963625546
32.07381464353671,0.3873039874710135
32.09598032121895,0.3874888202814315
32.118161317230864,0.38767369476933006
32.14035764215871,0.3878586109102048
32.162569306596055,0.3880435686795245
32.18479632114376,0.388228568052731
32.20703869641005,0.38841360900523975
32.22929644301044,0.3885986915124391
32.251569571567806,0.38878381554969116
32.273858092712366,0.388968981092331
32.296162017081684,0.3891541881156674
32.31848135532067,0.3893394365949819
32.34081611808159,0.38952472650552966
32.36316631602408,0.38971005782253915
32.38553195981512,0.38989543052121217
32.40791306012909,0.39008084457672365
32.43030962764773,0.39026629996422185
32.452721673060175,0.3904517966588285
32.47514920706295,0.39063733463563854
32.49759224035993,0.39082291386971996
32.52005078366243,0.3910085343361143
32.54252484768916,0.3911941960098366
32.56501444316625,0.39137989886587476
32.587519580827184,0.39156564287919016
32.61004027141294,0.3917514280247174
32.63257652567187,0.3919372542773646
32.655128354359775,0.3921231216120129
32.67769576823988,0.39230903000351686
32.700278778082854,0.39249497942670447
32.7228773946668,0.39268096985637657
32.74549162877728,0.3928670012673079
32.76812149120731,0.39305307363424585
32.79076699275736,0.3932391869319117
32.81342814423536,0.3934253411349995
32.836104956456715,0.3936115362181769
32.858797440244324,0.3937977721560849
32.8815056064285,0.3939840489233374
32.904229465847116,0.3941703664945218
32.92696902934549,0.394356724844199
32.949724307776485,0.39454312394690294
32.97249531200038,0.3947295637771408
32.99528205288503,0.3949160443093931
33.018084541305775,0.3951025655181139
33.04090278814548,0.3952891273777301
33.063736804294514,0.39547572986264223
33.0865866006508,0.39566237294722395
33.10945218811976,0.39584905660582226
33.13233357761438,0.3960357808127573
33.15523078005517,0.3962225455423227
33.178143806370194,0.39640935076878536
33.20107266749507,0.3965961964663852
33.22401737437298,0.39678308260933587
33.24697793795463,0.3969700091718237
33.269954369198345,0.3971569761280087
33.29294667906999,0.39734398345202415
33.31595487854303,0.39753103111797655
33.33897897859852,0.39771811909994587
33.362018990225046,0.3979052473719848
33.38507492441885,0.3980924159081198
33.40814679218375,0.39827962468235056
33.43123460453118,0.3984668736686499
33.45433837248016,0.39865416284096405
33.477458107057345,0.3988414921732126
33.500593819297016,0.399028861639288
33.52374552024105,0.3992162712130564
33.54691322093899,0.3994037208683571
33.570096932447996,0.3995912105790027
33.59329666583287,0.399778740318779
33.61651243216607,0.3999663100614453
33.63974424252767,0.4001539197807337
33.66299210800546,0.40034156945035
33.68625603969485,0.4005292590439732
33.70953604869895,0.4007169885352557
33.73283214612849,0.40090475789782276
33.75614434310193,0.4010925671052733
33.7794726507454,0.40128041613117943
33.8028170801927,0.4014683049490865
33.82617764258536,0.40165623353251306
33.84955434907257,0.40184420185495123
33.87294721081126,0.4020322098898661
33.89635623896604,0.4022202576106962
33.919781444709265,0.4024083449908532
33.94322283922099,0.4025964720037223
33.966680433689,0.4027846386226618
33.990154239308815,0.4029728448210032
34.01364426728371,0.4031610905720517
34.03715052882465,0.4033493758490851
34.06067303515039,0.403537700625355
34.08421179748744,0.4037260648740862
34.10776682707007,0.40391446856847685
34.131338135140275,0.404102911681698
34.15492573294785,0.40429139418689436
34.17852963175038,0.40447991605718386
34.20214984281319,0.40466847726565763
34.22578637740942,0.40485707778538016
34.24943924681999,0.4050457175893892
34.27310846233362,0.4052343966506957
34.29679403524682,0.40542311494228406
34.320495976863924,0.40561187243711194
34.34421429849707,0.4058006691081102
34.367949011466216,0.4059895049281829
34.39170012709915,0.40617837987020783
34.415467656731444,0.4063672939070353
34.43925161170657,0.4065562470114897
34.463052003375786,0.4067452391563683
34.486868843098236,0.4069342703144416
34.5107021422409,0.40712334045845394
34.534551912178586,0.407312449561122
34.55841816429399,0.4075015975951367
34.58230090997768,0.40769078453316154
34.60620016062808,0.40788001034783394
34.630115927651495,0.4080692750117642
34.65404822246212,0.40825857849753605
34.677997056482035,0.4084479207777064
34.7019624411412,0.4086373018248056
34.72594438787749,0.40882672161133726
34.74994290813669,0.4090161801097783
34.77395801337247,0.40920567729257895
34.79798971504646,0.40939521313216276
34.822038024628135,0.4095847876009263
34.84610295359497,0.40977440067123994
34.87018451343234,0.4099640523154469
34.89428271563359,0.4101537425058643
34.91839757169992,0.4103434712147816
34.94252909314058,0.41053323841446243
34.96667729147271,0.4107230440771434
34.990842178221456,0.4109128881750346
35.01502376491989,0.4111027706803191
35.039222063109065,0.4112926915651535
35.06343708433802,0.41148265080166785
35.08766884016377,0.41167264836196527
35.11191734215131,0.4118626842181222
35.136182601873635,0.41205275834218863
35.16046463091173,0.4122428707061876
35.1847634408546,0.4124330212821156
35.20907904329926,0.4126232100419426
35.23341144985069,0.41281343695761136
35.257760672121954,0.41300370200103853
35.2821267217341,0.4131940051441138
35.30650961031626,0.4133843463587004
35.33090934950551,0.41357472561663455
35.355325950947055,0.413765142889726
35.3797594262941,0.4139555981497578
35.40420978720794,0.4141460913684865
35.428677045357894,0.41433662251764164
35.453161212421364,0.41452719156892637
35.477662300083814,0.414717798494017
35.502180320038796,0.41490844326456333
35.526715283987926,0.4150991258521883
35.55126720364092,0.41528984622848836
35.575836090715576,0.41548060436503326
35.60042195693782,0.41567140023336624
35.62502481404162,0.41586223380500326
35.64964467376911,0.4160531050514344
35.67428154787052,0.41624401394412264
35.69893544810421,0.4164349604545046
35.723606386236625,0.4166259445539899
35.748294374042395,0.41681696621396147
35.772999423304256,0.4170080254057762
35.7977215458131,0.41719912210076365
35.82246075336796,0.41739025627022713
35.84721705777603,0.41758142788544317
35.87199047085265,0.4177726369176617
35.896781004421356,0.41796388333810586
35.92158867031381,0.41815516711797235
35.94641348036989,0.4183464882284312
35.97125544643764,0.4185378466406256
35.99611458037328,0.41872924232567243
36.020990894041276,0.4189206752546618
36.0458843993142,0.4191121453986569
36.07079510807291,0.41930365272869463
36.09572303220644,0.41949519721578526
36.12066818361208,0.4196867788309124
36.145630574195266,0.41987839754503264
36.17061021586972,0.42007005332907665
36.19560712055739,0.42026174615394785
36.220621300188455,0.4204534759905235
36.24565276670133,0.420645242809654
36.2707015320427,0.4208370465821631
36.2957676081675,0.4210288872788481
36.32085100703891,0.42122076487047955
36.34595174062841,0.4214126793278014
36.371069820915714,0.42160463062153114
36.396205259888845,0.4217966187223595
36.4213580695441,0.4219886436009507
36.44652826188609,0.42218070522794227
36.47171584892765,0.42237280357394513
36.49692084269,0.42256493860954364
36.52214325520263,0.42275711030529567
36.54738309850336,0.4229493186317324
36.572640384638284,0.4231415635593583
36.59791512566187,0.42333384505865135
36.6232073336369,0.42352616310006314
36.64851702063449,0.42371851765401825
36.67384419873411,0.4239109086909152
36.699188880023556,0.4241033361811254
36.724551076599006,0.424295800094994
36.74993080056496,0.4244883004028396
36.775328064034326,0.42468083707495397
36.80074287912835,0.42487341008160256
36.82617525797667,0.4250660193930241
36.85162521271733,0.4252586649794309
36.87709275549668,0.4254513468110084
36.90257789846955,0.4256440648579158
36.92808065379914,0.42583681909028553
36.95360103365707,0.4260296094782239
36.97913905022333,0.4262224359918098
37.00469471568636,0.42641529860109634
37.03026804224302,0.4266081972761097
37.05585904209861,0.42680113198684977
37.08146772746684,0.4269941027032895
37.10709411056987,0.4271871093953759
37.13273820363831,0.4273801520330287
37.15840001891124,0.4275732305861418
37.18407956863615,0.4277663450245819
37.209776865069045,0.4279594953181897
37.235491920474374,0.42815268143677915
37.261224747125056,0.4283459033501376
37.28697535730254,0.4285391610280261
37.312743763296666,0.42873245444017877
37.338529977405855,0.42892578355630356
37.364334011937,0.42911914834608184
37.39015587920551,0.4293125487791686
37.41599559153526,0.4295059848251917
37.441853161258685,0.4296994564537532
37.46772860071674,0.42989296363442836
37.4936219222589,0.43008650633676593
37.51953313824317,0.4302800845302881
37.5454622610361,0.4304736981844907
37.571409303012786,0.43066734726884304
37.59737427655688,0.43086103175278784
37.62335719406058,0.43105475160574125
37.64935806792467,0.4312485067970932
37.67537691055849,0.431442297296207
37.70141373437995,0.43163612307241933
37.72746855181556,0.43182998409504064
37.75354137530039,0.4320238803333547
37.77963221727812,0.43221781175661883
37.80574109020103,0.43241177833406397
37.83186800653004,0.4326057800348947
37.85801297873459,0.4327998168282886
37.88417601929283,0.4329938886833975
37.91035714069148,0.43318799556934623
37.93655635542592,0.43338213745523346
37.962773676000154,0.4335763143101313
37.98900911492681,0.43377052610308536
38.0152626847272,0.4339647728031148
38.041534397931244,0.43415905437921254
38.06782426707756,0.4343533708003448
38.09413230471342,0.4345477220354515
38.12045852339475,0.434742108053446
38.1468029356862,0.43493652882321543
38.17316555416103,0.4351309843136202
38.19954639140124,0.4353254744934945
38.22594545999752,0.43551999933164603
38.252362772549276,0.43571455879685633
38.278798341664555,0.4359091528578799
38.30525217996019,0.43610378148344536
38.3317243000617,0.43629844464225476
38.35821471460335,0.43649314230298375
38.3847234362281,0.43668787443428153
38.41125047758769,0.436882641004771
38.43779585134257,0.43707744198304843
38.46435957016196,0.437272277337684
38.49094164672382,0.43746714703722134
38.51754209371489,0.4376620510501776
38.54416092383065,0.4378569893450437
38.57079814977539,0.43805196189028406
38.59745378426217,0.43824696865433704
38.62412784001278,0.438442009605614
38.650820329757885,0.4386370847125005
38.67753126623689,0.43883219394335543
38.70426066219807,0.4390273372665116
38.7310085303984,0.4392225146502749
38.75777488360376,0.43941772606292545
38.784559734588846,0.4396129714727168
38.81136309613714,0.43980825084787606
38.83818498104101,0.44000356415660413
38.86502540210162,0.44019891136707545
38.891884372129,0.4403942924474383
38.918761903942034,0.44058970736581426
38.94565801036846,0.440785156090299
38.97257270424489,0.44098063858896164
38.999505998416794,0.4411761548298449
39.026457905738546,0.44137170478096555
39.053428439073336,0.4415672884103134
39.08041761129333,0.4417629056858525
39.10742543527953,0.44195855657552047
39.13445192392187,0.4421542410472284
39.161497090119205,0.4423499590688615
39.18856094677923,0.442545710608278
39.215643506818644,0.4427414956333106
39.24274478316304,0.4429373141117651
39.26986478874693,0.44313316601142144
39.29700353651379,0.44332905130003303
39.324161039416026,0.44352496994532703
39.351337310415005,0.44372092191500434
39.37853236248104,0.44391690717673976
39.405746208593406,0.44411292569818156
39.43297886174037,0.44430897744695175
39.46023033491914,0.4445050623906463
39.487500641135966,0.44470118049683494
39.514789793405996,0.44489733173306073
39.54209780475344,0.4450935160668407
39.5694246882115,0.445289733465666
39.596770456822384,0.44548598389700117
39.624135123637274,0.4456822673282843
39.65151870171643,0.4458785837269278
39.6789212041291,0.4460749330603173
39.706342643953576,0.4462713152958127
39.73378303427719,0.4464677304007472
39.761242388196315,0.4466641783424284
39.78872071881638,0.446860659088137
39.81621803925185,0.4470571726051279
39.84373436262629,0.44725371886062987
39.871269702072304,0.44745029782184503
39.89882407073158,0.44764690945594976
39.92639748175488,0.447843553730094
39.95398994830211,0.44804023061140175
39.981601483542164,0.44823694006697046
40.00923210065312,0.4484336820638716
40.03688181282215,0.44863045656915046
40.06455063324554,0.44882726354982644
40.09223857512865,0.4490241029728921
40.11994565168601,0.4492209748053143
40.14767187614129,0.4494178790140338
40.175417261727276,0.4496148155659651
40.2031818216859,0.44981178442799646
40.230965569268264,0.4500087855669901
40.2587685177346,0.450205818949782
40.28659068035433,0.4504028845431821
40.31443207040603,0.45059998231397425
40.34229270117745,0.450797112228916
40.37017258596554,0.45099427425473904
40.398071738076446,0.4511914683581488
40.42599017082545,0.45138869450582425
40.453927897537106,0.4515859526644189
40.48188493154514,0.4517832428005597
40.50986128619251,0.45198056488084765
40.537856974831406,0.45217791887185793
40.565872010823185,0.4523753047401389
40.5939064075385,0.4525727224522135
40.62196017835722,0.4527701719745784
40.65003333666847,0.45296765327370414
40.67812589587062,0.45316516631603526
40.70623786937131,0.4533627110679901
40.734369270587415,0.4535602874959611
40.762520112945126,0.45375789556631463
40.790690409879886,0.4539555352453908
40.81888017483642,0.4541532064995039
40.84708942126877,0.45435090929494215
40.87531816264026,0.4545486435979678
40.90356641242349,0.45474640937481664
40.93183418410041,0.45494420659169893
40.960121491162276,0.45514203521479873
40.98842834710969,0.4553398952102742
41.01675476545251,0.4555377865442571
41.04510075971002,0.4557357091828535
41.073466343410786,0.4559336630921436
41.10185153009276,0.45613164823818125
41.13025633330323,0.45632966458699453
41.158680766598856,0.4565277121045855
41.187124843545654,0.45672579075693015
41.215588577719025,0.45692390050997855
41.24407198270375,0.45712204132965495
41.27257507209401,0.4573202131818574
41.301097859493346,0.457518416032458
41.329640358514744,0.4577166498473031
41.35820258278059,0.45791491459221295
41.38678454592263,0.4581132102329818
41.41538626158209,0.4583115367353779
41.44400774340961,0.458509894065144
41.47264900506527,0.4587082821879964
41.50131006021855,0.45890670106962567
41.529990922548414,0.4591051506756965
41.558691605743284,0.4593036309718478
41.58741212350102,0.4595021419236921
41.61615248952895,0.4597006834968166
41.6449127175439,0.45989925565678225
41.67369282127215,0.4600978583691241
41.702492814449464,0.46029649159935154
41.73131271082112,0.4604951553129479
41.76015252414188,0.46069384947537056
41.789012268176016,0.46089257405205125
41.81789195669733,0.46109132900839583
41.84679160348908,0.4612901143097839
41.87571122234412,0.4614889299215696
41.904650827064806,0.46168777580908127
41.93361043146304,0.46188665193762096
41.96259004936027,0.46208555827246556
41.991589694587475,0.46228449477886535
42.020609380985206,0.46248346142204527
42.0496491224036,0.4626824581672044
42.078708932702334,0.4628814849795158
42.107788825750674,0.4630805418241271
42.13688881542749,0.4632796286661596
42.166008915621205,0.4634787454707093
42.19514914022988,0.46367789220284605
42.224309503161145,0.463877068827614
42.25349001833227,0.4640762753100316
42.282690699670134,0.4642755116150916
42.31191156111125,0.4644747777077608
42.34115261660172,0.4646740735529801
42.37041388009732,0.46487339911566505
42.39969536556347,0.4650727543607051
42.42899708697526,0.4652721392529643
42.45831905831737,0.4654715537572804
42.48766129358422,0.46567099783846594
42.517023806779854,0.46587047146130744
42.546406611918016,0.4660699745905658
42.57580972302213,0.4662695071909763
42.605233154125315,0.46646906922724835
42.63467691927037,0.46666866066406565
42.664141032509825,0.4668682814660862
42.6936255079059,0.4670679315979426
42.72313035953054,0.46726761102424114
42.752655601465435,0.4674673197095631
42.78220124780196,0.4676670576184637
42.811767312641294,0.4678668247154726
42.84135381009428,0.4680666209650936
42.870960754281576,0.46826644633180514
42.90058815933357,0.4684663007800598
42.93023603939046,0.4686661842742848
42.95990440860213,0.4688660967788811
42.98959328112831,0.4690660382582247
43.019302671138504,0.46926600867666557
43.049032592812,0.4694660079985284
43.07878306033789,0.46966603618811176
43.10855408791507,0.4698660932096891
43.13834568975224,0.47006617902750797
43.16815788006794,0.4702662936057905
43.19799067309051,0.470466436908733
43.22784408305815,0.47066660890050654
43.257718124218876,0.4708668095452563
43.287612810830595,0.47106703880710205
43.31752815716098,0.47126729665013783
43.34746417748764,0.4714675830384323
43.37742088609802,0.4716678979360285
43.40739829728947,0.4718682413069439
43.4373964253692,0.4720686131151705
43.46741528465428,0.4722690133246747
43.4974548894717,0.4724694418993974
43.52751525415837,0.47266989880325383
43.55759639306107,0.47287038400013404
43.58769832053653,0.4730708974539022
43.617821050951385,0.47327143912839725
43.64796459868219,0.47347200898743264
43.678128978115446,0.473672606994796
43.708314203647596,0.47387323311425
43.738520289685034,0.4740738873095312
43.768747250644104,0.4742745695443514
43.798995100951146,0.4744752797823964
43.82926385504238,0.4746760179873266
43.85955352736409,0.474876784122777
43.88986413237252,0.47507757815235774
43.92019568453393,0.4752784000396526
43.95054819832448,0.47547924974822037
43.98092168823045,0.47568012724159436
44.01131616874807,0.4758810324832826
44.04173165438359,0.47608196543676756
44.072168159653316,0.4762829260655063
44.10262569908355,0.47648391433293075
44.13310428721067,0.47668493020244707
44.16360393858106,0.47688597363743623
44.19412466775118,0.47708704460125384
44.22466648928756,0.47728814305723005
44.255229417766756,0.47748926896866983
44.28581346777544,0.47769042229885256
44.31641865391037,0.4778916030110326
44.347044990778315,0.4780928110684385
44.37769249299623,0.4782940464342738
44.40836117519113,0.4784953090717167
44.43905105200017,0.4786965989439203
44.46976213807053,0.4788979160140116
44.50049444805962,0.4790992602450931
44.531247996634924,0.4793006316002417
44.56202279847408,0.4795020300425091
44.59281886826487,0.4797034555349215
44.6236362207052,0.47990490804048
44.65447487050317,0.4801063875221606
44.68533483237703,0.4803078939429137
44.71621612105519,0.48050942726566453
44.747118751276254,0.4807109874533133
44.778042737789,0.48091257446873464
44.80898809535243,0.48111418827477836
44.839954838735686,0.48131582883426854
44.870942982718155,0.48151749611000433
44.90195254208945,0.4817191900647598
44.93298353164939,0.4819209106612836
44.964035966208,0.48212265786229924
44.99510986058557,0.482324431630505
45.02620522961262,0.48252623192857397
45.057322088129936,0.4827280587191543
45.08846045098853,0.4829299119648687
45.119620333049696,0.48313179162831477
45.15080174918501,0.4833336976720651
45.18200471427629,0.48353563005866695
45.21322924321567,0.4837375887506426
45.24447535090557,0.4839395737104892
45.27574305225869,0.4841415849006785
45.307032362198065,0.4843436222836575
45.33834329565705,0.48454568582184804
45.36967586757924,0.4847477754776465
45.401030092918646,0.4849498912134245
45.43240598663959,0.48515203299152865
45.46380356371674,0.4853542007742803
45.49522283913505,0.48555639452397564
45.52666382788993,0.48575861420288596
45.55812654498708,0.4859608597732575
45.589611005442606,0.48616313119731147
45.621117224282976,0.4863654284372439
45.65264521654505,0.48656775145522596
45.684194997276066,0.48677010021340367
45.715766581533686,0.48697247467389804
45.74735998438595,0.4871748747988052
45.778975220911335,0.4873773005501962
45.81061230619872,0.48757975189011704
45.84227125534742,0.4877822287805888
45.87395208346721,0.48798473118360763
45.90565480567824,0.48818725906114474
45.93737943711117,0.488389812375146
45.96912599290709,0.48859239108753266
46.0008944882176,0.48879499516020164
46.03268493820467,0.4889976245550234
46.06449735804084,0.48920027923384474
46.0963317629091,0.4894029591584871
46.12818816800296,0.48960566429074714
46.160066588526384,0.48980839459239645
46.19196703969388,0.49001115002518175
46.22388953673045,0.49021393055082507
46.25583409487163,0.4904167361310234
46.28780072936349,0.4906195667274487
46.31978945546261,0.49082242230174844
46.351800288436145,0.4910253028155449
46.38383324356181,0.49122820823043595
46.4158883361278,0.4914311385079939
46.44796558143295,0.4916340936097668
46.480064994786666,0.4918370734972778
46.51218659150892,0.4920400781320252
46.544330386930234,0.49224310747548217
46.576496396391775,0.4924461614890977
46.608684635245304,0.49264924013429534
46.640895118853166,0.49285234337247447
46.67312786258835,0.4930554711650092
46.70538288183447,0.4932586234732492
46.73766019198573,0.49346180025851927
46.769959808447034,0.49366500148211934
46.802281746633874,0.4938682271053248
46.83462602197244,0.4940714770893861
46.86699264989956,0.49427475139552923
46.899381645862725,0.4944780499849552
46.93179302532015,0.4946813728188408
46.96422680374064,0.4948847198583372
46.99668299660376,0.49508809106457174
47.029161619399765,0.49529148639864673
47.061662687629635,0.49549490582164
47.09418621680498,0.49569834929460427
47.12673222244821,0.4959018167785681
47.15930072009244,0.49610530823453514
47.19189172528151,0.4963088236234846
47.22450525357001,0.4965123629063708
47.257141320523274,0.4967159260441237
47.28979994171741,0.4969195129976484
47.32248113273927,0.4971231237278255
47.355184909186484,0.4973267581955112
47.38791128666746,0.49753041636153683
47.42066028080139,0.4977340981867092
47.45343190721829,0.4979378036318107
47.48622618155895,0.49814153265759925
47.51904311947494,0.4983452852248076
47.551882736628684,0.4985490612941446
47.58474504869344,0.49875286082629433
47.61763007135331,0.4989566837819166
47.65053782030314,0.49916053012164613
47.68346831124874,0.4993643998060937
47.7164215599067,0.4995682927958452
47.749397582004505,0.49977220905146247
47.78239639328049,0.4999761485334824
47.81541800948389,0.5001801112024177
47.8484624463748,0.5003840970187564
47.88152971972423,0.5005881059429624
47.91461984531405,0.5007921379354751
47.94773283893708,0.5009961929567088
47.980868716397026,0.5012002709670544
48.01402749350856,0.5014043719268778
48.04720918609719,0.5016084957965207
48.080413809999456,0.5018126425362999
48.1136413810628,0.5020168121065083
48.14689191514564,0.5022210044674147
48.18016542811729,0.5024252195792627
48.213461935858106,0.502629457402272
48.246781454259384,0.5028337178966382
48.28012399922341,0.5030380010225323
48.31348958666346,0.5032423067401006
48.34687823250379,0.5034466350094658
48.38028995267969,0.5036509857907258
48.413724763137445,0.5038553590439543
48.44718267983436,0.5040597547292005
48.480663718738775,0.5042641728064899
48.514167895830056,0.504468613235823
48.547695227098615,0.5046730759771767
48.58124572854596,0.5048775609905032
48.61481941618454,0.5050820682357304
48.64841630603799,0.5052865976727622
48.68203641414096,0.5054911492614783
48.71567975653923,0.505695722961734
48.749346349289574,0.5059003187333606
48.783036208459954,0.5061049365361647
48.8167493501294,0.5063095763299293
48.850485790388056,0.5065142380744131
48.8842455453372,0.5067189217293504
48.91802863108921,0.5069236272544512
48.951835063767625,0.5071283546094019
48.98566485950711,0.5073331037538644
49.01951803445349,0.5075378746474762
49.053394604763746,0.5077426672498515
49.08729458660601,0.5079474815205796
49.12121799615965,0.5081523174192258
49.15516484961509,0.5083571749053316
49.189135163174065,0.5085620539384144
49.22312895304945,0.5087669544779669
49.257146235465335,0.5089718764834589
49.29118702665705,0.509176819914335
49.32525134287107,0.5093817847300164
49.35933920036516,0.5095867708899
49.39345061540832,0.5097917783533588
49.427585604280765,0.5099968070797417
49.461744183273986,0.5102018570283735
49.49592636869072,0.5104069281585553
49.530132176844965,0.510612020429564
49.564361624062,0.5108171338006525
49.5986147266784,0.5110222682310498
49.632891501041996,0.511227423679961
49.667191963511954,0.511432600106567
49.70151613045875,0.5116377974700252
49.735864018264095,0.5118430157294684
49.770235643321115,0.5120482548440064
49.804631022034215,0.5122535147727241
49.839050170819185,0.5124587954746833
49.87349310610307,0.5126640969089212
49.90795984432435,0.5128694190344519
49.94245040193284,0.5130747618102651
49.97696479538971,0.5132801251953267
50.01150304116753,0.5134855091485789
50.04606515575023,0.51369091362894
50.08065115563314,0.5138963385953044
50.11526105732301,0.5141017840065428
50.149894877337964,0.514307249821502
50.18455263220756,0.514512735999005
50.21923433847278,0.5147182424978511
50.25394001268603,0.5149237692768158
50.28866967141119,0.5151293162946509
50.323423331223495,0.5153348835100839
50.35820100870973,0.5155404708818195
50.393002720468104,0.515746078368538
50.42782848310832,0.5159517059288963
50.46267831325151,0.516157353521527
50.49755222753033,0.5163630211050396
50.53245024258892,0.5165687086380197
50.56737237508295,0.5167744160790294
50.60231864167956,0.5169801433866068
50.63728905905742,0.5171858905192667
50.672283643906745,0.5173916574354998
50.70730241292927,0.5175974440937735
50.742345382838266,0.5178032504525315
50.777412570358564,0.518009076470194
50.81250399222655,0.5182149221051571
50.84761966519021,0.518420787315794
50.88275960600901,0.5186266720604537
50.91792383145409,0.5188325762974619
50.95311235830815,0.5190384999851209
50.988325203365484,0.519244443081709
51.02356238343202,0.5194504055454816
51.05882391532524,0.5196563873346698
51.09410981587429,0.5198623884074814
51.12942010191996,0.5200684087221011
51.164754790314646,0.5202744482366899
51.20011389792241,0.5204805069093851
51.23549744161896,0.5206865846983006
51.27090543829167,0.5208926815615269
51.30633790483958,0.5210987974571312
51.34179485817342,0.5213049323431568
51.377276315215596,0.521511086177624
51.412782292900204,0.5217172589185294
51.448312808173085,0.5219234505238464
51.483867877991706,0.5221296609515248
51.51944751932532,0.5223358901594911
51.5550517491549,0.5225421381056483
51.59068058447316,0.5227484047478765
51.626334042284505,0.5229546900440316
51.66201213960514,0.5231609939519468
51.69771489346303,0.5233673164294317
51.73344232089789,0.5235736574342726
51.76919443896122,0.5237800169242328
51.8049712647163,0.5239863948570518
51.8407728152382,0.524192791190446
51.8765991076138,0.5243992058821086
51.91245015894178,0.5246056388897095
51.948325986332634,0.5248120901708953
51.984226606908685,0.5250185596832893
52.020152037804095,0.5252250473844915
52.05610229616489,0.525431553232079
52.09207739914885,0.5256380771836053
52.12807736392572,0.525844619196601
52.16410220767706,0.5260511792285733
52.200151947596346,0.5262577572370064
52.236226600888855,0.5264643531793609
52.27232618477182,0.5266709670130747
52.30845071647436,0.5268775986955624
52.3446002132375,0.5270842481842154
52.38077469231417,0.5272909154364022
52.41697417096923,0.5274976004094678
52.45319866647948,0.5277043030607343
52.489448196133644,0.527911023347501
52.525722777232396,0.5281177612270436
52.56202242708838,0.528324516656615
52.59834716302619,0.5285312895934451
52.63469700238243,0.5287380799947404
52.6710719625056,0.528944887817685
52.70747206075626,0.5291517130194393
52.74389731450696,0.5293585555571412
52.780347741142236,0.5295654153879052
52.816823358058684,0.5297722924688234
52.853324182664835,0.529979186756964
52.88985023238132,0.5301860982093729
52.926401524640795,0.530393026783073
52.962978076887964,0.5305999724350641
52.99957990657958,0.5308069351223231
53.03620703118446,0.531013914801804
53.072859468183495,0.5312209114304381
53.109537235069666,0.5314279249651335
53.146240349348034,0.5316349553627753
53.18296882853575,0.5318420025802263
53.21972269016208,0.5320490665743259
53.256501951768435,0.5322561473018909
53.29330663090827,0.5324632447197151
53.33013674514723,0.5326703587845697
53.3669923120631,0.5328774894532029
53.40387334924582,0.5330846366823405
53.44077987429741,0.5332918004286846
53.47771190483215,0.5334989806489154
53.51466945847643,0.5337061772996899
53.55165255286887,0.5339133903376427
53.588661205660244,0.5341206197193853
53.62569543451353,0.5343278654015067
53.662755257103925,0.534535127340573
53.69984069111883,0.5347424054931276
53.73695175425787,0.5349496998156916
53.77408846423292,0.5351570102647629
53.81125083876805,0.5353643367968169
53.84843889559964,0.5355716793683066
53.8856526524763,0.5357790379356621
53.92289212715887,0.5359864124552907
53.960157337420505,0.5361938028835774
53.99744830104664,0.5364012091768846
54.034765035835015,0.5366086312915522
54.07210755959561,0.5368160691838968
54.109475890150776,0.537023522810213
54.14687004533515,0.537230992126773
54.184290042995706,0.5374384770898263
54.22173590099175,0.5376459776555994
54.259207637194926,0.537853493780297
54.29670526948923,0.5380610254201009
54.33422881577103,0.5382685725311704
54.37177829394903,0.5384761350696425
54.409353721944335,0.5386837129916316
54.44695511769044,0.5388913062532296
54.484582499133246,0.5390989148105058
54.52223588423099,0.5393065386195075
54.559915290954365,0.5395141776362592
54.597620737286505,0.5397218318167634
54.63535224122294,0.5399295011169996
54.67310982077168,0.5401371854929257
54.71089349395308,0.5403448849004762
54.74870327880004,0.540552599295564
54.78653919335791,0.5407603286340796
54.824401255684485,0.5409680728718909
54.86228948385006,0.5411758319648436
54.9002038959374,0.5413836058687612
54.93814451004178,0.5415913945394448
54.976111344270976,0.5417991979326733
55.01410441674528,0.542007016004203
55.052123745597505,0.5422148487097682
55.090169348973,0.5424226960050811
55.12824124502966,0.5426305578458314
55.16633945193789,0.5428384341876867
55.20446398788067,0.5430463249862924
55.2426148710536,0.5432542301972716
55.2807921196648,0.5434621497762258
55.31899575193495,0.5436700836787329
55.35722578609738,0.5438780318603502
55.395482240397996,0.544085994276612
55.433765133095314,0.5442939708830307
55.47207448246047,0.5445019616350967
55.51041030677722,0.544709966488278
55.548772624341964,0.5449179853980208
55.58716145346375,0.545126018319749
55.62557681246426,0.5453340652088647
55.66401871967786,0.5455421260207476
55.702487193451574,0.5457502007107556
55.7409822521451,0.5459582892342245
55.77950391413088,0.5461663915464681
55.818052197793925,0.5463745076027782
55.85662712153208,0.5465826373584245
55.89522870375584,0.546790780768655
55.93385696288848,0.5469989377886956
55.9725119173659,0.5472071083737499
56.01119358563684,0.547415292479
56.04990198616275,0.547623490059606
56.08863713741786,0.5478317010707061
56.12739905788914,0.5480399254674165
56.166187766076355,0.5482481632048315
56.20500328049204,0.5484564142380238
56.243845619661535,0.5486646785220437
56.28271480212299,0.5488729560119204
56.32161084642734,0.5490812466626606
56.360533771138364,0.5492895504292495
56.39948359483269,0.5494978672666505
56.438460336099695,0.5497061971298051
56.4774640135417,0.549914539973633
56.51649464577384,0.5501228957530324
56.555552251424146,0.5503312644228797
56.59463684913345,0.5505396459380291
56.633748457555534,0.5507480402533133
56.672887095357055,0.5509564473235437
56.712052781217565,0.5511648671035095
56.75124553382952,0.5513732995479786
56.79046537189831,0.551581744611697
56.82971231414223,0.551790202249389
56.86898637929253,0.5519986724157575
56.908287586093394,0.5522071550654835
56.94761595330197,0.5524156501532266
56.98697149968836,0.5526241576336245
57.02635424403564,0.5528326774612937
57.065764205139885,0.553041209590829
57.1052014018101,0.5532497539768039
57.14466585286834,0.5534583105737688
57.184157577149676,0.553666879336255
57.223676593502205,0.5538754602187711
57.263222920786944,0.5540840531758036
57.30279657787807,0.5542926581618182
57.34239758366275,0.5545012751312591
57.38202595704121,0.554709904038549
57.421681716926734,0.554918544838089
57.46136488224568,0.5551271974842589
57.5010754719375,0.5553358619314172
57.54081350495469,0.5555445381339005
57.5805790002629,0.5557532260460246
57.62037197684085,0.5559619256220836
57.660192453680395,0.5561706368163502
57.70004044978649,0.5563793595830758
57.73991598417729,0.5565880938764908
57.77981907588397,0.5567968396508035
57.819749743950965,0.5570055968602018
57.859708007435835,0.5572143654588516
57.89969388540935,0.5574231454008981
57.939707396955356,0.5576319366404643
57.97974856117098,0.557840739131653
58.01981739716653,0.5580495528285452
58.0599139240655,0.5582583776852007
58.10003816100462,0.5584672136556583
58.14019012713383,0.5586760606939355
58.18036984161631,0.5588849187540286
58.2205773236285,0.5590937877899124
58.26081259236005,0.5593026677555413
58.30107566701391,0.5595115586048478
58.341366566806286,0.5597204602917437
58.38168531096671,0.5599293727701197
58.42203191873788,0.5601382959938451
58.462406409375916,0.5603472299167687
58.50280880215019,0.5605561744927168
58.54323911634344,0.560765129675497
58.58369737125164,0.5609740954188936
58.62418358618417,0.561183071676671
58.66469778046373,0.5613920584025726
58.705239973426394,0.5616010555503204
58.74581018442158,0.5618100630736156
58.78640843281208,0.5620190809261384
58.82703473797407,0.5622281090615482
58.86768911929712,0.5624371474334833
58.90837159618419,0.562646195995561
58.949082188051655,0.562855254701378
58.989820914329314,0.5630643235045096
59.03058779446039,0.5632734023585108
59.07138284790156,0.5634824912169153
59.112206094122875,0.5636915900332361
59.153057552607926,0.5639006987609654
59.193937242853735,0.5641098173535745
59.23484518437083,0.5643189457645141
59.275781396683136,0.5645280839472135
59.31674589932816,0.564737231855082
59.35773871185687,0.5649463894415074
59.39875985383375,0.5651555566598575
59.439809344836824,0.5653647334634787
59.48088720445762,0.5655739198056973
59.52199345230122,0.5657831156398182
59.56312810798625,0.5659923209191261
59.60429119114489,0.5662015355968849
59.6454827214229,0.5664107596263379
59.6867027184796,0.5666199929607075
59.72795120198792,0.5668292355531958
59.76922819163439,0.5670384873569839
59.81053370711906,0.5672477483252328
59.85186776815571,0.5674570184110824
59.89323039447167,0.5676662975676524
59.93462160580798,0.5678755857480419
59.9760414219192,0.568084882905329
60.01748986257363,0.5682941889925717
60.058966947553245,0.5685035039628076
60.10047269665363,0.5687128277690534
60.142007129684096,0.5689221603643057
60.18357026646762,0.5691315017015403
60.22516212684089,0.5693408517337127
60.2667827306543,0.5695502104137582
60.30843209777196,0.5697595776945912
60.35011024807171,0.5699689535291059
60.39181720144513,0.5701783378701765
60.43355297779756,0.5703877306706558
60.47531759704804,0.5705971318833775
60.51711107912943,0.5708065414611542
60.55893344398835,0.571015959356778
60.60078471158525,0.5712253855230216
60.64266490189425,0.571434819912636
60.68457403490339,0.5716442624783532
60.7265121306145,0.5718537131728844
60.7684792090432,0.5720631719489203
60.81047529021898,0.572272638759132
60.852500394185135,0.5724821135561697
60.89455454099885,0.5726915962926639
60.93663775073114,0.5729010869212247
60.9787500434669,0.5731105853944417
61.020891439304926,0.573320091664885
61.06306195835786,0.5735296056851041
61.105261620752295,0.5737391274076284
61.14749044662872,0.5739486567849673
61.18974845614148,0.5741581937696102
61.232035669458924,0.574367738314026
61.27435210676331,0.5745772903706637
61.31669778825089,0.5747868498919531
61.35907273413176,0.5749964168303022
61.401476964630085,0.5752059911381003
61.44391049998397,0.5754155727677166
61.486373360445526,0.5756251616714997
61.528865566280835,0.5758347578017788
61.571387137769996,0.5760443611108629
61.61393809520712,0.5762539715510411
61.65651845890035,0.5764635890745823
61.69912824917186,0.576673213633736
61.74176748635785,0.5768828451807314
61.78443619080861,0.5770924836677779
61.827134382888474,0.5773021290470651
61.86986208297587,0.5775117812707629
61.91261931146323,0.5777214402910208
61.95540608875718,0.577931106059969
61.99822243527839,0.5781407785297179
62.041068371461705,0.5783504576523582
62.083943917755974,0.5785601433799598
62.12684909462429,0.5787698356645741
62.169783922543836,0.5789795344582321
62.21274842200597,0.5791892397129456
62.2557426135162,0.5793989513807059
62.29876651759419,0.5796086694134853
62.34182015477381,0.5798183937632361
62.38490354560311,0.5800281243818911
62.42801671064434,0.5802378612213632
62.47115967047396,0.5804476042335459
62.514332445682655,0.580657353370313
62.55753505687536,0.5808671085835191
62.60076752467116,0.5810768698249977
62.644029869703495,0.581286637046565
62.68732211262002,0.5814964102000164
62.7306442740827,0.5817061892371272
62.77399637476767,0.5819159741096543
62.81737843536546,0.5821257647693345
62.86079047658088,0.5823355611678855
62.90423251913302,0.582545363257005
62.947704583755296,0.5827551709883717
62.99120669119548,0.5829649843136446
63.03473886221564,0.5831748031844636
63.07830111759223,0.5833846275524488
63.12189347811604,0.583594457369201
63.165515964592245,0.5838042925863018
63.20916859784037,0.5840141331553135
63.252851398694354,0.5842239790277787
63.29656438800256,0.584433830155221
63.34030758662766,0.5846436864891446
63.38408101544683,0.5848535479810341
63.427884695351665,0.5850634145823556
63.47171864724822,0.5852732862445553
63.515582892056884,0.5854831629190601
63.55947745071262,0.5856930445572779
63.603402344164834,0.5859029311105974
63.64735759337738,0.5861128225303883
63.69134321932863,0.5863227187680007
63.73535924301143,0.5865326197747658
63.77940568543315,0.5867425255019956
63.82348256761567,0.5869524359009829
63.86758991059541,0.5871623509230017
63.911727735423305,0.5873722705193065
63.955896063164865,0.5875821946411328
64.00009491490016,0.5877921232396972
64.04432431172376,0.5880020562661974
64.08858427474489,0.5882119936718115
64.13287482508736,0.5884219354076994
64.17719598388952,0.588631881425001
64.22154777230442,0.5888418316748386
64.26593021149962,0.5890517861083138
64.31034332265737,0.5892617446765105
64.35478712697457,0.5894717073304934
64.39926164566273,0.5896816740213082
64.44376689994806,0.5898916446999818
64.48830291107141,0.5901016193175221
64.53286970028832,0.5903115978249183
64.577467288869,0.5905215801731406
64.6220956980984,0.5907315663131404
64.66675494927614,0.5909415561958502
64.71144506371658,0.5911515497721841
64.75616606274885,0.5913615469930371
64.80091796771669,0.5915715478092852
64.84570079997872,0.5917815521717863
64.89051458090826,0.5919915600313791
64.93535933189348,0.592201571338884
64.98023507433717,0.5924115860451017
65.02514182965707,0.5926216041008155
65.07007961928565,0.5928316254567894
65.1150484646702,0.5930416500637687
65.16004838727284,0.5932516778724805
65.2050794085705,0.5934617088336328
65.25014155005499,0.5936717428979152
65.29523483323294,0.5938817800159991
65.34035927962587,0.5940918201385367
65.38551491077013,0.594301863216162
65.430701748217,0.5945119091994906
65.47591981353263,0.5947219580391193
65.52116912829811,0.5949320096856265
65.56644971410935,0.5951420640895724
65.61176159257728,0.5953521212014984
65.65710478532773,0.5955621809719277
65.70247931400152,0.5957722433513651
65.7478852002543,0.5959823082902965
65.79332246575683,0.59619237573919
65.83879113219474,0.5964024456484951
65.88429122126874,0.596612517968643
65.92982275469446,0.5968225926500467
65.97538575420258,0.5970326696431005
66.02098024153878,0.5972427488981809
66.06660623846376,0.5974528303656456
66.11226376675329,0.5976629139958346
66.15795284819816,0.5978729997390692
66.20367350460423,0.5980830875456525
66.24942575779245,0.5982931773658698
66.29520962959879,0.598503269149988
66.34102514187437,0.5987133628482553
66.38687231648537,0.5989234584109026
66.43275117531313,0.5991335557881421
66.47866174025408,0.5993436549301685
66.52460403321977,0.5995537557871571
66.5705780761369,0.5997638583092665
66.61658389094735,0.5999739624466365
66.66262149960814,0.6001840681493891
66.70869092409146,0.6003941753676283
66.7547921863847,0.6006042840514398
66.80092530849045,0.6008143941508916
66.84709031242649,0.6010245056160336
66.8932872202258,0.6012346183968977
66.93951605393664,0.6014447324434979
66.98577683562245,0.6016548477058304
67.03206958736199,0.6018649641338731
67.07839433124914,0.6020750816775866
67.1247510893932,0.6022852002869131
67.17113988391867,0.6024953199117771
67.21756073696541,0.6027054405020855
67.26401367068844,0.602915562007727
67.31049870725822,0.6031256843785726
67.3570158688605,0.6033358075644756
67.40356517769635,0.6035459315152717
67.4501466559822,0.6037560561807785
67.49676032594978,0.6039661815107963
67.54340620984625,0.6041763074551072
67.59008432993413,0.6043864339634758
67.6367947084913,0.6045965609856492
67.68353736781103,0.6048066884713567
67.73031233020204,0.6050168163703098
67.77711961798845,0.6052269446322027
67.82395925350981,0.6054370732067118
67.87083125912106,0.6056472020434959
67.91773565719264,0.6058573310921962
67.96467247011044,0.6060674603024364
68.01164172027586,0.6062775896238233
68.05864343010568,0.6064877190059446
68.10567762203225,0.6066978483983718
68.1527443185034,0.6069079777506589
68.1998435419825,0.6071181070123418
68.24697531494841,0.6073282361329394
68.29413965989554,0.6075383650619532
68.34133659933384,0.6077484937488671
68.38856615578881,0.6079586221431476
68.43582835180155,0.6081687501942438
68.48312320992868,0.6083788778515877
68.53045075274247,0.6085890050645939
68.57781100283079,0.6087991317826595
68.625203982797,0.6090092579551644
68.67262971526024,0.6092193835314712
68.7200882228552,0.6094295084609253
68.7675795282322,0.6096396326928549
68.81510365405732,0.6098497561765711
68.86266062301212,0.610059878861367
68.91025045779399,0.6102700006965196
68.95787318111596,0.6104801216312881
69.00552881570673,0.6106902416149146
69.05321738431073,0.6109003605966243
69.10093890968813,0.6111104785256253
69.14869341461478,0.6113205953511082
69.19648092188231,0.6115307110222468
69.24430145429808,0.6117408254881979
69.29215503468522,0.6119509386981012
69.34004168588265,0.6121610506010795
69.38796143074507,0.6123711611462382
69.43591429214287,0.6125812702826663
69.4839002929624,0.6127913779594353
69.53191945610577,0.6130014841256
69.57997180449091,0.6132115887301987
69.62805736105153,0.6134216917222515
69.67617614873728,0.6136317930507629
69.72432819051365,0.6138418926647201
69.77251350936197,0.6140519905130934
69.82073212827947,0.6142620865448364
69.86898407027928,0.6144721807088857
69.91726935839041,0.6146822729541611
69.96558801565783,0.6148923632295659
70.01394006514238,0.6151024514839863
70.06232552992087,0.615312537666292
70.11074443308605,0.6155226217253359
70.15919679774665,0.6157327036099541
70.20768264702735,0.6159427832689662
70.25620200406877,0.6161528606511752
70.30475489202759,0.616362935705367
70.35334133407646,0.6165730083803114
70.4019613534041,0.6167830786247616
70.45061497321514,0.6169931463874534
70.49930221673033,0.6172032116171068
70.54802310718645,0.6174132742624252
70.59677766783636,0.6176233342720954
70.64556592194896,0.6178333915947873
70.69438789280922,0.6180434461791551
70.74324360371824,0.6182534979738357
70.79213307799321,0.61846354692745
70.84105633896742,0.6186735929886023
70.89001340999029,0.6188836361058807
70.93900431442738,0.6190936762278567
70.98802907566045,0.6193037133030853
71.03708771708726,0.6195137472801056
71.08618026212193,0.6197237781074398
71.13530673419463,0.6199338057335944
71.18446715675184,0.6201438301070592
71.23366155325607,0.6203538511763073
71.2828899471862,0.6205638688897963
71.3321523620373,0.6207738831959673
71.38144882132063,0.6209838940432449
71.43077934856376,0.6211939013800382
71.48014396731045,0.6214039051547393
71.5295427011208,0.6216139053157245
71.57897557357116,0.6218239018113539
71.62844260825415,0.6220338945899717
71.67794382877874,0.6222438835999057
71.72747925877017,0.6224538687894675
71.77704892187008,0.6226638501069531
71.82665284173638,0.6228738275006421
71.8762910420433,0.6230838009187981
71.92596354648153,0.6232937703096688
71.97567037875805,0.6235037356214859
72.02541156259633,0.6237136968024651
72.07518712173606,0.6239236538008058
72.1249970799335,0.6241336065646921
72.17484146096123,0.6243435550422917
72.22472028860831,0.6245534991817565
72.27463358668022,0.6247634389312229
72.32458137899891,0.6249733742388108
72.37456368940276,0.625183305052625
72.42458054174665,0.6253932313207538
72.47463195990194,0.62560315299127
72.52471796775647,0.6258130700122307
72.57483858921464,0.6260229823316772
72.62499384819728,0.6262328898976349
72.67518376864189,0.6264427926581138
72.72540837450232,0.6266526905611077
72.77566768974914,0.6268625835545953
72.82596173836941,0.6270724715865393
72.87629054436684,0.6272823546048871
72.9266541317616,0.6274922325575696
72.97705252459053,0.6277021053925028
73.02748574690715,0.6279119730575874
73.07795382278148,0.628121835500708
73.12845677630025,0.6283316926697338
73.17899463156684,0.6285415445125184
73.22956741270123,0.6287513909769002
73.28017514384013,0.6289612320107019
73.33081784913688,0.6291710675617307
73.38149555276155,0.6293808975777784
73.43220827890092,0.6295907220066214
73.48295605175846,0.6298005407960207
73.53373889555434,0.6300103538937218
73.58455683452551,0.6302201612474553
73.63540989292567,0.6304299628049358
73.6862980950253,0.6306397585138633
73.73722146511156,0.6308495483219215
73.78818002748848,0.6310593321767796
73.83917380647688,0.6312691100260915
73.89020282641437,0.6314788818174957
73.94126711165536,0.6316886474986152
73.99236668657116,0.6318984070170585
74.04350157554983,0.6321081603204182
74.09467180299633,0.6323179073562721
74.14587739333251,0.6325276480721829
74.19711837099707,0.632737382415698
74.24839476044559,0.6329471103343497
74.29970658615056,0.6331568317756555
74.35105387260143,0.6333665466871174
74.40243664430446,0.633576255016223
74.45385492578293,0.6337859567104439
74.50530874157708,0.6339956517172377
74.55679811624411,0.6342053399840467
74.60832307435808,0.6344150214582978
74.65988364051016,0.6346246960874032
74.71147983930847,0.6348343638187606
74.76311169537813,0.6350440245997524
74.8147792333613,0.6352536783777462
74.86648247791715,0.6354633251000946
74.91822145372188,0.6356729647141358
74.96999618546879,0.6358825971671928
75.02180669786817,0.6360922224065737
75.07365301564748,0.6363018403795723
75.12553516355119,0.6365114510334672
75.17745316634091,0.6367210543155225
75.22940704879538,0.6369306501729874
75.28139683571038,0.6371402385530968
75.33342255189892,0.6373498194030705
75.3854842221911,0.6375593926701136
75.43758187143425,0.6377689583014174
75.48971552449275,0.6379785162441572
75.54188520624827,0.6381880664454948
75.59409094159965,0.638397608852577
75.64633275546291,0.6386071434125363
75.69861067277131,0.6388166700724904
75.75092471847536,0.6390261887795426
75.80327491754277,0.6392356994807818
75.85566129495852,0.6394452021232824
75.9080838757249,0.6396546966541041
75.9605426848614,0.6398641830202925
76.01303774740485,0.6400736611688788
76.06556908840942,0.6402831310468794
76.11813673294647,0.6404925926012969
76.17074070610481,0.6407020457791192
76.22338103299055,0.6409114905273198
76.27605773872715,0.6411209267928585
76.32877084845538,0.6413303545226798
76.38152038733345,0.6415397736637148
76.43430638053695,0.6417491841628801
76.48712885325885,0.6419585859670779
76.53998783070953,0.6421679790231964
76.59288333811682,0.6423773632781099
76.64581540072594,0.6425867386786779
76.69878404379959,0.6427961051717461
76.75178929261791,0.6430054627041463
76.80483117247854,0.6432148112226957
76.85790970869655,0.643424150674198
76.91102492660457,0.6436334810054423
76.96417685155272,0.6438428021632041
77.01736550890854,0.6440521140942448
77.07059092405724,0.6442614167453115
77.12385312240151,0.6444707100631377
77.17715212936164,0.6446799939944432
77.23048797037538,0.6448892684859328
77.28386067089815,0.6450985334842982
77.33727025640296,0.6453077889362175
77.39071675238038,0.6455170347883544
77.44420018433865,0.6457262709873589
77.4977205778036,0.645935497479867
77.5512779583187,0.6461447142125014
77.60487235144511,0.6463539211318705
77.65850378276158,0.6465631181845692
77.71217227786464,0.6467723053171788
77.76587786236841,0.6469814824762664
77.81962056190477,0.6471906496083859
77.87340040212335,0.6473998066600773
77.92721740869136,0.6476089535778671
77.9810716072939,0.647818090308268
78.03496302363374,0.6480272167977791
78.0888916834315,0.6482363329928863
78.14285761242542,0.648445438840061
78.19686083637166,0.648654534285762
78.25090138104414,0.6488636192764343
78.30497927223459,0.6490726937585092
78.35909453575258,0.6492817576784048
78.41324719742546,0.6494908109825255
78.46743728309852,0.6496998536172623
78.52166481863483,0.6499088855289932
78.57592982991538,0.650117906664082
78.63023234283902,0.6503269169688799
78.68457238332252,0.6505359163897243
78.73894997730058,0.6507449048729396
78.79336515072572,0.6509538823648363
78.8478179295685,0.6511628488117124
78.90230833981741,0.6513718041598521
78.95683640747892,0.6515807483555268
79.01140215857734,0.6517896813449937
79.06600561915513,0.651998603074498
79.12064681527268,0.6522075134902711
79.17532577300838,0.6524164125385311
79.23004251845866,0.6526253001654836
79.28479707773798,0.6528341763173205
79.33958947697883,0.6530430409402208
79.39441974233179,0.6532518939803506
79.4492878999655,0.6534607353838625
79.50419397606667,0.6536695650968966
79.55913799684014,0.6538783830655795
79.61411998850882,0.6540871892360254
79.6691399773138,0.6542959835543349
79.72419798951421,0.6545047659665961
79.77929405138741,0.6547135364188842
79.83442818922887,0.6549222948572611
79.88960042935234,0.6551310412277764
79.94481079808956,0.6553397754764662
80.00005932179063,0.655548497549354
80.0553460268238,0.6557572073924508
80.11067093957556,0.6559659049517546
80.16603408645061,0.6561745901732505
80.22143549387194,0.6563832630029112
80.27687518828075,0.6565919233866963
80.33235319613657,0.6568005712705528
80.38786954391713,0.6570092066004152
80.44342425811857,0.6572178293222053
80.49901736525524,0.657426439381832
80.55464889185993,0.657635036725192
80.61031886448357,0.657843621298169
80.66602730969565,0.6580521930466343
80.72177425408391,0.6582607519164468
80.77755972425447,0.6584692978534529
80.83338374683194,0.6586778308034863
80.88924634845912,0.6588863507123678
80.9451475557974,0.6590948575259066
81.00108739552657,0.659303351189899
81.05706589434479,0.6595118316501289
81.11308307896873,0.659720298852368
81.1691389761335,0.6599287527423755
81.22523361259269,0.6601371932658981
81.28136701511839,0.6603456203686704
81.33753921050118,0.6605540339964147
81.39375022555014,0.6607624340948408
81.4500000870929,0.6609708206096465
81.50628882197567,0.6611791934865171
81.56261645706307,0.661387552671126
81.61898301923846,0.6615958981091341
81.67538853540366,0.6618042297461904
81.73183303247916,0.6620125475279317
81.78831653740397,0.6622208513999822
81.84483907713577,0.6624291413079546
81.9014006786509,0.6626374171974493
81.95800136894427,0.6628456790140548
82.0146411750295,0.6630539267033471
82.07132012393886,0.6632621602108908
82.12803824272329,0.663470379482238
82.18479555845245,0.6636785844629292
82.2415920982147,0.6638867750984927
82.29842788911708,0.664094951334445
82.35530295828544,0.6643031131162905
82.4122173328643,0.6645112603895222
82.46917104001705,0.6647193930996207
82.52616410692565,0.6649275111920551
82.58319656079105,0.6651356146122824
82.64026842883288,0.6653437033057483
82.6973797382897,0.6655517772178865
82.75453051641871,0.6657598362941183
82.81172079049608,0.6659678804798541
82.86895058781683,0.6661759097204926
82.92621993569479,0.6663839239614202
82.9835288614627,0.6665919231480124
83.04087739247217,0.6667999072256324
83.09826555609372,0.6670078761396324
83.15569337971681,0.6672158298353523
83.21316089074978,0.6674237682581212
83.27066811661994,0.6676316913532562
83.32821508477356,0.6678395990660628
83.3858018226759,0.6680474913418354
83.4434283578111,0.6682553681258564
83.50109471768239,0.6684632293633974
83.55880092981198,0.668671074999718
83.61654702174111,0.6688789049800667
83.67433302103008,0.669086719249681
83.73215895525811,0.6692945177537856
83.79002485202363,0.6695023004375954
83.84793073894407,0.6697100672463133
83.90587664365596,0.6699178181251312
83.96386259381492,0.6701255530192295
84.0218886170957,0.6703332718737773
84.07995474119217,0.6705409746339328
84.1380609938173,0.6707486612448427
84.1962074027033,0.6709563316516425
84.25439399560145,0.6711639857994568
84.31262080028226,0.6713716236333989
84.37088784453547,0.671579245098571
84.42919515616988,0.6717868501400645
84.48754276301366,0.6719944387029589
84.54593069291417,0.6722020107323239
84.604358973738,0.6724095661732173
84.66282763337095,0.6726171049706859
84.72133669971818,0.6728246270697659
84.77988620070408,0.6730321324154823
84.83847616427236,0.6732396209528495
84.89710661838603,0.6734470926268706
84.95577759102746,0.6736545473825382
85.01448911019828,0.6738619851648336
85.07324120391955,0.6740694059187278
85.13203390023166,0.6742768095891803
85.19086722719439,0.6744841961211406
85.24974121288689,0.674691565459547
85.30865588540773,0.6748989175493271
85.36761127287494,0.6751062523353977
85.42660740342586,0.675313569762665
85.48564430521739,0.6755208697760245
85.54472200642587,0.6757281523203613
85.60384053524713,0.6759354173405498
85.66299991989635,0.6761426647814531
85.72220018860838,0.6763498945879247
85.78144136963749,0.676557106704807
85.84072349125752,0.676764301076932
85.9000465817618,0.6769714776491211
85.95941066946327,0.6771786363661856
86.0188157826944,0.6773857771729258
86.07826194980724,0.6775929000141317
86.13774919917346,0.6778000048345835
86.19727755918429,0.6780070915790499
86.25684705825064,0.6782141601922903
86.31645772480304,0.678421210619053
86.3761095872916,0.6786282428040763
86.43580267418615,0.6788352566920882
86.49553701397622,0.6790422522278066
86.55531263517098,0.6792492293559386
86.61512956629936,0.6794561880211819
86.67498783590989,0.6796631281682229
86.73488747257093,0.6798700497417388
86.79482850487058,0.6800769526863961
86.85481096141667,0.6802838369468515
86.91483487083678,0.6804907024677512
86.97490026177834,0.6806975491937318
87.03500716290851,0.6809043770694194
87.09515560291429,0.6811111860394304
87.15534561050251,0.6813179760483709
87.21557721439983,0.6815247470408371
87.27585044335275,0.6817314989614154
87.33616532612773,0.6819382317546819
87.3965218915109,0.6821449453652032
87.45692016830849,0.6823516397375357
87.51736018534655,0.682558314816226
87.57784197147112,0.6827649705458112
87.638365555548,0.6829716068708176
87.69893096646312,0.6831782237357626
87.75953823312233,0.6833848210851537
87.82018738445139,0.6835913988634885
87.88087844939614,0.6837979570152546
87.94161145692235,0.6840044954849305
88.00238643601584,0.6842110142169844
88.06320341568248,0.6844175131558752
88.12406242494815,0.6846239922460521
88.18496349285881,0.6848304514319545
88.24590664848047,0.6850368906580128
88.30689192089928,0.6852433098686469
88.36791933922146,0.6854497090082678
88.42898893257328,0.6856560880212771
88.49010073010122,0.6858624468520662
88.55125476097189,0.6860687854450178
88.6124510543721,0.6862751037445051
88.67368963950868,0.6864814016948908
88.7349705456088,0.6866876792405295
88.79629380191976,0.6868939363257659
88.85765943770909,0.6871001728949353
88.91906748226454,0.6873063888923637
88.98051796489408,0.6875125842623678
89.04201091492598,0.6877187589492554
89.10354636170874,0.6879249128973244
89.16512433461116,0.6881310460508638
89.22674486302233,0.6883371583541534
89.28840797635165,0.6885432497514639
89.3501137040289,0.6887493201870564
89.41186207550403,0.6889553696051834
89.47365312024752,0.6891613979500882
89.53548686775017,0.6893674051660047
89.59736334752314,0.6895733911971583
89.65928258909794,0.6897793559877642
89.72124462202657,0.6899852994820299
89.78324947588142,0.6901912216241533
89.84529718025532,0.6903971223583232
89.90738776476154,0.6906030016287199
89.96952125903383,0.6908088593795145
90.03169769272641,0.6910146955548693
90.093917095514,0.6912205100989374
90.15617949709181,0.6914263029558636
90.21848492717561,0.6916320740697836
90.28083341550166,0.691837823384824
90.34322499182682,0.6920435508451034
90.4056596859285,0.6922492563947308
90.46813752760458,0.692454939977807
90.53065854667372,0.692660601538424
90.59322277297505,0.692866241020665
90.65583023636843,0.693071858368605
90.7184809667342,0.6932774535263091
90.7811749939735,0.6934830264378354
90.84391234800805,0.6936885770472325
90.90669305878029,0.6938941052985407
90.96951715625335,0.6940996111357917
91.03238467041102,0.6943050945030088
91.09529563125787,0.6945105553442066
91.15825006881919,0.6947159936033913
91.22124801314098,0.694921409224561
91.28428949429006,0.695126802151705
91.347374542354,0.6953321723288042
91.41050318744118,0.6955375196998315
91.47367545968079,0.6957428442087512
91.53689138922276,0.6959481457995192
91.60015100623795,0.6961534244160835
91.66345434091807,0.6963586800023833
91.72680142347568,0.6965639125023503
91.79019228414413,0.696769121859907
91.8536269531778,0.6969743080189683
91.9171054608519,0.6971794709234411
91.9806278374626,0.6973846105172239
92.04419411332698,0.697589726744207
92.10780431878308,0.6977948195482729
92.17145848418991,0.6979998888732958
92.23515663992747,0.6982049346631418
92.29889881639672,0.6984099568616692
92.36268504401966,0.6986149554127281
92.42651535323931,0.6988199302601611
92.49038977451977,0.699024881347802
92.55430833834606,0.6992298086194775
92.6182710752244,0.699434712019006
92.68227801568204,0.699639591490198
92.74632919026742,0.6998444469768568
92.81042462954986,0.7000492784227765
92.87456436412002,0.7002540857717449
92.93874842458965,0.700458868967541
93.00297684159162,0.7006636279539364
93.06724964578,0.7008683626746954
93.13156686783002,0.701073073073574
93.19592853843812,0.7012777590943207
93.26033468832199,0.7014824206806765
93.32478534822049,0.7016870577763745
93.38928054889374,0.7018916703251405
93.45382032112313,0.7020962582706926
93.51840469571134,0.7023008215567415
93.58303370348234,0.7025053601269898
93.64770737528129,0.7027098739251335
93.71242574197478,0.7029143628948603
93.77718883445075,0.7031188269798511
93.84199668361846,0.7033232661237792
93.90684932040841,0.7035276802703098
93.97174677577264,0.7037320693631016
94.03668908068452,0.7039364333458058
94.10167626613881,0.704140772162066
94.16670836315173,0.7043450857555187
94.23178540276086,0.704549374069793
94.29690741602533,0.7047536370485109
94.36207443402566,0.7049578746352869
94.42728648786385,0.7051620867737288
94.49254360866345,0.7053662734074366
94.55784582756948,0.7055704344800038
94.62319317574847,0.7057745699350161
94.68858568438856,0.7059786797160527
94.75402338469931,0.7061827637666853
94.81950630791195,0.7063868220304788
94.88503448527929,0.7065908544509909
94.95060794807577,0.7067948609717728
95.0162267275973,0.7069988415363676
95.08189085516155,0.7072027960883126
95.1476003621078,0.7074067245711378
95.21335527979699,0.7076106269283661
95.2791556396117,0.7078145031035136
95.34500147295626,0.7080183530400899
95.41089281125663,0.7082221766815971
95.47682968596055,0.7084259739715313
95.54281212853748,0.7086297448533813
95.60884017047857,0.7088334892706292
95.67491384329684,0.7090372071667504
95.74103317852702,0.709240898485214
95.80719820772556,0.7094445631694817
95.87340896247088,0.7096482011630091
95.9396654743631,0.7098518124092451
96.00596777502429,0.7100553968516321
96.07231589609819,0.7102589544336052
96.13870986925059,0.7104624850985938
96.20514972616908,0.7106659887900204
96.27163549856317,0.7108694654513013
96.33816721816429,0.7110729150258459
96.40474491672578,0.7112763374570575
96.47136862602292,0.7114797326883328
96.53803837785297,0.7116831006630622
96.60475420403516,0.7118864413246296
96.6715161364107,0.7120897546164128
96.7383242068428,0.712293040481783
96.80517844721673,0.7124962988641053
96.87207888943979,0.7126995297067384
96.93902556544121,0.712902732953035
97.00601850717244,0.7131059085463411
97.07305774660695,0.7133090564299972
97.14014331574035,0.7135121765473373
97.20727524659024,0.7137152688416887
97.27445357119646,0.7139183332563733
97.34167832162098,0.7141213697347069
97.40894952994789,0.7143243782199988
97.47626722828348,0.7145273586555527
97.5436314487562,0.714730310984666
97.61104222351675,0.7149332351506303
97.678499584738,0.715136131096731
97.7460035646151,0.715338998766248
97.8135541953654,0.7155418381024546
97.88115150922853,0.7157446490486189
97.94879553846644,0.7159474315480028
98.0164863153634,0.7161501855438623
98.08422387222579,0.7163529109794479
98.15200824138256,0.716555607798004
98.21983945518488,0.7167582759427693
98.28771754600636,0.7169609153569774
98.35564254624282,0.7171635259838548
98.42361448831262,0.7173661077666236
98.4916334046565,0.7175686606484997
98.55969932773758,0.7177711845726935
98.62781229004142,0.7179736794824098
98.69597232407607,0.7181761453208477
98.76417946237198,0.7183785820312011
98.83243373748215,0.7185809895566577
98.90073518198204,0.7187833678404005
98.9690838284696,0.7189857168256064
99.03747970956537,0.7191880364554472
99.10592285791245,0.7193903266730891
99.17441330617632,0.7195925874216931
99.24295108704523,0.7197948186444144
99.31153623322993,0.7199970202844035
99.3801687774639,0.7201991922848053
99.44884875250298,0.720401334588759
99.5175761911259,0.7206034471393988
99.58635112613393,0.720805529879854
99.65517359035104,0.7210075827532483
99.72404361662386,0.7212096057027003
99.79296123782174,0.7214115986713237
99.86192648683675,0.7216135616022263
99.93093939658365,0.7218154944385119
100.0,0.7220173971232782
100.06910833004609,0.7222192695996184
100.138264419705,0.7224211118106205
100.20746830198259,0.7226229236993674
100.27672000990756,0.7228247052089374
100.3460195765314,0.7230264562824033
100.41536703492847,0.7232281768628334
100.48476241819596,0.7234298668932908
100.55420575945395,0.7236315263168338
100.62369709184541,0.7238331550765161
100.69323644853633,0.7240347531153867
100.76282386271528,0.7242363203764886
100.83245936759408,0.7244378568028612
100.90214299640743,0.7246393623375391
100.97187478241297,0.7248408369235518
101.04165475889131,0.7250422805039242
101.11148295914612,0.7252436930216765
101.18135941650402,0.7254450744198242
101.25128416431481,0.7256464246413789
101.32125723595098,0.725847743629346
101.39127866480845,0.7260490313267279
101.46134848430609,0.7262502876765219
101.53146672788583,0.7264515126217206
101.60163342901278,0.7266527061053123
101.67184862117512,0.7268538680702809
101.7421123378842,0.7270549984596055
101.81242461267452,0.7272560972162615
101.88278547910377,0.7274571642832192
101.95319497075283,0.7276581996034448
102.02365312122575,0.7278592031199003
102.09415996414984,0.7280601747755432
102.16471553317565,0.7282611145133269
102.23531986197696,0.7284620222762003
102.30597298425086,0.7286628980071084
102.37667493371768,0.7288637416489916
102.44742574412108,0.7290645531447866
102.51822544922805,0.7292653324374255
102.5890740828289,0.7294660794698365
102.65997167873729,0.7296667941849437
102.73091827079026,0.7298674765256672
102.8019138928482,0.7300681264349229
102.87295857879498,0.7302687438556227
102.94405236253779,0.7304693287306745
103.01519527800741,0.7306698810029827
103.08638735915777,0.7308704006154467
103.15762863996652,0.731070887510963
103.22891915443475,0.7312713416324239
103.30025893658701,0.7314717629227176
103.37164802047137,0.7316721513247288
103.44308644015945,0.7318725067813383
103.51457422974637,0.7320728292354229
103.58611142335087,0.7322731186298561
103.65769805511533,0.7324733749075074
103.72933415920544,0.7326735980112421
103.8010197698108,0.7328737878839227
103.87275492114452,0.7330739444684075
103.94453964744339,0.7332740677075514
104.01637398296783,0.7334741575442059
104.08825796200196,0.7336742139212183
104.16019161885357,0.733874236781433
104.23217498785417,0.7340742260676907
104.30420810335899,0.7342741817228283
104.37629099974703,0.7344741036896795
104.44842371142099,0.7346739919110746
104.52060627280743,0.7348738463298405
104.5928387183566,0.7350736668888006
104.66512108254267,0.735273453530775
104.73745339986353,0.7354732061985804
104.80983570484098,0.7356729248350301
104.88226803202063,0.7358726093829346
104.95475041597203,0.7360722597851007
105.02728289128855,0.7362718759843322
105.09986549258751,0.7364714579234294
105.17249825451012,0.7366710055451896
105.24518121172156,0.7368705187924073
105.31791439891097,0.7370699976078733
105.39069785079143,0.7372694419343756
105.46353160210013,0.7374688517146997
105.53641568759798,0.7376682268916265
105.60935014207017,0.7378675674079354
105.68233500032589,0.7380668732064022
105.75537029719833,0.7382661442297999
105.82845606754478,0.7384653804208984
105.90159234624662,0.7386645817224647
105.97477916820932,0.7388637480772634
106.04801656836261,0.7390628794280558
106.12130458166001,0.7392619757176
106.19464324307953,0.739461036888652
106.26803258762322,0.7396600628839647
106.34147265031736,0.7398590536462885
106.41496346621241,0.7400580091183707
106.48850507038307,0.7402569292429563
106.56209749792826,0.7404558139627873
106.63574078397116,0.7406546632206034
106.70943496365925,0.7408534769591413
106.78318007216424,0.7410522551211355
106.85697614468222,0.7412509976493177
106.93082321643357,0.7414497044864171
107.00472132266297,0.7416483755751605
107.07867049863954,0.7418470108582721
107.15267077965672,0.7420456102784738
107.22672220103232,0.742244173778485
107.30082479810861,0.7424427013010224
107.37497860625226,0.742641192788801
107.44918366085439,0.742839648184533
107.52343999733056,0.7430380674309283
107.59774765112083,0.7432364504706944
107.67210665768972,0.743434797246537
107.7465170525263,0.7436331077011592
107.82097887114412,0.7438313817772619
107.89549214908143,0.7440296194175443
107.97005692190066,0.7442278205647025
108.04467322518921,0.7444259851614311
108.11934109455889,0.7446241131504227
108.19406056564618,0.7448222044743674
108.26883167411215,0.7450202590759538
108.34365445564254,0.7452182768978681
108.41852894594774,0.7454162578827945
108.49345518076294,0.7456142019734157
108.56843319584766,0.7458121091124114
108.64346302698652,0.7460099792424605
108.7185447099887,0.7462078123062393
108.7936782806882,0.746405608246423
108.86886377494369,0.7466033670056842
108.94410122863871,0.746801088526694
109.01939067768154,0.7469987727521218
109.09473215800531,0.7471964196246352
109.17012570556797,0.7473940290869
109.2455713563523,0.7475916010815804
109.32106914636599,0.747789135551339
109.39661911164157,0.7479866324388363
109.47222128823651,0.748184091686732
109.54787571223316,0.7483815132376834
109.62358241973885,0.7485788970343468
109.69934144688584,0.7487762430193766
109.77515282983134,0.7489735511354261
109.85101660475758,0.7491708213251467
109.92693280787178,0.7493680535311885
110.00290147540619,0.7495652476962005
110.07892264361809,0.7497624037628295
110.15499634878982,0.749959521673722
110.2311226272288,0.7501566013715223
110.30730151526753,0.7503536427988737
110.38353304926375,0.7505506458984186
110.45981726559997,0.750747610612797
110.5361542006842,0.750944536884649
110.61254389094945,0.7511414246566126
110.68898637285399,0.751338273871325
110.76548168288122,0.7515350844714221
110.84202985753976,0.7517318563995391
110.91863093336349,0.7519285895983093
110.99528494691153,0.7521252840103658
111.07199193476835,0.7523219395783403
111.1487519335434,0.7525185562448627
111.22556497987173,0.7527151339525632
111.30243111041365,0.7529116726440704
111.37935036185476,0.753108172262012
111.45632277090603,0.7533046327490149
111.53334837430377,0.7535010540477051
111.61042720880975,0.7536974361007076
111.68755931121106,0.7538937788506467
111.76474471832027,0.754090082240146
111.84198346697538,0.7542863462118281
111.91927559403983,0.754482570708315
111.99662113640255,0.7546787556722281
112.07402013097797,0.7548749010461878
112.15147261470601,0.7550710067728141
112.22897862455213,0.7552670727947264
112.30653819750734,0.7554630990545431
112.38415137058821,0.7556590854948826
112.4618181808369,0.7558550320583624
112.53953866532115,0.7560509386875993
112.61731286113432,0.75624680532521
112.69514080539543,0.7564426319138107
112.77302253524913,0.7566384183960169
112.85095808786573,0.7568341647144438
112.92894750044128,0.7570298708117061
113.00699081019758,0.7572255366304188
113.08508805438184,0.7574211621131954
113.16323927026737,0.75761674720265
113.24144449515312,0.7578122918413962
113.31970376636379,0.7580077959720473
113.3980171212499,0.7582032595372163
113.47638459718777,0.7583986824795163
113.55480623157956,0.7585940647415599
113.6332820618534,0.7587894062659599
113.71181212546291,0.7589847069953284
113.79039645988796,0.759179966872278
113.86903510263421,0.759375185839421
113.94772809123324,0.7595703638393698
114.02647546324255,0.7597655008147367
114.10527725624561,0.7599605967081341
114.18413350785187,0.7601556514621743
114.26304425569674,0.7603506650194698
114.34200953744168,0.7605456373226334
114.42102939077415,0.7607405683142775
114.50010385340765,0.7609354579370151
114.57923296308178,0.7611303061334596
114.6584167575622,0.7613251128462238
114.73765527464063,0.7615198780179216
114.81694855213497,0.7617146015911669
114.89629662788923,0.7619092835085736
114.97569953977356,0.7621039237127561
115.0551573256843,0.7622985221463295
115.13467002354399,0.7624930787519089
115.21423767130135,0.7626875934721099
115.29386030693131,0.7628820662495486
115.3735379684351,0.7630764970268414
115.45327069384018,0.7632708857466056
115.53305852120029,0.7634652323514585
115.61290148859558,0.7636595367840187
115.69279963413217,0.763853798986904
115.7727529959429,0.7640480189027343
115.85276161218677,0.7642421964741295
115.93282552104924,0.76443633164371
116.01294476074207,0.7646304243540972
116.09311936950353,0.7648244745479131
116.1733493855982,0.7650184821677806
116.25363484731731,0.7652124471563232
116.33397579297818,0.7654063694561648
116.41437226092492,0.7656002490099308
116.49482428952808,0.7657940857602473
116.57533191718471,0.7659878796497411
116.65589518231836,0.7661816306210402
116.73651412337918,0.7663753386167731
116.81718877884386,0.7665690035795695
116.8979191872157,0.7667626254520603
116.97870538702462,0.7669562041768772
117.05954741682713,0.7671497396966528
117.1404453152064,0.7673432319540212
117.2213991207723,0.7675366808916172
117.30240887216134,0.7677300864520771
117.38347460803672,0.767923448578038
117.4645963670884,0.7681167672121383
117.54577418803308,0.7683100422970178
117.62700810961418,0.7685032737753175
117.7082981706019,0.7686964615896794
117.78964440979328,0.7688896056827471
117.87104686601212,0.7690827059971655
117.95250557810907,0.7692757624755807
118.03402058496162,0.7694687750606404
118.11559192547415,0.7696617436949934
118.19721963857789,0.7698546683212902
118.27890376323114,0.770047548882183
118.36064433841874,0.7702403853203246
118.44244140315281,0.7704331775783703
118.52429499647235,0.7706259255989765
118.60620515744331,0.7708186293248012
118.68817192515866,0.771011288698504
118.77019533873838,0.7712039036627465
118.85227543732945,0.7713964741601913
118.93441226010597,0.7715890001335034
119.01660584626919,0.7717814815253492
119.09885623504708,0.7719739182783965
119.18116346569511,0.7721663103353151
119.26352757749575,0.7723586576387772
119.34594860975862,0.772550960131456
119.42842660182049,0.7727432177560268
119.51096159304532,0.7729354304551673
119.5935536228243,0.7731275981715565
119.67620273057581,0.7733197208478754
119.75890895574548,0.7735117984268074
119.84167233780622,0.7737038308510373
119.92449291625819,0.7738958180632526
120.00737073062885,0.7740877600061422
120.090305820473,0.7742796566223976
120.17329822537278,0.7744715078547121
120.25634798493765,0.7746633136457813
120.33945513880445,0.7748550739383029
120.42261972663744,0.7750467886749768
120.50584178812828,0.7752384577985052
120.58912136299602,0.7754300812515924
120.67245849098725,0.775621658976945
120.75585321187593,0.7758131909172722
120.83930556546356,0.7760046770152851
120.92281559157915,0.7761961172136975
121.00638333007933,0.7763875114552258
121.09000882084791,0.7765788596825878
121.17369210379667,0.7767701618385048
121.25743321886479,0.7769614178657002
121.3412322060191,0.7771526277069
121.42508910525403,0.7773437913048324
121.50900395659166,0.7775349086022288
121.59297680008169,0.7777259795418227
121.67700767580155,0.7779170040663501
121.76109662385647,0.7781079821185504
121.84524368437903,0.7782989136411644
121.9294488975299,0.7784897985769369
122.01371230349737,0.7786806368686147
122.09803394249757,0.7788714284589475
122.18241385477434,0.779062173290688
122.26685208059936,0.7792528713065915
122.3513486602722,0.7794435224494161
122.43590363412018,0.7796341266619229
122.52051704249855,0.7798246838868759
122.60518892579046,0.7800151940670419
122.68991932440693,0.780205657145191
122.77470827878692,0.7803960730640956
122.85955582939735,0.7805864417665319
122.9444620167331,0.7807767631952787
123.02942688131701,0.7809670372931178
123.11445046369995,0.7811572640028345
123.19953280446084,0.7813474432672167
123.28467394420659,0.7815375750290561
123.3698739235722,0.7817276592311467
123.45513278322075,0.7819176958162868
123.54045056384341,0.7821076847272769
123.62582730615951,0.7822976259069213
123.71126305091646,0.7824875192980278
123.79675783888986,0.782677364843407
123.88231171088366,0.7828671624858734
123.96792470772954,0.783056912168244
124.05359687028783,0.7832466138333403
124.13932823944701,0.7834362674239863
124.22511885612371,0.7836258728830102
124.31096876126296,0.7838154301532433
124.39687799583798,0.7840049391775205
124.48284660085038,0.7841943998986802
124.5688746173302,0.7843838122595648
124.65496208633543,0.7845731762030193
124.7411090489529,0.7847624916718933
124.82731554629758,0.7849517586090395
124.913581619513,0.7851409769573149
124.999907309771,0.7853301466595796
125.08629265827194,0.7855192676586977
125.17273770624465,0.7857083398975372
125.2592424949464,0.7858973633189695
125.34580706566304,0.7860863378658703
125.43243145970892,0.7862752634811191
125.51911571842693,0.7864641401075988
125.60585988318856,0.7866529676881968
125.69266399539386,0.7868417461658042
125.77952809647151,0.787030475483316
125.86645222787884,0.7872191555836312
125.95343643110178,0.7874077864096533
126.04048074765498,0.787596367904289
126.12758521908175,0.78778490001045
126.21474988695412,0.7879733826710514
126.30197479287284,0.7881618158290128
126.38925997846742,0.788350199427258
126.47660548539616,0.7885385334087148
126.5640113553461,0.7887268177163154
126.65147763003311,0.7889150522929962
126.73900435120207,0.789103237081698
126.82659156062623,0.7892913720253655
126.91423930010815,0.7894794570669482
127.00194761147915,0.7896674921493997
127.08971653659945,0.7898554772156783
127.1775461173582,0.7900434122087464
127.2654363956735,0.790231297071571
127.35338741349243,0.7904191317471237
127.44139921279115,0.7906069161783809
127.52947183557448,0.7907946503083222
127.61760532387665,0.7909823340799332
127.70579971976079,0.7911699674362036
127.79405506531911,0.7913575503201278
127.88237140267293,0.7915450826747048
127.97074877397266,0.7917325644429382
128.05918722139782,0.7919199955678363
128.14768678715714,0.7921073759924125
128.23624751348842,0.7922947056596845
128.32486944265878,0.7924819845126752
128.41355261696444,0.792669212494412
128.50229707873086,0.7928563895479273
128.59110287031285,0.7930435156162583
128.67997003409437,0.7932305906424474
128.76889861248873,0.7934176145695415
128.85788864793858,0.7936045873405928
128.9469401829158,0.7937915088986585
129.03605325992174,0.7939783791868006
129.12522792148707,0.7941651981480863
129.21446421017183,0.794351965725588
129.30376216856547,0.7945386818623829
129.39312183928692,0.7947253465015535
129.48254326498457,0.7949119595861877
129.5720264883362,0.7950985210593782
129.6615715520493,0.7952850308642234
129.75117849886044,0.7954714889438262
129.8408473715361,0.7956578952412956
129.9305782128723,0.7958442496997454
130.02037106569443,0.796030552262295
130.11022597285765,0.7962168028720691
130.20014297724668,0.7964030014721977
130.29012212177588,0.7965891480058163
130.38016344938927,0.7967752424160659
130.47026700306063,0.7969612846460932
130.56043282579313,0.7971472746390497
130.65066096061997,0.797333212338093
130.74095145060403,0.7975190976863862
130.83130433883792,0.7977049306270981
130.921719668444,0.7978907111034029
131.0121974825745,0.7980764390584805
131.10273782441138,0.7982621144355165
131.19334073716655,0.7984477371777025
131.28400626408168,0.7986333072282352
131.37473444842837,0.7988188245303178
131.46552533350817,0.7990042890271588
131.55637896265247,0.7991897006619726
131.64729537922267,0.7993750593779796
131.7382746266101,0.7995603651184061
131.8293167482361,0.7997456178264841
131.92042178755196,0.7999308174454518
132.0115897880391,0.8001159639185532
132.1028207932089,0.8003010571890383
132.19411484660287,0.8004860972001632
132.28547199179258,0.8006710838951899
132.37689227237968,0.8008560172173869
132.46837573199605,0.8010408971100281
132.5599224143036,0.8012257235163944
132.65153236299452,0.8014104963797722
132.74320562179128,0.8015952156434547
132.83494223444615,0.8017798812507403
132.92674224474206,0.8019644931449347
133.01860569649207,0.8021490512693495
133.1105326335395,0.8023335555673026
133.202523099758,0.8025180059821182
133.29457713905148,0.802702402457127
133.3866947953543,0.802886744935666
133.47887611263118,0.803071033361079
133.5711211348769,0.8032552676767153
133.66342990611705,0.8034394478259316
133.7558024704075,0.8036235737520908
133.84823887183455,0.8038076453985624
133.94073915451497,0.8039916627087225
134.03330336259603,0.8041756256259535
134.12593154025555,0.8043595340936449
134.21862373170177,0.8045433880551925
134.3113799811736,0.8047271874539991
134.40420033294043,0.8049109322334738
134.49708483130235,0.8050946223370327
134.59003352058994,0.8052782577080988
134.68304644516448,0.8054618382901015
134.77612364941794,0.8056453640264775
134.8692651777729,0.8058288348606701
134.9624710746827,0.8060122507361295
135.05574138463135,0.8061956115963127
135.14907615213363,0.8063789173846839
135.2424754217351,0.8065621680447143
135.33593923801203,0.8067453635198817
135.42946764557163,0.8069285037536713
135.5230606890518,0.8071115886895753
135.61671841312133,0.8072946182710928
135.71044086247994,0.8074775924417305
135.80422808185833,0.8076605111450018
135.8980801160177,0.807843374324427
135.99199700975058,0.8080261819235341
136.08597880788034,0.8082089338858586
136.18002555526135,0.8083916301549425
136.27413729677892,0.8085742706743356
136.36831407734945,0.808756855387595
136.4625559419203,0.8089393842382848
136.55686293547012,0.8091218571699772
136.65123510300816,0.8093042741262506
136.74567248957518,0.8094866350506921
136.84017514024305,0.8096689398868954
136.9347431001146,0.8098511885784621
137.029376414324,0.8100333810690012
137.1240751280365,0.8102155173021295
137.21883928644863,0.8103975972214709
137.31366893478813,0.8105796207706571
137.408564118314,0.8107615878933279
137.50352488231644,0.81094349853313
137.59855127211713,0.8111253526337181
137.6936433330689,0.811307150138755
137.78880111055602,0.8114888909919107
137.88402464999405,0.8116705751368632
137.97931399683,0.8118522025172984
138.07466919654226,0.8120337730769099
138.17009029464066,0.8122152867593992
138.26557733666644,0.8123967435084759
138.3611303681924,0.8125781432678569
138.45674943482274,0.8127594859812679
138.55243458219326,0.812940771592442
138.6481858559712,0.8131220000451205
138.74400330185549,0.8133031712830526
138.83988696557648,0.8134842852499958
138.93583689289642,0.8136653418897158
139.03185312960866,0.8138463411459858
139.12793572153865,0.8140272829625875
139.2240847145434,0.8142081672833112
139.32030015451159,0.8143889940519549
139.41658208736357,0.8145697632123248
139.51293055905148,0.8147504747082358
139.6093456155592,0.8149311284835108
139.70582730290238,0.8151117244819811
139.80237566712864,0.8152922626474864
139.89899075431694,0.8154727429238745
139.9956726105786,0.8156531652550019
140.09242128205656,0.8158335295847334
140.18923681492572,0.8160138358569426
140.28611925539286,0.8161940840155112
140.38306864969675,0.8163742740043295
140.480085044108,0.8165544057672965
140.5771684849293,0.8167344792483198
140.67431901849534,0.8169144943913154
140.7715366911727,0.8170944511402081
140.8688215493602,0.8172743494389314
140.96617363948857,0.8174541892314273
141.0635930080207,0.8176339704616469
141.16107970145154,0.8178136930735497
141.25863376630826,0.8179933570111041
141.35625524915008,0.8181729622182874
141.45394419656844,0.8183525086390857
141.55170065518703,0.8185319962174938
141.64952467166168,0.8187114248975159
141.74741629268047,0.8188907946231644
141.84537556496383,0.8190701053384613
141.94340253526437,0.8192493569874373
142.0414972503671,0.819428549514132
142.1396597570893,0.8196076828625944
142.23789010228074,0.8197867569768827
142.33618833282324,0.8199657718010632
142.43455449563132,0.8201447272792124
142.5329886376518,0.8203236233554154
142.63149080586408,0.8205024599737669
142.73006104727986,0.8206812370783705
142.8286994089434,0.820859954613339
142.92740593793147,0.821038612522795
143.0261806813535,0.82121721075087
143.1250236863511,0.8213957492417043
143.2239350000988,0.8215742279394487
143.32291466980368,0.8217526467882624
143.42196274270538,0.8219310057323149
143.52107926607619,0.8221093047157844
143.6202642872211,0.822287543682859
143.71951785347775,0.822465722577736
143.81884001221658,0.8226438413446227
143.9182308108407,0.8228218999277355
144.01769029678596,0.8229998982713006
144.117218517521,0.823177836319554
144.21681552054733,0.8233557140167409
144.31648135339924,0.8235335313071166
144.41621606364384,0.8237112881349459
144.5160196988812,0.8238889844445034
144.61589230674417,0.8240666201800736
144.7158339348986,0.8242441952859505
144.8158446310433,0.8244217097064381
144.91592444290993,0.8245991633858504
145.0160734182633,0.8247765562685109
145.11629160490105,0.8249538882987533
145.21657905065402,0.8251311594209213
145.316935803386,0.8253083695793684
145.41736191099386,0.8254855187184581
145.51785742140777,0.8256626067825642
145.61842238259055,0.82583963371607
145.71905684253863,0.8260165994633694
145.8197608492814,0.8261935039688661
145.92053445088155,0.8263703471769742
146.0213776954349,0.8265471290321179
146.1222906310705,0.8267238494787316
146.22327330595073,0.8269005084612596
146.32432576827136,0.8270771059241573
146.425448066261,0.8272536418118892
146.5266402481821,0.827430116068931
146.62790236233027,0.8276065286397685
146.7292344570345,0.827782879468898
146.83063658065714,0.8279591685008257
146.93210878159408,0.8281353956800691
147.03365110827454,0.8283115609511553
147.13526360916129,0.8284876642586224
147.23694633275048,0.828663705547019
147.3386993275719,0.8288396847609039
147.44052264218882,0.8290156018448467
147.54241632519805,0.8291914567434278
147.64438042523005,0.8293672494012378
147.74641499094884,0.8295429797628784
147.84852007105204,0.8297186477729618
147.950695714271,0.8298942533761108
148.0529419693707,0.8300697965169591
148.15525888514983,0.8302452771401512
148.25764651044082,0.8304206951903422
148.36010489410984,0.8305960506121984
148.46263408505678,0.8307713433503966
148.5652341322154,0.8309465733496247
148.66790508455324,0.8311217405545815
148.7706469910717,0.8312968449099767
148.87345990080613,0.8314718863605313
148.9763438628254,0.8316468648509763
149.07929892623272,0.8318217803260549
149.18232514016506,0.8319966327305209
149.28542255379335,0.8321714220091393
149.38859121632254,0.832346148106686
149.4918311769915,0.8325208109679482
149.59514248507324,0.8326954105377242
149.69852518987474,0.8328699467608237
149.80197934073726,0.8330444195820679
149.9055049870356,0.8332188289462882
150.00910217817932,0.8333931747983282
150.1127709636118,0.8335674570830428
150.21651139281067,0.8337416757452981
150.32032351528773,0.8339158307299713
150.42420738058902,0.8340899219819515
150.52816303829482,0.834263949446139
150.63219053801964,0.8344379130674455
150.7362899294123,0.8346118127907944
150.84046126215594,0.8347856485611204
150.94470458596805,0.8349594203233699
151.0490199506004,0.835133128022501
151.15340740583926,0.835306771603483
151.2578670015052,0.8354803510112974
151.3623987874533,0.835653866190937
151.46700281357298,0.8358273170874062
151.57167912978832,0.8360007036457217
151.67642778605773,0.8361740258109113
151.78124883237425,0.8363472835280149
151.8861423187654,0.8365204767420843
151.99110829529332,0.8366936053981829
152.09614681205474,0.8368666694413863
152.201257919181,0.8370396688167817
152.30644166683825,0.8372126034694687
152.4116981052268,0.8373854733445577
152.5170272845822,0.8375582783871726
152.62242925517455,0.8377310185424482
152.72790406730857,0.8379036937555321
152.83345177132387,0.8380763039715835
152.93907241759484,0.8382488491357737
153.04476605653062,0.8384213291932866
153.15053273857524,0.8385937440893176
153.2563725142077,0.8387660937690752
153.36228543394148,0.8389383781777788
153.4682715483254,0.8391105972606613
153.57433090794305,0.8392827509629672
153.68046356341299,0.8394548392299536
153.78666956538876,0.8396268620068896
153.89294896455888,0.8397988192390573
153.99930181164697,0.8399707108717505
154.10572815741165,0.8401425368502757
154.2122280526466,0.840314297119952
154.31880154818066,0.8404859916261108
154.42544869487773,0.840657620314096
154.53216954363694,0.8408291831292641
154.63896414539255,0.8410006800169841
154.745832551114,0.8411721109226379
154.852774811806,0.8413434757916195
154.95979097850847,0.8415147745693358
155.06688110229663,0.8416860072012066
155.17404523428098,0.8418571736326641
155.28128342560734,0.8420282738091535
155.38859572745693,0.8421993076761324
155.49598219104624,0.8423702751790716
155.60344286762725,0.8425411762634545
155.71097780848729,0.8427120108747773
155.81858706494916,0.8428827789585494
155.92627068837132,0.8430534804602928
156.0340287301472,0.8432241153255424
156.14186124170624,0.8433946834998464
156.24976827451326,0.8435651849287655
156.35774988006867,0.843735619557874
156.4658061099084,0.8439059873327589
156.57393701560414,0.8440762881990205
156.68214264876303,0.8442465221022718
156.79042306102818,0.8444166889881398
156.89877830407787,0.8445867888022633
157.00720842962653,0.8447568214902957
157.11571348942422,0.8449267869979027
157.22429353525678,0.8450966852707636
157.33294861894575,0.8452665162545713
157.44167879234857,0.8454362798950312
157.5504841073585,0.8456059761378629
157.65936461590462,0.8457756049287988
157.76832036995197,0.8459451662135851
157.8773514215014,0.8461146599379809
157.98645782258978,0.8462840860477593
158.09563962528995,0.8464534444887066
158.20489688171068,0.8466227352066228
158.31422964399675,0.8467919581473213
158.42363796432906,0.846961113256629
158.53312189492448,0.8471302004803866
158.64268148803598,0.8472992197644482
158.7523167959527,0.8474681710546819
158.86202787099987,0.8476370542969691
158.97181476553888,0.8478058694372053
159.0816775319673,0.8479746164212993
159.19161622271895,0.8481432951951741
159.30163089026385,0.8483119057047662
159.4117215871083,0.8484804478960262
159.52188836579504,0.8486489217149185
159.63213127890262,0.8488173271074209
159.74245037904646,0.8489856640195258
159.85284571887811,0.8491539323972391
159.96331735108558,0.8493221321865811
160.07386532839325,0.8494902633335857
160.18448970356192,0.8496583257843009
160.29519052938892,0.849826319484789
160.40596785870812,0.8499942443811264
160.51682174438955,0.8501621004194029
160.62775223934017,0.8503298875457233
160.73875939650333,0.8504976057062062
160.84984326885905,0.8506652548469846
160.9610039094239,0.8508328349142056
161.07224137125115,0.8510003458540304
161.18355570743063,0.8511677876126348
161.29494697108893,0.8513351601362087
161.4064152153894,0.8515024633709565
161.517960493532,0.8516696972630969
161.6295828587536,0.851836861758863
161.74128236432773,0.8520039568045022
161.85305906356484,0.8521709823462768
161.9649130098122,0.8523379383304629
162.07684425645388,0.8525048247033519
162.1888528569109,0.8526716414112491
162.30093886464124,0.8528383884004747
162.4131023331397,0.8530050656173634
162.5253433159382,0.8531716730082648
162.6376618666055,0.8533382105195428
162.75005803874754,0.853504678097576
162.86253188600713,0.8536710756887581
162.97508346206433,0.8538374032394971
163.0877128206362,0.854003660696216
163.20042001547708,0.8541698480053529
163.31320510037798,0.85433596511336
163.4260681291676,0.8545020119667048
163.53900915571165,0.8546679885118699
163.6520282339131,0.8548338946953524
163.76512541771208,0.8549997304636646
163.87830076108617,0.8551654957633339
163.99155431805005,0.8553311905409022
164.1048861426559,0.855496814742927
164.2182962889933,0.8556623683159809
164.33178481118875,0.8558278512066506
164.44535176340668,0.8559932633615389
164.5589971998488,0.8561586047272637
164.6727211747542,0.8563238752504577
164.78652374239954,0.856489074877769
164.9004049570989,0.856654203555861
165.014364873204,0.856819261231412
165.12840354510402,0.8569842478511162
165.24252102722582,0.8571491633616825
165.3567173740338,0.8573140077098355
165.47099264003003,0.857478780842315
165.58534687975424,0.8576434827058765
165.69978014778385,0.8578081132472907
165.81429249873403,0.8579726724133436
165.92888398725765,0.8581371601508372
166.04355466804535,0.8583015764065886
166.1583045958256,0.8584659211274304
166.27313382536468,0.858630194260211
166.3880424114667,0.8587943957517945
166.50303040897364,0.8589585255490603
166.61809787276542,0.8591225835989037
166.73324485775984,0.8592865698482357
166.84847141891268,0.8594504842439828
166.96377761121772,0.8596143267330876
167.07916348970687,0.8597780972625083
167.1946291094496,0.8599417957792186
167.3101745255539,0.8601054222302084
167.4257997931657,0.8602689765624834
167.54150496746905,0.8604324587230651
167.65729010368617,0.8605958686589911
167.77315525707735,0.8607592063173147
167.88910048294116,0.8609224716451055
168.0051258366145,0.861085664589449
168.121231373472,0.8612487850974462
168.23741714892714,0.8614118331162147
168.35368321843143,0.8615748085928884
168.47002963747477,0.8617377114746166
168.58645646158539,0.8619005417085656
168.70296374632986,0.862063299241917
168.8195515473132,0.8622259840218693
168.93621992017887,0.8623885959956369
169.0529689206087,0.8625511351104505
169.16979860432306,0.862713601313557
169.28670902708083,0.86287599455222
169.40370024467944,0.8630383147737188
169.52077231295482,0.8632005619253499
169.63792528778154,0.8633627359544253
169.75515922507276,0.8635248368082741
169.87247418078027,0.8636868644342416
169.9898702108946,0.8638488187796896
170.10734737144486,0.8640106997919965
170.22490571849897,0.8641725074185571
170.34254530816355,0.8643342416067828
170.46026619658403,0.8644959023041018
170.57806843994462,0.8646574894579587
170.69595209446834,0.8648190030158148
170.81391721641708,0.8649804429251482
170.93196386209183,0.8651418091334538
171.05009208783193,0.8653031015882426
171.16830195001612,0.8654643202370432
171.28659350506203,0.8656254650274005
171.4049668094262,0.8657865359068765
171.52342191960426,0.8659475328230497
171.64195889213082,0.866108455723516
171.76057778357955,0.8662693045558877
171.8792786505635,0.8664300792677946
171.99806154973416,0.8665907798068827
172.1169265377828,0.8667514061208156
172.23587367143972,0.8669119581572737
172.35490300747435,0.8670724358639545
172.47401460269538,0.8672328391885729
172.59320851395074,0.8673931680788601
172.71248479812772,0.8675534224825653
172.8318435121528,0.8677136023474543
172.95128471299194,0.8678737076213104
173.07080845765034,0.868033738251934
173.19041480317267,0.8681936941871428
173.31010380664304,0.8683535753747716
173.42987552518497,0.8685133817626729
173.54973001596144,0.8686731132987161
173.66966733617497,0.8688327699307882
173.7896875430676,0.8689923516067936
173.9097906939209,0.869151858274654
174.02997684605614,0.8693112898823087
174.15024605683405,0.8694706463777142
174.27059838365508,0.8696299277088448
174.39103388395935,0.8697891338236925
174.51155261522666,0.8699482646702661
174.63215463497656,0.8701073201965929
174.7528400007683,0.8702663003507172
174.87360877020112,0.8704252050807013
174.99446100091353,0.8705840343346248
175.11539675058444,0.8707427880605854
175.23641607693233,0.8709014662066981
175.35751903771572,0.8710600687210961
175.47870569073294,0.8712185955519303
175.5999760938223,0.871377046647369
175.72133030486208,0.871535421955599
175.84276838177055,0.8716937214248244
175.9642903825062,0.8718519450032677
176.085896365067,0.8720100926391687
176.20758638749157,0.8721681642807856
176.3293605078585,0.8723261598763945
176.45121878428643,0.8724840793742896
176.57316127493422,0.8726419227227831
176.6951880380009,0.8727996898702048
176.81729913172578,0.8729573807649035
176.9394946143883,0.8731149953552454
177.0617745443083,0.8732725335896151
177.18413897984584,0.8734299954164153
177.30658797940134,0.8735873807840671
177.42912160141563,0.8737446896410096
177.5517399043698,0.8739019219357004
177.6744429467855,0.874059077616615
177.79723078722472,0.8742161566322477
177.92010348428994,0.874373158931111
178.04306109662423,0.8745300844617354
178.16610368291103,0.8746869331726704
178.28923130187448,0.8748437050124835
178.41244401227922,0.8750003999297609
178.53574187293052,0.875157017873107
178.6591249426743,0.875313558791145
178.78259328039715,0.8754700226325167
178.9061469450263,0.8756264093458821
179.02978599553,0.8757827188799204
179.1535104909166,0.8759389511833285
179.27732049023584,0.8760951062048229
179.401216052578,0.8762511838931382
179.5251972370743,0.8764071841970279
179.6492641028968,0.8765631070652643
179.7734167092584,0.8767189524466386
179.897655115413,0.8768747202899603
180.0219793806555,0.8770304105440583
180.1463895643214,0.8771860231577798
180.27088572578762,0.8773415580799913
180.395467924472,0.8774970152595781
180.52013621983343,0.8776523946454443
180.64489067137188,0.8778076961865131
180.76973133862845,0.8779629198317268
180.8946582811854,0.8781180655300465
181.0196715586661,0.8782731332304522
181.14477123073522,0.8784281228819435
181.26995735709858,0.8785830344335387
181.39522999750332,0.8787378678342753
181.52058921173787,0.87889262303321
181.6460350596319,0.8790472999794188
181.77156760105657,0.8792018986219966
181.89718689592425,0.8793564189100577
182.02289300418886,0.8795108607927359
182.14868598584562,0.8796652242191839
182.27456590093135,0.8798195091385742
182.40053280952424,0.8799737155000981
182.52658677174406,0.8801278432529666
182.65272784775215,0.8802818923464102
182.77895609775135,0.8804358627296786
182.9052715819862,0.880589754352041
183.03167436074276,0.8807435671627863
183.15816449434905,0.8808973011112229
183.28474204317416,0.8810509561466783
183.41140706762948,0.8812045322184999
183.53815962816796,0.881358029276055
183.66499978528432,0.88151144726873
183.79192759951508,0.8816647861459312
183.91894313143862,0.8818180458570847
184.04604644167517,0.881971226351636
184.17323759088706,0.8821243275790511
184.30051663977795,0.8822773494888144
184.427883649094,0.8824302920304312
184.55533867962325,0.8825831551534264
184.68288179219564,0.8827359388073448
184.81051304768323,0.8828886429417506
184.9382325070001,0.8830412675062286
185.06604023110242,0.883193812450383
185.19393628098857,0.8833462777238381
185.321920717699,0.8834986632762385
185.4499936023163,0.8836509690572484
185.57815499596546,0.8838031950165521
185.7064049598135,0.8839553411038543
185.83474355506988,0.8841074072688796
185.96317084298622,0.8842593934613725
186.09168688485656,0.8844112996310981
186.22029174201728,0.8845631257278412
186.34898547584714,0.8847148717014074
186.47776814776734,0.8848665375016218
186.60663981924148,0.8850181230783305
186.7356005517757,0.8851696283813995
186.86465040691854,0.885321053360715
186.99378944626125,0.8854723979661839
187.12301773143744,0.8856236621477334
187.2523353241235,0.8857748458553106
187.3817422860385,0.8859259490388842
187.51123867894364,0.8860769716484419
187.6408245646434,0.8862279136339928
187.77050000498474,0.8863787749455663
187.90026506185737,0.8865295555332123
188.0301197971938,0.8866802553470016
188.1600642729693,0.8868308743370249
188.290098551202,0.8869814124533942
188.42022269395287,0.8871318696462419
188.550436763326,0.8872822458657212
188.68074082146774,0.8874325410620055
188.81113493056804,0.8875827551852894
188.94161915285963,0.8877328881857883
189.0721935506182,0.8878829400137381
189.20285818616256,0.8880329106193958
189.33361312185448,0.8881827999530392
189.4644584200989,0.8883326079649667
189.59539414334392,0.8884823346054979
189.7264203540807,0.8886319798249731
189.8575371148436,0.8887815435737537
189.9887444882103,0.8889310258022222
190.12004253680163,0.8890804264607817
190.25143132328174,0.8892297454998568
190.38291091035805,0.8893789828698927
190.51448136078133,0.8895281385213563
190.64614273734574,0.8896772124047349
190.7778951028888,0.8898262044705375
190.90973852029148,0.8899751146692939
191.04167305247822,0.8901239429515555
191.1736987624169,0.8902726892678946
191.30581571311896,0.8904213535689047
191.43802396763934,0.8905699358052009
191.5703235890766,0.8907184359274195
191.7027146405731,0.8908668538862181
191.83519718531423,0.8910151896322752
191.96777128652963,0.8911634431162915
192.10043700749245,0.8913116142889886
192.23319441151955,0.8914597031011099
192.36604356197162,0.8916077095034197
192.498984522253,0.8917556334467045
192.63201735581202,0.8919034748817718
192.76514212614074,0.8920512337594508
192.89835889677528,0.8921989100305927
193.03166773129516,0.8923465036460694
193.16506869332437,0.8924940145567751
193.2985618465307,0.8926414427136256
193.43214725462596,0.8927887880675582
193.56582498136592,0.8929360505695322
193.69959509055047,0.8930832301705284
193.8334576460236,0.8932303268215493
193.96741271167335,0.8933773404736196
194.101460351432,0.8935242710777853
194.23560062927595,0.8936711185851146
194.36983360922582,0.8938178829466975
194.50415935534653,0.8939645641136459
194.6385779317472,0.8941111620370936
194.7730894025813,0.8942576766681963
194.9076938320466,0.8944041079581321
195.04239128438527,0.8945504558581003
195.17718182388387,0.8946967203193232
195.31206551487335,0.8948429012930443
195.4470424217292,0.89498899873053
195.58211260887134,0.8951350125830679
195.7172761407642,0.8952809428019687
195.8525330819168,0.8954267893385647
195.98788349688266,0.8955725521442105
196.12332745026004,0.8957182311702829
196.25886500669193,0.8958638263681814
196.39449623086546,0.8960093376893269
196.53022118751306,0.8961547650851633
196.66603994141164,0.8963001085071568
196.80195255738292,0.8964453679067956
196.93795910029343,0.8965905432355907
197.07405963505448,0.8967356344450753
197.2102542266223,0.896880641486805
197.3465429399982,0.8970255643123584
197.4829258402277,0.8971704028733354
197.61940299240203,0.8973151571213595
197.75597446165713,0.8974598270080765
197.89264031317396,0.8976044124851547
198.0294006121785,0.897748913504285
198.16625542394186,0.8978933300171809
198.3032048137802,0.8980376619755785
198.4402488470549,0.8981819093312371
198.57738758917242,0.898326072035938
198.71462110558443,0.8984701500414856
198.8519494617879,0.8986141432997069
198.98937272332506,0.898758051762452
199.12689095578335,0.8989018753815936
199.2645042247956,0.8990456141090273
199.40221259603996,0.8991892678966714
199.54001613524002,0.8993328366964675
199.6779149081648,0.8994763204603796
199.81590898062868,0.8996197191403953
199.9539984184916,0.8997630326885244
200.09218328765903,0.8999062610568005
200.2304636540819,0.9000494041972796
200.36883958375677,0.9001924620620413
200.50731114272583,0.9003354346031877
200.64587839707687,0.9004783217728445
200.7845414129436,0.9006211235231606
200.9233002565048,0.9007638398063075
201.06215499398556,0.9009064705744801
201.20110569165658,0.901049015779897
201.34015241583435,0.9011914753747996
201.47929523288119,0.9013338493114527
201.61853420920525,0.9014761375421443
201.75786941126066,0.9016183400191858
201.89730090554755,0.9017604566949123
202.0368287586115,0.9019024875216815
202.17645303704467,0.902044432451875
202.31617380748497,0.902186291437898
202.45599113661646,0.9023280644321787
202.59590509116924,0.9024697513871693
202.73591573791953,0.9026113522553451
202.87602314368965,0.9027528669892051
203.01622737534817,0.9028942955412719
203.15652849980984,0.9030356378640915
203.29692658403567,0.9031768939102338
203.43742169503292,0.9033180636322923
203.5780138998552,0.9034591469828839
203.71870326560236,0.9036001439146495
203.85948985942076,0.9037410543802535
204.0003737485031,0.9038818783323843
204.14135500008848,0.9040226157237539
204.2824336814625,0.904163266507098
204.42360985995725,0.9043038306351764
204.56488360295143,0.9044443080607727
204.70625497787015,0.9045846987366942
204.84772405218524,0.9047250026157724
204.98929089341513,0.9048652196508623
205.1309555691249,0.9050053497948434
205.2727181469263,0.9051453930006186
205.41457869447805,0.9052853492211157
205.55653727948504,0.9054252184092852
205.69859396969946,0.9055650005181031
205.84074883292018,0.9057046955005684
205.983001936993,0.9058443033097049
206.12535334981047,0.9059838238985601
206.26780313931212,0.9061232572202063
206.41035137348445,0.9062626032277391
206.55299812036094,0.9064018618742791
206.69574344802226,0.9065410331129709
206.83858742459552,0.906680116896983
206.9815301182556,0.9068191131795088
207.12457159722416,0.9069580219137656
207.26771192977012,0.9070968430529954
207.41095118420952,0.9072355765504645
207.55428942890563,0.9073742223594632
207.697726732269,0.9075127804333069
207.84126316275734,0.9076512507253348
207.98489878887582,0.907789633188911
208.1286336791769,0.9079279277774243
208.2724679022603,0.9080661344442874
208.4164015267733,0.9082042531429381
208.56043462141062,0.9083422838268386
208.70456725491437,0.9084802264494756
208.84879949607415,0.9086180809643608
208.99313141372718,0.9087558473250302
209.13756307675825,0.9088935254850449
209.28209455409967,0.9090311153979901
209.4267259147315,0.9091686170174763
209.57145722768138,0.9093060302971386
209.7162885620247,0.9094433551906369
209.86121998688455,0.909580591651656
210.00625157143182,0.9097177396339052
210.15138338488524,0.9098547990911192
210.2966154965115,0.9099917699770576
210.44194797562457,0.9101286522455041
210.587380891587,0.9102654458502681
210.73291431380898,0.9104021507451842
210.87854831174872,0.9105387668841113
211.0242829549124,0.9106752942209336
211.17011831285427,0.9108117327095607
211.31605445517664,0.910948082303927
211.4620914515301,0.911084342957992
211.6082293716128,0.9112205146257402
211.7544682851716,0.9113565972611813
211.90080826200148,0.9114925908183508
212.0472493719455,0.9116284952513085
212.19379168489513,0.9117643105141402
212.34043527079004,0.9119000365609564
212.48718019961828,0.9120356733458932
212.63402654141626,0.9121712208231121
212.7809743662688,0.9123066789467996
212.92802374430912,0.9124420476711678
213.07517474571895,0.9125773269504542
213.22242744072852,0.9127125167389218
213.36978189961653,0.9128476169908588
213.51723819271035,0.9129826276605789
213.66479639038585,0.9131175487024217
213.81245656306763,0.9132523800707518
213.9602187812289,0.9133871217199596
214.10808311539157,0.9135217736044611
214.2560496361263,0.9136563356786979
214.40411841405256,0.9137908078971371
214.55228951983855,0.9139251902142715
214.70056302420136,0.9140594825846198
214.84893899790694,0.9141936849627259
214.99741751177012,0.9143277973031602
215.14599863665495,0.9144618195605181
215.29468244347373,0.9145957516894211
215.44346900318845,0.9147295936445163
215.5923583868099,0.9148633453804772
215.74135066539802,0.9149970068520026
215.89044591006174,0.9151305780138174
216.03964419195927,0.9152640588206722
216.18894558229783,0.9153974492273439
216.33835015233424,0.9155307491886354
216.48785797337376,0.9156639586593748
216.6374691167717,0.915797077594417
216.78718365393243,0.9159301059486427
216.93700165630963,0.9160630436769586
217.08692319540634,0.9161958907342976
217.23694834277515,0.9163286470756187
217.3870771700179,0.9164613126559069
217.53730974878613,0.9165938874301734
217.6876461507807,0.9167263713534559
217.83808644775215,0.9168587643808179
217.98863071150055,0.9169910664673492
218.1392790138756,0.9171232775681661
218.29003142677666,0.917255397638411
218.4408880221528,0.9173874266332526
218.59184887200277,0.9175193645078861
218.74291404837507,0.9176512112175329
218.89408362336806,0.917782966717441
219.04535766912986,0.9179146309628844
219.19673625785848,0.9180462039091641
219.34821946180182,0.9181776855116072
219.4998073532577,0.9183090757255673
219.65150000457393,0.9184403745064247
219.80329748814827,0.918571581809586
219.95519987642857,0.9187026975904846
220.10720724191293,0.9188337218045807
220.2593196571489,0.9189646544073602
220.41153719473485,0.9190954953543367
220.56385992731904,0.9192262446010497
220.7162879276,0.9193569021030661
220.86882126832649,0.9194874678159789
221.0214600222975,0.9196179416954081
221.17420426236242,0.9197483236970005
221.32705406142085,0.9198786137764297
221.48000949242314,0.9200088118893961
221.63307062836927,0.9201389179916266
221.7862375423104,0.9202689320388756
221.93951030734794,0.9203988539869239
222.09288899663383,0.9205286837915796
222.24637368337054,0.9206584214086773
222.3999644408111,0.9207880667940788
222.55366134225923,0.9209176199036732
222.7074644610693,0.9210470806933759
222.86137387064633,0.9211764491191301
223.01538964444612,0.9213057251369057
223.16951185597517,0.9214349087026995
223.32374057879085,0.9215639997725359
223.4780758865013,0.9216929983024661
223.6325178527656,0.9218219042485685
223.78706655129366,0.9219507175669487
223.9417220558464,0.9220794382137398
224.09648444023566,0.9222080661451018
224.2513537783243,0.922336601317222
224.40633014402624,0.9224650436863151
224.5614136113065,0.9225933932086232
224.71660425418116,0.9227216498404156
224.8719021467175,0.9228498135379889
225.027307363034,0.9229778842576674
225.18281997730026,0.9231058619558024
225.3384400637375,0.9232337465887731
225.49416769661747,0.9233615381129856
225.6500029502639,0.9234892364848741
225.8059458990518,0.9236168416608999
225.9619966174074,0.9237443535975519
226.1181551798085,0.9238717722513468
226.2744216607843,0.9239990975788286
226.4307961349155,0.9241263295365691
226.58727867683464,0.9242534680811679
226.74386936122508,0.9243805131692516
226.90056826282253,0.9245074647574753
227.05737545641404,0.9246343228025212
227.21429101683844,0.9247610872610996
227.37131501898625,0.9248877580899485
227.5284475377997,0.9250143352458335
227.68568864827287,0.9251408186855483
227.84303842545165,0.9252672083659143
228.00049694443373,0.9253935042437805
228.15806428036882,0.9255197062760243
228.31574050845848,0.9256458144195507
228.47352570395623,0.9257718286312925
228.63141994216767,0.9258977488682109
228.78942329845034,0.9260235750872945
228.947535848214,0.9261493072455604
229.10575766692037,0.9262749453000537
229.2640888300834,0.9264004892078472
229.42252941326927,0.9265259389260421
229.58107949209628,0.9266512944117675
229.73973914223507,0.9267765556221809
229.8985084394085,0.9269017225144676
230.05738745939183,0.9270267950458413
230.2163762780127,0.927151773173544
230.37547497115105,0.9272766568548457
230.5346836147396,0.927401446047045
230.69400228476277,0.927526140707468
230.85343105725826,0.92765074079347
231.01297000831605,0.9277752462624341
231.17261921407865,0.9278996570717719
231.33237875074133,0.9280239731789236
231.49224869455185,0.9281481945413572
231.6522291218108,0.9282723211165698
231.81232010887166,0.9283963528620867
231.97252173214,0.9285202897354611
232.13283406807489,0.9286441316942756
232.293257193188,0.9287678786961409
232.45379118404387,0.928891530698696
232.61443611726,0.929015087659609
232.77519206950674,0.9291385495365764
232.93605911750757,0.9292619162873228
233.09703733803886,0.9293851878696023
233.2581268079301,0.929508364241197
233.41932760406382,0.929631445359918
233.58063980337582,0.9297544311836051
233.7420634828549,0.9298773216701266
233.90359871954317,0.9300001167773798
234.06524559053597,0.9301228164632908
234.22700417298185,0.9302454206858143
234.3888745440828,0.9303679294029339
234.55085678109404,0.9304903425726623
234.71295096132425,0.9306126601530407
234.8751571621355,0.9307348821021395
235.0374754609434,0.9308570083780578
235.19990593521695,0.930979038938924
235.36244866247873,0.9311009737428949
235.52510372030497,0.9312228127481569
235.6878711863254,0.931344555912925
235.85075113822367,0.9314662031954436
236.01374365373647,0.9315877545539858
236.17684881065483,0.9317092099468539
236.34006668682335,0.9318305693323796
236.5033973601404,0.9319518326689235
236.66684090855827,0.9320729999148751
236.83039741008304,0.9321940710286538
236.99406694277465,0.9323150459687076
237.1578495847471,0.9324359246935139
237.3217454141686,0.9325567071615797
237.48575450926057,0.9326773933314405
237.64987694829927,0.9327979831616618
237.8141128096148,0.9329184766108383
237.97846217159147,0.9330388736375939
238.14292511266763,0.9331591742005819
238.3075017113359,0.9332793782584852
238.47219204614316,0.9333994857700159
238.63699619569056,0.9335194966939155
238.80191423863354,0.9336394109889554
238.96694625368195,0.933759228613936
239.13209231960002,0.9338789495276875
239.29735251520637,0.9339985736890696
239.46272691937415,0.9341181010569714
239.62821561103095,0.9342375315903118
239.79381866915898,0.9343568652480392
239.95953617279497,0.9344761019891318
240.12536820103034,0.9345952417725972
240.29131483301109,0.9347142845574731
240.457376147938,0.9348332303028263
240.62355222506648,0.9349520789677538
240.7898431437068,0.9350708305113822
240.95624898322401,0.9351894848928679
241.12276982303803,0.9353080420713973
241.28940574262384,0.9354265020061863
241.4561568215107,0.9355448646564807
241.6230231392835,0.9356631299815562
241.79000477558196,0.9357812979407185
241.9571018101007,0.9358993684933034
242.12431432258958,0.9360173415986761
242.29164239285348,0.9361352172162322
242.45908610075242,0.9362529953053972
242.62664552620166,0.9363706758256265
242.79432074917193,0.9364882587364058
242.96211184968843,0.9366057439972505
243.13001890783246,0.9367231315677063
243.2980420037404,0.9368404214073488
243.46618121760403,0.936957613475784
243.6344366296705,0.9370747077326481
243.80280832024246,0.9371917041376071
243.97129636967804,0.9373086026503574
244.13990085839092,0.9374254032306258
244.30862186685033,0.9375421058381692
244.47745947558113,0.9376587104327745
244.64641376516383,0.9377752169742593
244.81548481623457,0.9378916254224713
244.98467270948532,0.9380079357372886
245.15397752566372,0.9381241478786195
245.32339934557328,0.9382402618064032
245.49293825007328,0.9383562774806085
245.662594320079,0.9384721948612352
245.83236763656151,0.9385880139083136
246.0022582805479,0.938703734581904
246.17226633312126,0.9388193568420977
246.34239187542067,0.9389348806490162
246.5126349886414,0.9390503059628116
246.68299575403464,0.9391656327436666
246.85347425290792,0.9392808609517946
247.0240705666251,0.9393959905474396
247.1947847766056,0.939511021490876
247.36561696432574,0.9396259537424088
247.536567211318,0.9397407872623741
247.70763559917114,0.9398555220111385
247.87882220953037,0.9399701579490992
248.05012712409732,0.9400846950366845
248.22155042462998,0.9401991332343529
248.3930921929432,0.9403134725025943
248.5647525109076,0.9404277128019289
248.73653146045106,0.9405418540929081
248.90842912355797,0.9406558963361141
249.0804455822692,0.9407698394921598
249.25258091868247,0.9408836835216892
249.42483521495214,0.940997428385377
249.59720855328942,0.9411110740439292
249.76970101596226,0.9412246204580826
249.9423126852955,0.941338067588605
250.11504364367087,0.9414514153962951
250.28789397352708,0.9415646638419828
250.4608637573597,0.9416778128865289
250.63395307772143,0.9417908624908256
250.80716201722194,0.9419038126157958
250.98049065852803,0.942016663222394
251.15393908436363,0.9421294142716053
251.3275073775098,0.9422420657244467
251.50119562080485,0.9423546175419655
251.67500389714436,0.9424670696852411
251.8489322894811,0.9425794221153835
252.02298088082526,0.9426916747935342
252.19714975424438,0.9428038276808662
252.37143899286338,0.9429158807385836
252.54584867986463,0.9430278339279216
252.72037889848826,0.9431396872101474
252.89502973203116,0.9432514405465589
253.06980126384855,0.9433630938984857
253.24469357735293,0.9434746472272889
253.4197067560146,0.9435861004943609
253.59484088336137,0.9436974536611257
253.7700960429789,0.9438087066890386
253.94547231851055,0.9439198595395868
254.1209697936578,0.9440309121742886
254.29658855217912,0.944141864554694
254.4723286778917,0.9442527166423845
254.6481902546704,0.9443634683989734
254.82417336644798,0.9444741197861057
255.0002780972153,0.9445846707654577
255.17650453102118,0.9446951212987376
255.35285275197253,0.9448054713476852
255.52932284423449,0.944915720874072
255.70591489203022,0.9450258698397015
255.88262897964117,0.9451359182064085
256.059465191407,0.94524586593606
256.23642361172574,0.9453557129905543
256.4135043250537,0.9454654593318222
256.59070741590534,0.945575104921826
256.76803296885396,0.9456846497225595
256.9454810685309,0.945794093696049
257.12305179962624,0.9459034368043524
257.30074524688854,0.9460126790095595
257.4785614951248,0.9461218202737923
257.65650062920076,0.9462308605592045
257.8345627340408,0.9463397998279818
258.0127478946279,0.9464486380423422
258.19105619600396,0.9465573751645356
258.36948772326934,0.9466660111568438
258.5480425615838,0.946774545981581
258.72672079616495,0.946882979601093
258.9055225122902,0.9469913119777583
259.08444779529555,0.9470995430739872
259.26349673057604,0.9472076728522224
259.4426694035856,0.9473157012749386
259.62196589983745,0.9474236283046427
259.80138630490364,0.9475314539038739
259.9809307044156,0.9476391780352039
260.1605991840639,0.9477468006612365
260.34039182959793,0.9478543217446074
260.52030872682684,0.9479617412479852
260.7003499616188,0.9480690591340705
260.88051561990164,0.9481762753655966
261.06080578766216,0.9482833899053289
261.2412205509469,0.9483904027160652
261.4217599958617,0.9484973137606361
261.6024242085719,0.948604123001904
261.78321327530256,0.9487108304027645
261.9641272823381,0.9488174359261451
262.14516631602277,0.9489239395350062
262.32633046276027,0.9490303411923405
262.5076198090143,0.9491366408611736
262.689034441308,0.9492428385045631
262.8705744462246,0.9493489340855998
263.05223991040697,0.9494549275674069
263.23403092055787,0.94956081891314
263.4159475634401,0.9496666080859879
263.5979899258763,0.9497722950491715
263.7801580947491,0.9498778797659447
263.96245215700134,0.9499833621995943
264.14487219963576,0.9500887423134396
264.3274183097153,0.9501940200708326
264.51009057436306,0.9502991954351585
264.6928890807627,0.9504042683698349
264.87581391615714,0.9505092388383124
265.05886516785057,0.9506141068040743
265.24204292320724,0.9507188722306371
265.4253472696516,0.9508235350815499
265.6087782946687,0.9509280953203951
265.7923360858039,0.9510325529107876
265.9760207306633,0.9511369078163755
266.1598323169136,0.9512411600008399
266.3437709322813,0.9513453094278947
266.5278366645544,0.951449356061287
266.7120296015812,0.9515532998647971
266.8963498312709,0.951657140802238
267.0807974415933,0.951760878837456
267.2653725205789,0.9518645139343305
267.4500751563194,0.9519680460567741
267.6349054369669,0.9520714751687325
267.81986345073483,0.9521748012341845
268.00494928589734,0.9522780242171421
268.19016303078973,0.9523811440816506
268.3755047738082,0.9524841607917885
268.5609746034101,0.9525870743116676
268.74657260811404,0.9526898846054328
268.9322988764996,0.9527925916372626
269.11815349720774,0.9528951953713686
269.3041365589405,0.9529976957719957
269.4902481504614,0.9531000928034223
269.6764883605953,0.9532023864299602
269.8628572782282,0.9533045766159545
270.0493549923079,0.9534066633257837
270.2359815918433,0.9535086465238599
270.42273716590506,0.9536105261746285
270.6096218036254,0.9537123022425685
270.79663559419816,0.9538139746921925
270.9837786268783,0.9539155434880463
271.17105099098313,0.9540170085947094
271.35845277589146,0.954118369976795
271.5459840710438,0.9542196275989497
271.73364496594246,0.954320781425854
271.92143555015184,0.9544218314222216
272.10935591329786,0.9545227775528001
272.29740614506903,0.9546236197823712
272.4855863352147,0.9547243580757492
272.67389657354727,0.9548249923977831
272.8623369499408,0.9549255227133552
273.0509075543317,0.9550259489873817
273.23960847671816,0.9551262711848124
273.4284398071609,0.9552264892706311
273.6174016357827,0.9553266032098553
273.8064940527687,0.9554266129675364
273.99571714836634,0.9555265185087595
274.1850710128854,0.9556263197986437
274.374555736698,0.955726016802342
274.56417141023906,0.9558256094850414
274.75391812400557,0.9559250978119624
274.94379596855725,0.9560244817483602
275.13380503451646,0.9561237612595233
275.3239454125681,0.9562229363107745
275.51421719345973,0.9563220068674705
275.7046204680017,0.9564209728950023
275.895155327067,0.9565198343587945
276.0858218615916,0.9566185912243063
276.2766201625742,0.9567172434570305
276.4675503210763,0.9568157910224944
276.65861242822257,0.9569142338862592
276.8498065752004,0.9570125720139204
277.0411328532606,0.9571108053711078
277.23259135371626,0.9572089339234848
277.4241821679443,0.9573069576367497
277.6159053873846,0.9574048764766346
277.80776110354014,0.9575026904089063
277.9997494079773,0.9576003993993654
278.1918703923254,0.957698003413847
278.3841241482775,0.9577955024182206
278.57651076758987,0.95789289637839
278.76903034208226,0.9579901852602933
278.9616829636374,0.9580873690299028
279.154468724202,0.9581844476532254
279.34738771578634,0.9582814210963025
279.5404400304641,0.95837828932521
279.73362576037266,0.9584750523060578
279.926944997713,0.9585717100049906
280.12039783474995,0.9586682623881878
280.31398436381204,0.9587647094218628
280.50770467729154,0.9588610510722639
280.7015588676446,0.9589572873056739
280.8955470273914,0.9590534180884102
281.08966924911584,0.9591494433868245
281.283925625466,0.9592453631673035
281.4783162491538,0.9593411773962683
281.67284121295546,0.9594368860401749
281.8675006097111,0.9595324890655136
282.06229453232515,0.9596279864388096
282.2572230737661,0.959723378126623
282.4522863270669,0.9598186640955482
282.6474843853245,0.9599138443122146
282.8428173417005,0.9600089187432864
283.0382852894206,0.9601038873554626
283.2338883217753,0.9601987501154768
283.429626532119,0.9602935069900979
283.62550001387154,0.960388157946129
283.821508860516,0.9604827029504083
284.01765316560113,0.9605771419698091
284.21393302274,0.9606714749712396
284.4103485256103,0.9607657019216427
284.6068997679546,0.9608598227879963
284.8035868435802,0.9609538375373133
285.00040984635916,0.9610477461366417
285.1973688702288,0.9611415485530643
285.39446400919036,0.961235244753699
285.5916953573111,0.9613288347056989
285.78906300872285,0.9614223183762517
285.98656705762255,0.9615156957325808
286.1842075982722,0.9616089667419441
286.38198472499903,0.9617021313716351
286.57989853219533,0.9617951895889822
286.7779491143187,0.9618881413613489
286.97613656589203,0.9619809866561342
287.1744609815035,0.9620737254407717
287.3729224558067,0.962166357682731
287.57152108352057,0.962258883349516
287.7702569594295,0.9623513024086667
287.9691301783835,0.9624436148277579
288.16814083529806,0.9625358205743998
288.3672890251542,0.962627919616238
288.56657484299865,0.9627199119209532
288.76599838394384,0.9628117974562617
288.9655597431679,0.962903576189915
289.1652590159147,0.9629952480896999
289.3650962974941,0.9630868131234389
289.56507168328153,0.9631782712589897
289.76518526871865,0.9632696224642455
289.96543714931283,0.9633608667071348
290.1658274206378,0.9634520039556221
290.36635617833264,0.9635430341777066
290.5670235181032,0.9636339573414235
290.7678295357212,0.9637247734148436
290.96877432702456,0.9638154823660731
291.16985798791757,0.9639060841632536
291.37108061437056,0.9639965787745627
291.5724423024204,0.9640869661682132
291.77394314817053,0.9641772463124538
291.97558324778987,0.9642674191755688
292.17736269751475,0.9643574847258779
292.3792815936477,0.9644474429317368
292.5813400325578,0.9645372937615369
292.7835381106808,0.9646270371837049
292.98587592451895,0.964716673166704
293.18835357064125,0.9648062016790323
293.3909711456836,0.9648956226892242
293.59372874634835,0.9649849361658498
293.796626469405,0.9650741420775151
293.99966441168976,0.9651632403928615
294.2028426701058,0.9652522310805668
294.4061613416232,0.9653411141093442
294.6096205232792,0.9654298894479433
294.813220312178,0.965518557065149
295.01696080549084,0.9656071169297826
295.22084210045625,0.9656955690107012
295.42486429437986,0.9657839132767977
295.6290274846346,0.9658721496970011
295.83333176866074,0.9659602782402764
296.03777724396576,0.9660482988756246
296.24236400812464,0.9661362115720828
296.44709215877975,0.9662240162987241
296.65196179364085,0.9663117130246575
296.8569730104857,0.9663993017190284
297.06212590715865,0.9664867823510179
297.2674205815725,0.9665741548898437
297.4728571317075,0.9666614193047591
297.6784356556116,0.9667485755650541
297.8841562514005,0.9668356236400545
298.09001901725776,0.9669225634991224
298.29602405143464,0.9670093951116563
298.5021714522505,0.9670961184470905
298.70846131809276,0.9671827334748961
298.91489374741604,0.9672692401645798
299.12146883874397,0.9673556384856852
299.32818669066774,0.9674419284077919
299.5350474018469,0.9675281099005156
299.7420510710091,0.9676141829335091
299.94919779695016,0.9677001474764606
300.1564876785343,0.9677860034990953
300.36392081469387,0.9678717509711746
300.5714973044299,0.9679573898624964
300.7792172468115,0.9680429201428948
300.98708074097647,0.9681283417822406
301.19508788613103,0.9682136547504409
301.40323878155,0.9682988590174392
301.61153352657675,0.9683839545532158
301.8199722206234,0.9684689413277873
302.0285549631706,0.9685538193112068
302.237281853768,0.9686385884735639
302.44615299203383,0.9687232487849852
302.6551684776553,0.9688078002156332
302.8643284103884,0.9688922427357075
303.0736328900581,0.9689765763154443
303.2830820165584,0.9690608009251162
303.49267588985236,0.9691449165350324
303.70241460997204,0.9692289231155392
303.912298277019,0.9693128206370194
304.12232699116294,0.969396609069892
304.3325008526438,0.9694802883846135
304.5428199617706,0.9695638585516766
304.75328441892145,0.9696473195416111
304.96389432454396,0.9697306713249834
305.1746497791552,0.9698139138723966
305.3855508833416,0.9698970471544908
305.5965977377594,0.9699800711419428
305.8077904431336,0.9700629858054665
306.0191291002597,0.9701457911158121
306.2306138100025,0.9702284870437673
306.4422446732965,0.9703110735601563
306.65402179114596,0.9703935506358405
306.865945264625,0.9704759182417179
307.07801519487754,0.9705581763487237
307.2902316831174,0.9706403249278299
307.50259483062837,0.9707223639500457
307.7151047387642,0.970804293386417
307.9277615089487,0.9708861132080271
308.14056524267585,0.9709678233859959
308.35351604150964,0.9710494238914805
308.56661400708435,0.9711309146956754
308.7798592411044,0.9712122957698117
308.9932518453446,0.9712935670851579
309.20679192165005,0.9713747286130194
309.42047957193614,0.971455780324739
309.63431489818896,0.9715367221916964
309.84829800246473,0.9716175541853086
310.06242898689044,0.9716982762770298
310.2767079536636,0.9717788884383514
310.4911350050524,0.9718593906408017
310.7057102433956,0.9719397828559468
310.9204337711029,0.9720200650553898
311.1353056906542,0.9721002372107709
311.3503261046008,0.9721802992937676
311.5654951155647,0.9722602512760949
311.78081282623896,0.9723400931295052
311.9962793393873,0.9724198248257878
312.2118947578447,0.9724994463367698
312.42765918451704,0.9725789576343155
312.6435727223819,0.9726583586903265
312.85963547448677,0.9727376494767418
313.07584754395145,0.972816829965538
313.29220903396674,0.972895900128729
313.5087200477946,0.9729748599383662
313.7253806887685,0.9730537093665383
313.9421910602933,0.9731324483853718
314.15915126584514,0.9732110769670305
314.3762614089719,0.9732895950837156
314.593521593293,0.9733680027076661
314.8109319224993,0.9734462998111584
315.0284925003535,0.9735244863665065
315.24620343068983,0.9736025623460618
315.4640648174145,0.9736805277222137
315.6820767645053,0.9737583824673889
315.9002393760121,0.9738361265540518
316.11855275605643,0.9739137599547044
316.33701700883205,0.9739912826418865
316.55563223860446,0.9740686945881755
316.7743985497114,0.9741459957661864
316.99331604656265,0.9742231861485722
317.21238483364016,0.9743002657080232
317.43160501549806,0.9743772344172678
317.65097669676277,0.9744540922490719
317.87049998213297,0.9745308391762395
318.0901749763801,0.9746074751716123
318.310001784347,0.9746840002080693
318.5299805109498,0.974760414258528
318.7501112611771,0.9748367172959435
318.97039414008975,0.9749129092933085
319.1908292528214,0.9749889902236542
319.4114167045783,0.9750649600600488
319.63215660063935,0.9751408187755993
319.8530490463567,0.9752165663434502
320.07409414715414,0.9752922027367836
320.2952920085294,0.9753677279288202
320.51664273605275,0.9754431418928181
320.7381464353674,0.9755184446020739
320.9598032121897,0.9755936360299219
321.18161317230886,0.9756687161497343
321.40357642158733,0.9757436849349216
321.62569306596066,0.9758185423589323
321.84796321143773,0.9758932883952528
322.0703869641005,0.9759679230174076
322.29296443010435,0.9760424461989595
322.5156957156781,0.9761168579135092
322.7385809271237,0.9761911581346956
322.9616201708169,0.9762653468361958
323.1848135532067,0.9763394239917249
323.4081611808159,0.9764133895750363
323.63166316024075,0.9764872435599214
323.8553195981512,0.9765609859202102
324.0791306012909,0.9766346166297706
324.30309627647733,0.9767081356625086
324.52721673060176,0.9767815429923689
324.75149207062935,0.9768548385933339
324.9759224035991,0.9769280224394248
325.2005078366241,0.9770010945047009
325.42524847689174,0.9770740547632597
325.65014443166245,0.977146903189237
325.8751958082719,0.9772196397568073
326.10040271412936,0.9772922644401829
326.3257652567187,0.9773647772136149
326.5512835435977,0.9774371780513929
326.7769576823988,0.9775094669278442
327.0027877808285,0.9775816438173354
327.228773946668,0.9776537086942708
327.4549162877732,0.9777256615330937
327.6812149120735,0.9777975023082853
327.9076699275739,0.9778692309943658
328.13428144235394,0.9779408475658936
328.3610495645675,0.9780123519974658
328.58797440244336,0.9780837442637177
328.81505606428516,0.9781550243393236
329.0422946584713,0.9782261921989958
329.26969029345514,0.9782972478174855
329.49724307776484,0.9783681911695827
329.7249531200038,0.9784390222301155
329.9528205288503,0.9785097409739509
330.18084541305774,0.9785803473759945
330.4090278814548,0.9786508414111904
330.6373680429452,0.9787212230545216
330.865866006508,0.9787914922810096
331.09452188119764,0.9788616490657146
331.32333577614384,0.9789316933837354
331.5523078005517,0.9790016252102098
331.78143806370196,0.9790714445203141
332.01072667495066,0.9791411512892635
332.2401737437296,0.9792107454923117
332.46977937954614,0.9792802271047514
332.69954369198325,0.979349596101914
332.92946679069973,0.9794188524591697
333.1595487854305,0.9794879961519278
333.3897897859852,0.9795570271556359
333.62018990225044,0.9796259454457806
333.8507492441885,0.9796947509978878
334.0814679218375,0.9797634437875219
334.31234604531176,0.979832023790286
334.5433837248016,0.9799004909818226
334.77458107057345,0.9799688453378128
335.00593819297046,0.9800370868339767
335.2374552024109,0.9801052154460732
335.4691322093903,0.9801732311499005
335.7009693244803,0.9802411339212954
335.93296665832895,0.9803089237361341
336.1651243216608,0.9803766005703314
336.3974424252769,0.9804441643998413
336.62992108005477,0.9805116152006569
336.86256039694865,0.9805789529488101
337.0953604869895,0.9806461776203723
337.3283214612849,0.9807132891914536
337.5614434310193,0.9807802876382032
337.79472650745396,0.9808471729368097
338.028170801927,0.9809139450635005
338.26177642585355,0.9809806039945421
338.4955434907257,0.9810471497062405
338.7294721081126,0.9811135821749407
338.96356238966047,0.9811799013770267
339.1978144470927,0.9812461072889218
339.4322283922099,0.9813121998870886
339.66680433689,0.9813781791480288
339.9015423930881,0.9814440450482834
340.1364426728369,0.9815097975644326
340.3715052882463,0.9815754366730959
340.6067303515037,0.9816409623509318
340.84211797487455,0.9817063745746387
341.0776682707007,0.9817716733209537
341.31338135140277,0.9818368585666534
341.54925732947856,0.9819019302885538
341.78529631750376,0.9819668884635103
342.0214984281319,0.9820317330684174
342.2578637740942,0.9820964640802092
342.49439246819986,0.9821610814758591
342.7310846233365,0.9822255852323801
342.96794035246853,0.982289975326824
343.2049597686396,0.9823542517362827
343.44214298497104,0.9824184144378871
343.6794901146625,0.982482463408808
343.91700127099165,0.982546398626255
344.1546765673146,0.9826102200674779
344.39251611706584,0.9826739277097654
344.63052003375805,0.982737521530446
344.8686884309825,0.9828010015068878
345.107021422409,0.9828643676164981
345.34551912178586,0.982927619836724
345.58418164293994,0.9829907581450522
345.8230090997768,0.9830537825190088
346.0620016062808,0.9831166929361594
346.30115927651497,0.9831794893741096
346.5404822246212,0.9832421718105041
346.7799705648203,0.9833047402230277
347.019624411412,0.9833671945894046
347.2594438787749,0.9834295348873985
347.4994290813669,0.983491761094813
347.7395801337247,0.9835538731894913
347.9798971504644,0.9836158711493163
348.2203802462812,0.9836777549522107
348.46102953594954,0.9837395245761367
348.7018451343236,0.9838011799990963
348.94282715633585,0.9838627211991314
349.1839757169992,0.9839241481543235
349.42529093140575,0.9839854608427938
349.6667729147272,0.9840466592427035
349.9084217822146,0.9841077433322535
350.1502376491989,0.9841687130896843
350.39222063109065,0.9842295684932767
350.6343708433802,0.9842903095213508
350.8766884016381,0.984350936152267
351.11917342151344,0.9844114483644251
351.3618260187367,0.9844718461362651
351.6046463091177,0.9845321294462669
351.8476344085464,0.98459229827295
352.09079043299283,0.9846523525948743
352.3341144985071,0.984712292390639
352.57760672121975,0.9847721176388837
352.82126721734124,0.9848318283182879
353.0650961031626,0.9848914244075708
353.3090934950551,0.9849509058854918
353.55325950947054,0.9850102727308504
353.797594262941,0.9850695249224857
354.0420978720794,0.9851286624392771
354.2867704535789,0.985187685260144
354.5316121242136,0.9852465933640457
354.77662300083813,0.9853053867299819
355.0218032003879,0.9853640653369917
355.26715283987926,0.985422629164155
355.5126720364092,0.9854810781905914
355.75836090715575,0.9855394123954606
356.00421956937805,0.9855976317579624
356.25024814041603,0.9856557362573369
356.496446737691,0.9857137258728643
356.74281547870504,0.9857716005838648
356.98935448104214,0.9858293603696988
357.2360638623663,0.9858870052097669
357.48294374042393,0.9859445350835099
357.72999423304253,0.9860019499704088
357.977215458131,0.9860592498499849
358.2246075336796,0.9861164347017994
358.47217057776027,0.9861735045054542
358.71990470852654,0.986230459240591
358.9678100442139,0.9862872988868921
359.2158867031385,0.9863440234240799
359.46413480369927,0.9864006328319169
359.71255446437675,0.9864571270902064
359.9611458037332,0.9865135061787914
360.2099089404129,0.9865697700775558
360.4588439931422,0.9866259187664234
360.7079510807293,0.9866819522253584
360.9572303220647,0.9867378704343657
361.2066818361208,0.98679367337349
361.4563057419527,0.986849361022817
361.7061021586972,0.9869049333624722
361.9560712055739,0.9869603903726221
362.2062130018845,0.9870157320334729
362.4565276670133,0.9870709583252719
362.70701532042705,0.9871260692283064
362.957676081675,0.9871810647229043
363.20851007038914,0.9872359447894341
363.4595174062841,0.9872907094083045
363.7106982091571,0.9873453585599649
363.9620525988884,0.9873998922249049
364.213580695441,0.9874543103836549
364.46528261886067,0.9875086130167859
364.71715848927636,0.987562800104909
364.96920842689985,0.9876168716286764
365.2214325520265,0.9876708275687803
365.4738309850336,0.9877246679059537
365.7264038463828,0.9877783926209703
365.97915125661865,0.9878320016946442
366.23207333636896,0.9878854951078303
366.4851702063449,0.9879388728414238
366.7384419873411,0.9879921348763608
366.9918888002356,0.9880452811936179
367.2455107659904,0.9880983117742125
367.49930800565,0.9881512265992023
367.75328064034363,0.9882040256496861
368.0074287912839,0.9882567089068031
368.2617525797671,0.9883092763517332
368.51625212717346,0.9883617279656971
368.770927554967,0.9884140637299562
369.0257789846957,0.9884662836258127
369.2808065379916,0.9885183876346092
369.5360103365707,0.9885703757377294
369.7913905022333,0.9886222479165976
370.0469471568636,0.9886740041526789
370.3026804224302,0.9887256444274792
370.5585904209861,0.9887771687225452
370.8146772746684,0.9888285770194642
371.0709411056987,0.9888798692998647
371.32738203638314,0.9889310455454156
371.5840001891124,0.9889821057378267
371.8407956863615,0.9890330498588492
372.09776865069045,0.9890838778902743
372.3549192047437,0.9891345898139348
372.61224747125056,0.9891851856117038
372.86975357302515,0.9892356652654957
373.12743763296646,0.9892860287572656
373.38529977405835,0.9893362760690094
373.6433401193702,0.9893864071827645
373.9015587920551,0.9894364220806083
374.1599559153526,0.98948632074466
374.4185316125869,0.9895361031570792
374.6772860071674,0.9895857693000667
374.936219222589,0.9896353191558642
375.1953313824317,0.9896847527067545
375.45462261036096,0.9897340699350612
375.71409303012786,0.989783270823149
375.97374276556917,0.9898323553534238
376.2335719406062,0.9898813235083321
376.49358067924715,0.9899301752703618
376.75376910558526,0.9899789106220417
377.01413734379986,0.9900275295459416
377.2746855181558,0.9900760320246726
377.53541375300404,0.9901244180408867
377.79632217278134,0.9901726875772769
378.05741090201053,0.9902208406165774
378.3186800653004,0.9902688771415638
378.5801297873459,0.990316797135052
378.8417601929283,0.9903646005799001
379.1035714069148,0.9904122874590066
379.3655635542592,0.9904598577553111
379.62773676000154,0.9905073114517949
379.89009114926813,0.9905546485314802
380.15262684727196,0.9906018689774302
380.4153439793124,0.9906489727727495
380.6782426707756,0.9906959599005838
380.9413230471342,0.9907428303441201
381.20458523394757,0.9907895840865867
381.46802935686185,0.9908362211112527
381.7316555416101,0.990882741401429
381.9954639140122,0.9909291449404672
382.259454599975,0.9909754317117608
382.52362772549276,0.9910216016987442
382.78798341664555,0.9910676548848928
383.0525217996019,0.9911135912537237
383.31724300061705,0.9911594107887952
383.5821471460335,0.991205113473707
383.84723436228103,0.9912506992920999
384.1125047758769,0.9912961682276561
384.3779585134257,0.9913415202640993
384.64359570162,0.9913867553851944
384.9094164672386,0.9914318735747476
385.1754209371493,0.9914768748166065
385.4416092383069,0.9915217590946603
385.7079814977543,0.9915665263928393
385.9745378426219,0.9916111766951153
386.241278400128,0.9916557099855016
386.50820329757903,0.9917001262480527
386.7753126623691,0.9917444254668647
387.04260662198067,0.9917886076260751
387.31008530398395,0.991832672709863
387.57774883603764,0.9918766207024484
387.84559734588845,0.9919204515880934
388.1136309613715,0.9919641653511012
388.38184981041013,0.9920077619758166
388.6502540210162,0.9920512414466262
388.91884372129,0.9920946037479572
389.1876190394203,0.9921378488642794
389.45658010368464,0.9921809767801033
389.7257270424489,0.9922239874799814
389.99505998416794,0.9922668809485076
390.2645790573852,0.9923096571703172
390.5342843907332,0.9923523161300871
390.8041761129331,0.992394857812536
391.0742543527951,0.9924372822024241
391.3445192392189,0.9924795892845529
391.61497090119207,0.9925217790437657
391.88560946779234,0.9925638514649475
392.15643506818645,0.9926058065330247
392.4274478316304,0.9926476442329654
392.6986478874693,0.9926893645497794
392.9700353651379,0.9927309674685181
393.24161039416026,0.9927724529742744
393.51337310415045,0.9928138210521832
393.78532362481076,0.9928550716874205
394.05746208593445,0.9928962048652047
394.32978861740406,0.9929372205707951
394.6023033491918,0.9929781187894934
394.87500641135983,0.9930188995066426
395.14789793406015,0.9930595627076273
395.42097804753456,0.9931001083778743
395.6942468821152,0.9931405365028516
395.96770456822384,0.9931808470680692
396.2413512363728,0.993221040059079
396.5151870171643,0.9932611154614741
396.78921204129097,0.99330107326089
397.06342643953576,0.9933409134430036
397.3378303427719,0.9933806359935335
397.61242388196314,0.9934202408982405
397.88720718816376,0.9934597281429268
398.1621803925185,0.9934990977134366
398.43734362626293,0.9935383495956557
398.712697020723,0.993577483775512
398.98824070731575,0.9936165002389751
399.26397481754884,0.9936553989720562
399.5398994830209,0.9936941799608089
399.81601483542147,0.9937328431913282
400.09232100653105,0.9937713886497509
400.36881812822173,0.9938098163222562
400.6455063324554,0.9938481261950645
400.92238575128647,0.9938863182544385
401.1994565168601,0.9939243924866829
401.4767187614129,0.9939623488781438
401.75417261727273,0.9940001874152098
402.03181821685905,0.9940379080843109
402.3096556926826,0.9940755108719195
402.58768517734643,0.9941129957645495
402.8659068035437,0.994150362748757
403.14432070406065,0.99418761181114
403.4229270117749,0.9942247429383385
403.70172585965577,0.9942617561170344
403.98071738076464,0.9942986513339513
404.2599017082547,0.9943354285758556
404.53927897537125,0.9943720878295548
404.81884931545164,0.9944086290818988
405.09861286192535,0.9944450523197794
405.3785697483141,0.9944813575301307
405.6587201082319,0.9945175446999284
405.939064075385,0.9945536138161906
406.2196017835722,0.994589564865977
406.50033336668474,0.9946253978363899
406.78125895870625,0.9946611127145731
407.0623786937131,0.994696709487713
407.34369270587416,0.9947321881430375
407.6252011294513,0.9947675486678171
407.90690409879886,0.9948027910493641
408.18880174836426,0.9948379152750328
408.4708942126877,0.9948729213322198
408.7531816264024,0.9949078092083639
409.0356641242347,0.9949425788909456
409.31834184100387,0.9949772303674879
409.60121491162295,0.9950117636255559
409.88428347109686,0.9950461786527565
410.1675476545251,0.9950804754367392
410.45100759710016,0.9951146539651953
410.73466343410786,0.9951487142258585
411.0185153009276,0.9951826562065045
411.3025633330323,0.9952164798949511
411.58680766598854,0.9952501852790586
411.8712484354565,0.9952837723467293
412.15588577719063,0.9953172410859076
412.4407198270379,0.9953505914845802
412.7257507209405,0.9953838235307759
413.01097859493393,0.995416937212566
413.2964035851479,0.9954499325180638
413.58202582780615,0.9954828094354247
413.86784545922654,0.9955155679528467
414.15386261582114,0.9955482080585697
414.4400774340963,0.9955807297408761
414.7264900506527,0.9956131329880905
415.0131006021855,0.9956454177885795
415.29990922548416,0.9956775841307525
415.5869160574328,0.9957096320030606
415.87412123501014,0.9957415613939976
416.1615248952895,0.9957733722920995
416.449127175439,0.9958050646859444
416.73692821272147,0.995836638564153
417.02492814449465,0.9958680939153881
417.31312710821123,0.995899430728355
417.6015252414188,0.995930648991801
417.89012268176015,0.995961748694516
418.1789195669731,0.9959927298253324
418.4679160348906,0.9960235923731245
418.75711222344097,0.9960543363268094
419.04650827064785,0.9960849616753462
419.3361043146306,0.9961154684077367
419.6259004936027,0.9961458565130246
419.91589694587475,0.9961761259802965
420.20609380985206,0.9962062767986811
420.496491224036,0.9962363089573496
420.7870893270233,0.9962662224455155
421.07788825750674,0.9962960172524348
421.3688881542749,0.9963256933674058
421.6600891562125,0.9963552507797694
421.9514914022992,0.9963846894789087
422.2430950316119,0.9964140094542494
422.5349001833232,0.9964432106952595
422.8269069967018,0.9964722931914498
423.11911561111276,0.996501256932373
423.4115261660174,0.9965301019076246
423.70413880097334,0.9965588281068426
423.9969536556349,0.9965874355197073
424.2899708697526,0.9966159241359415
424.58319058317375,0.9966442939453106
424.87661293584216,0.9966725449376224
425.1702380677985,0.9967006771027271
425.46406611918013,0.9967286904305178
425.7580972302213,0.9967565849109296
426.0523315412531,0.9967843605339402
426.34676919270373,0.9968120172895701
426.64141032509826,0.9968395551678823
426.936255079059,0.996866974158982
427.23130359530546,0.9968942742530171
427.5265560146543,0.9969214554401782
427.8220124780196,0.9969485177106984
428.11767312641274,0.996975461054853
428.41353810094256,0.9970022854629604
428.7096075428155,0.9970289909253811
429.0058815933359,0.9970555774325186
429.3023603939046,0.9970820449748186
429.59904408602125,0.9971083935427695
429.8959328112831,0.9971346231269024
430.193026711385,0.9971607337177908
430.49032592812,0.997186725306051
430.7878306033789,0.9972125978823418
431.08554087915064,0.9972383514373647
431.3834568975228,0.9972639859618637
431.6815788006798,0.9972895014466254
431.97990673090555,0.9973148978824791
432.2784408305819,0.9973401752602967
432.5771812421892,0.9973653335709929
432.87612810830615,0.9973903728055248
433.17528157160996,0.9974152929548923
433.47464177487655,0.9974400940101378
433.7742088609805,0.9974647759623465
434.0739829728949,0.9974893388026463
434.373964253692,0.9975137825222078
434.67415284654277,0.997538107112244
434.974548894717,0.9975623125640108
435.2751525415836,0.9975863988688068
435.5759639306107,0.9976103660179734
435.8769832053653,0.9976342140028941
436.1782105095138,0.9976579428149959
436.4796459868219,0.9976815524457479
436.78128978115444,0.9977050428866624
437.083142036476,0.9977284141292939
437.38520289685033,0.9977516661652402
437.68747250644105,0.9977747989861413
437.98995100951123,0.9977978125836803
438.2926385504236,0.9978207069495827
438.59553527364073,0.9978434820756171
438.8986413237255,0.9978661379535947
439.2019568453393,0.9978886745753692
439.50548198324486,0.9979110919328376
439.8092168823045,0.9979333900179391
440.1131616874806,0.997955568822656
440.4173165438359,0.9979776283390134
440.72168159653313,0.9979995685590789
441.0262569908356,0.9980213894749631
441.3310428721067,0.9980430910788194
441.63603938581105,0.9980646733628439
441.9412466775123,0.9980861363192753
442.24666489287597,0.9981074799403957
442.552294177668,0.9981287042185293
442.85813467775483,0.9981498091460436
443.16418653910387,0.9981707947153486
443.4704499077834,0.9981916609188974
443.77692492996255,0.9982124077491858
444.0836117519115,0.9982330351987523
444.39051052000167,0.9982535432601783
444.6976213807053,0.9982739319260883
445.0049444805962,0.9982942011891491
445.31247996634926,0.998314351042071
445.62022798474084,0.9983343814776067
445.9281886826487,0.9983542924885517
446.236362207052,0.9983740840677445
446.54474870503174,0.9983937562080668
446.8533483237703,0.9984133089024427
447.1621612105519,0.9984327421438393
447.4711875127625,0.9984520559252664
447.78042737789,0.9984712502397772
448.08988095352413,0.9984903250804674
448.3995483873566,0.9985092804404755
448.7094298271813,0.9985281163129831
449.0195254208942,0.9985468326912146
449.3298353164939,0.9985654295684375
449.64035966208,0.9985839069379618
449.9510986058557,0.9986022647931407
450.2620522961262,0.9986205031273705
450.57322088129933,0.9986386219340898
450.88460450988526,0.9986566212067808
451.196203330497,0.998674500938968
451.50801749185007,0.9986922611242195
451.8200471427633,0.9987099017561457
452.13229243215716,0.9987274228284003
452.4447535090561,0.9987448243346799
452.7574305225874,0.9987621062687239
453.0703236219811,0.9987792686243148
453.3834329565707,0.9987963113952778
453.69675867579264,0.9988132345754815
454.0103009291867,0.9988300381588371
454.3240598663961,0.9988467221392988
454.6380356371674,0.9988632865108639
454.95222839135056,0.9988797312675726
455.2666382788993,0.9988960564035079
455.5812654498708,0.998912261912796
455.89611005442606,0.9989283477896062
456.2111722428298,0.9989443140281503
456.52645216545045,0.9989601606226837
456.8419499727607,0.9989758875675042
457.1576658153368,0.998991494856953
457.4735998438595,0.9990069824854143
457.7897522091133,0.9990223504473148
458.10612306198715,0.9990375987371249
458.4227125534742,0.9990527273493575
458.7395208346719,0.9990677362785687
459.05654805678216,0.9990826255193576
459.37379437111144,0.9990973950663663
459.6912599290711,0.99911204491428
460.00894488217597,0.9991265750578268
460.32684938204665,0.9991409854917778
460.64497358040836,0.9991552762109474
460.963317629091,0.9991694472101925
461.2818816800296,0.9991834984844138
461.6006658852638,0.9991974300285543
461.9196703969387,0.9992112418376005
462.23889536730496,0.9992249339065816
462.5583409487168,0.9992385062305702
462.87800729363533,0.9992519588046819
463.1978945546266,0.999265291624075
463.518002884362,0.9992785046839512
463.8383324356183,0.9992915979795551
464.1588833612782,0.9993045715061747
464.47965581432976,0.9993174252591404
464.8006499478669,0.9993301592338262
465.12186591508924,0.9993427734256491
465.4433038693023,0.999355267830069
465.76496396391775,0.999367642442589
466.086846352453,0.9993798972587552
466.40895118853166,0.999392032274157
466.73127862588353,0.9994040474844265
467.05382881834464,0.9994159428852392
467.37660191985736,0.9994277184723135
467.6995980844703,0.999439374241411
468.0228174663388,0.9994509101883365
468.3462602197244,0.9994623263089376
468.6699264989956,0.9994736225991053
468.9938164586273,0.9994847990547735
469.31793025320127,0.9994958556719192
469.6422680374061,0.9995067924465627
469.9668299660374,0.9995176093747672
470.2916161939979,0.9995283064526391
470.6166268762963,0.999538883676328
470.9418621680498,0.9995493410420264
471.2673222244821,0.9995596785459702
471.5930072009244,0.9995698961844379
471.91891725281505,0.999579993953752
472.24505253570004,0.9995899718502772
472.5714132052328,0.9995998298704218
472.8979994171741,0.9996095680106374
473.2248113273932,0.9996191862674183
473.5518490918653,0.999628684637302
473.8791128666751,0.9996380631168695
474.20660280801445,0.9996473217027447
474.53431907218334,0.9996564603915945
474.8622618155897,0.999665479180129
475.1904311947496,0.9996743780651018
475.5188273662871,0.9996831570433092
475.8474504869347,0.9996918161115907
476.17630071353307,0.9997003552668293
476.50537820303146,0.9997087745059509
476.83468311248737,0.9997170738259242
477.164215599067,0.9997252532237619
477.493975820045,0.9997333126965191
477.82396393280493,0.9997412522412944
478.1541800948389,0.9997490718552294
478.48462446374805,0.9997567715355091
478.8152971972423,0.9997643512793615
479.14619845314047,0.9997718110840577
479.47732838937077,0.999779150946912
479.80868716397026,0.9997863708652821
480.14027493508536,0.9997934708365687
480.4720918609717,0.9998004508582153
480.80413809999436,0.9998073109277094
481.13641381062774,0.9998140510425809
481.4689191514564,0.9998206712004032
481.80165428117294,0.999827171398793
482.13461935858106,0.99983355163541
482.4678145425939,0.9998398119079569
482.8012399922341,0.99984595221418
483.13489586663457,0.9998519725518688
483.4687823250379,0.9998578729188552
483.8028995267969,0.9998636533130153
484.137247631375,0.9998693137322678
484.47182679834407,0.9998748541745747
484.8066371873882,0.9998802746379412
485.14167895830104,0.9998855751204158
485.47695227098666,0.9998907556200899
485.8124572854598,0.9998958161350985
486.14819416184565,0.9999007566636194
486.4841630603801,0.999905577203874
486.82036414140987,0.9999102777541264
487.1567975653923,0.9999148583126845
487.4934634928957,0.9999193188778986
487.8303620845995,0.9999236594481631
488.16749350129396,0.999927880021915
488.5048579038806,0.9999319805976347
488.842455453372,0.9999359611738455
489.1802863108921,0.9999398217491147
489.51835063767624,0.9999435623220517
489.8566485950711,0.9999471828913101
490.1951803445349,0.9999506834555861
490.5339460476374,0.9999540640136193
490.87294586606015,0.9999573245641925
491.21217996159623,0.9999604651061318
491.5516484961507,0.9999634856383062
491.8913516317404,0.9999663861596283
492.2312895304942,0.9999691666690537
492.5714623546536,0.9999718271655812
492.9118702665705,0.9999743676482528
493.25251342871064,0.9999767881161538
493.5933920036516,0.9999790885684127
493.9345061540832,0.9999812690042013
494.2758560428077,0.9999833294227342
494.61744183273987,0.9999852698232697
494.95926368690715,0.9999870902051091
495.3013217684501,0.999988790567597
495.64361624062053,0.999990370910121
495.9861472667845,0.9999918312321122
496.3289150104205,0.9999931715330448
496.67191963512005,0.9999943918124361
497.01516130458776,0.9999954920698467
497.35864018264124,0.9999964723048805
497.7023564332114,0.9999973325171846
498.04631022034243,0.9999980727064491
498.3905017081919,0.9999986928724076
498.73493106103075,0.9999991930148368
499.0795984432435,0.9999995731335565
499.42450401932837,0.9999998332284299
499.7696479538971,0.9999999732993633
500.11503041167526,0.9999999933463064
500.4606515575023,0.9999998933692519
500.80651155633143,0.9999996733682358
501.1526105732301,0.9999993333433372
501.49894877337965,0.9999988732946788
501.8455263220756,0.9999982932224261
502.19234338472785,0.9999975931267878
502.53940012686036,0.9999967730080163
502.8866967141116,0.9999958328664067
503.2342333122347,0.9999947727022975
503.58201008709705,0.9999935925160706
503.93002720468127,0.9999922923081508
504.2782848310832,0.9999908720790064
504.6267831325151,0.9999893318291486
504.97552227530326,0.9999876715591322
505.32450242588925,0.9999858912695547
505.6737237508295,0.9999839909610575
506.02318641679557,0.9999819706343247
506.37289059057423,0.9999798302900836
506.722836439068,0.9999775699291051
507.07302412929323,0.999975189552203
507.4234538283832,0.9999726891602343
507.77412570358615,0.9999700687540994
508.12503992226607,0.9999673283347419
508.47619665190234,0.9999644679031483
508.82759606009034,0.9999614874603487
509.1792383145412,0.9999583870074162
509.53112358308175,0.9999551665454671
509.8832520336551,0.9999518260756611
510.2356238343202,0.999948365599201
510.5882391532524,0.9999447851173325
510.94109815874293,0.9999410846313451
511.2942010191996,0.9999372641425711
511.64754790314646,0.999933323652386
512.001138979224,0.9999292631622085
512.3549744161896,0.9999250826735009
512.7090543829167,0.9999207821877683
513.0633790483959,0.999916361706559
513.4179485817342,0.9999118212314646
513.7727631521559,0.9999071607641201
514.127822929002,0.9999023803062033
514.4831280817306,0.9998974798594356
514.8386787799168,0.999892459425581
515.194475193253,0.9998873190064476
515.5505174915493,0.9998820586038859
515.9068058447316,0.9998766782197899
516.263340422845,0.9998711778560968
516.6201213960514,0.9998655575147869
516.9771489346303,0.9998598171978839
517.3344232089789,0.9998539569074544
517.6919443896122,0.9998479766456083
518.049712647163,0.9998418764144988
518.407728152382,0.9998356562163223
518.7659910761386,0.999829316053318
519.1245015894183,0.9998228559277688
519.4832598633269,0.9998162758420005
519.8422660690874,0.9998095757983819
520.2015203780414,0.9998027557993255
520.5610229616491,0.9997958158472866
520.9207739914888,0.9997887559447636
521.2807736392574,0.9997815760942983
521.6410220767709,0.9997742762984756
522.0015194759635,0.9997668565599236
522.3622660088886,0.9997593168813136
522.7232618477182,0.9997516572653597
523.0845071647436,0.9997438777148198
523.4460021323749,0.9997359782324944
523.8077469231417,0.9997279588212276
524.1697417096923,0.9997198194839062
524.5319866647948,0.9997115602234606
524.8944819613364,0.999703181042864
525.257227772324,0.9996946819451332
525.6202242708838,0.9996860629333276
525.9834716302619,0.9996773240105501
526.346970023824,0.9996684651799467
526.7107196250557,0.9996594864447065
527.0747206075623,0.9996503878080618
527.4389731450693,0.9996411692732879
527.8034774114227,0.9996318308437036
528.1682335805868,0.9996223725226704
528.5332418266484,0.9996127943135931
528.8985023238132,0.9996030962199197
529.264015246408,0.9995932782451413
529.6297807688796,0.9995833403927923
529.9957990657958,0.9995732826664498
530.3620703118446,0.9995631050697344
530.7285946818355,0.9995528076063098
531.0953723506972,0.9995423902798826
531.4624034934809,0.9995318530942027
531.829688285358,0.9995211960530631
532.1972269016213,0.9995104191602998
532.5650195176846,0.9994995224197922
532.933066309083,0.9994885058354624
533.3013674514726,0.999477369411276
533.6699231206312,0.9994661131512415
534.0387334924582,0.9994547370594102
534.4077987429741,0.9994432411398774
534.7771190483214,0.9994316253967805
535.1466945847643,0.9994198898343007
535.5165255286887,0.9994080344566619
535.8866120566024,0.9993960592681312
536.2569543451353,0.999383964273019
536.6275525710392,0.9993717494756783
536.9984069111883,0.9993594148805057
537.3695175425787,0.9993469604919406
537.7408846423292,0.9993343863144655
538.1125083876806,0.9993216923526062
538.4843889559963,0.9993088786109311
538.8565265247628,0.9992959450940521
539.2289212715884,0.9992828918066241
539.6015733742047,0.9992697187533449
539.9744830104667,0.9992564259389556
540.3476503583502,0.9992430133682401
540.7210755959561,0.9992294810460254
541.0947589015077,0.9992158289771818
541.4687004533515,0.9992020571666222
541.842900429957,0.9991881656193032
542.2173590099175,0.9991741543402239
542.5920763719492,0.9991600233344267
542.9670526948929,0.9991457726069968
543.3422881577108,0.9991314021630625
543.7177829394908,0.9991169120077955
544.0935372194439,0.9991023021464102
544.4695511769049,0.9990875725841639
544.8458249913327,0.9990727233263572
545.2223588423101,0.9990577543783337
545.5991529095439,0.9990426657454798
545.9762073728654,0.9990274574332252
546.3535224122297,0.9990121294470422
546.7310982077167,0.9989966817924467
547.1089349395307,0.9989811144749972
547.4870327880004,0.998965427500295
547.8653919335791,0.998949620873985
548.2440125568448,0.9989336946017546
548.6228948385005,0.9989176486893344
549.002038959374,0.9989014831424979
549.3814451004179,0.9988851979670618
549.7611134427098,0.9988687931688853
550.1410441674528,0.9988522687538711
550.5212374559751,0.9988356247279647
550.90169348973,0.9988188610971543
551.2824124502963,0.9988019778674716
551.6633945193786,0.9987849750449906
552.0446398788065,0.998767852635829
552.4261487105363,0.9987506106461467
552.807921196648,0.9987332490821471
553.1899575193495,0.9987157679500764
553.5722578609738,0.9986981672562236
553.95482240398,0.9986804470069209
554.3376513309531,0.9986626072085432
554.7207448246047,0.9986446478675083
555.1041030677721,0.9986265689902772
555.4877262434196,0.9986083705833537
555.8716145346381,0.9985900526532844
556.2557681246432,0.9985716152066589
556.6401871967792,0.9985530582501099
557.0248719345163,0.9985343817903125
557.4098225214516,0.9985155858339854
557.7950391413091,0.9984966703878895
558.1805219779395,0.9984776354588292
558.5662712153211,0.9984584810536514
558.9522870375587,0.9984392071792461
559.3385696288848,0.9984198138425459
559.725119173659,0.9984003010505267
560.1119358563684,0.998380668810207
560.4990198616275,0.9983609171286482
560.8863713741786,0.9983410460129546
561.2739905788914,0.9983210554702734
561.6618776607635,0.9983009455077946
562.0500328049204,0.9982807161327509
562.4384561966153,0.9982603673524183
562.8271480212298,0.9982398991741153
563.2161084642734,0.9982193116052032
563.6053377113836,0.9981986046530863
563.9948359483266,0.9981777783252118
564.3846033609966,0.9981568326290694
564.7746401354167,0.998135767572192
565.1649464577381,0.9981145831621551
565.5555225142415,0.998093279406577
565.9463684913345,0.998071856313119
566.3374845755553,0.9980503138894851
566.7288709535705,0.9980286521434218
567.1205278121756,0.9980068710827191
567.5124553382952,0.9979849707152092
567.904653718983,0.9979629510487672
568.2971231414223,0.9979408120913111
568.6898637929258,0.9979185538508015
569.0828758609346,0.9978961763352422
569.4761595330203,0.9978736795526791
569.8697149968842,0.9978510635112016
570.2635424403569,0.9978283282189411
570.6576420513992,0.9978054736840724
571.0520140181012,0.9977824999148127
571.4466585286838,0.997759406919422
571.8415757714971,0.9977361947062031
572.236765935022,0.9977128632835016
572.6322292078695,0.9976894126597057
573.0279657787808,0.9976658428432462
573.4239758366275,0.9976421538425969
573.8202595704121,0.9976183456662743
574.2168171692673,0.9975944183228372
574.6136488224569,0.9975703718208877
575.010754719375,0.9975462061690701
575.4081350495469,0.9975219213760717
575.805790002629,0.9974975174506223
576.2037197684085,0.9974729944014945
576.601924536804,0.9974483522375036
577.0004044978649,0.9974235909675075
577.3991598417726,0.9973987106004067
577.7981907588394,0.9973737111451445
578.1974974395093,0.9973485926107067
578.5970800743587,0.997323355006122
578.9969388540935,0.9972979983404616
579.3970739695535,0.9972725226228392
579.7974856117098,0.9972469278624113
580.1981739716653,0.997221214068377
580.599139240655,0.9971953812499782
581.0003816100462,0.9971694294164989
581.4019012713383,0.9971433585772663
581.8036984161637,0.9971171687416499
582.2057732362855,0.9970908599190619
582.608125923601,0.9970644321189569
583.0107566701397,0.9970378853508325
583.4136656680635,0.9970112196242283
583.8168531096674,0.9969844349487271
584.2203191873791,0.9969575313339539
584.6240640937594,0.9969305087895762
585.0280880215022,0.9969033673253045
585.4323911634344,0.9968761069508912
585.8369737125164,0.9968487276761319
586.2418358618417,0.9968212295108643
586.6469778046373,0.9967936124649688
587.052399734264,0.9967658765483685
587.4581018442158,0.9967380217710287
587.8640843281208,0.9967100481429573
588.2703473797407,0.9966819556742049
588.6768911929712,0.9966537443748645
589.0837159618419,0.9966254142550716
589.4908218805166,0.9965969653250041
589.8982091432931,0.9965683975948826
590.3058779446038,0.99653971107497
590.7138284790153,0.9965109057755718
591.1220609412285,0.9964819817070357
591.530575526079,0.9964529388797524
591.9393724285377,0.9964237773041544
592.3484518437083,0.9963944969907174
592.7578139668313,0.9963650979499588
593.1674589932816,0.9963355801924388
593.5773871185687,0.9963059437287602
593.9875985383376,0.9962761885695679
594.3980934483683,0.9962463147255495
594.8088720445762,0.9962163222074346
595.2199345230122,0.9961862110259957
595.6312810798631,0.9961559811920474
596.0429119114496,0.9961256327164468
596.4548272142296,0.9960951656100934
596.8670271847966,0.996064579883929
597.2795120198798,0.9960338755489379
597.6922819163442,0.9960030526161466
598.1053370711909,0.9959721110966241
598.5186776815574,0.9959410510014818
598.9323039447171,0.9959098723418731
599.3462160580798,0.9958785751289942
599.760414219192,0.9958471593740835
600.1748986257363,0.9958156250884216
600.5896694755324,0.9957839722833315
601.0047269665363,0.9957522009701784
601.4200712968409,0.9957203111603701
601.8357026646762,0.9956883028653563
602.2516212684089,0.9956561760966294
602.667827306543,0.9956239308657238
603.0843209777196,0.9955915671842163
603.5011024807171,0.995559085063726
603.9181720144512,0.9955264845159142
604.3355297779754,0.9954937655524845
604.7531759704801,0.9954609281851827
605.1711107912939,0.995427972425797
605.5893344398833,0.9953948982861575
606.0078471158524,0.9953617057781369
606.4266490189425,0.99532839491365
606.8457403490339,0.9952949657046538
607.265121306145,0.9952614181631475
607.684792090432,0.9952277523011726
608.1047529021898,0.9951939681308124
608.5250039418514,0.995160065664193
608.9455454099885,0.9951260449134823
609.366377507312,0.9950919058908905
609.7875004346697,0.9950576486086699
610.2089143930499,0.9950232730791149
610.6306195835792,0.9949887793145622
611.0526162075236,0.9949541673273906
611.4749044662875,0.994919437130021
611.8974845614151,0.9948845887349165
612.3203566945896,0.9948496221545822
612.7435210676334,0.9948145374015654
613.166977882509,0.9947793344884557
613.5907273413176,0.9947440134278843
614.0147696463008,0.9947085742325249
614.4391049998397,0.9946730169150932
614.8637336044552,0.9946373414883471
615.2886556628083,0.9946015479650863
615.7138713776999,0.9945656363581525
616.1393809520712,0.9945296066804299
616.5651845890035,0.9944934589448444
616.9912824917185,0.9944571931643641
617.4176748635786,0.994420809351999
617.8443619080862,0.9943843075208012
618.2713438288847,0.9943476876838647
618.6986208297584,0.9943109498543258
619.1261931146321,0.9942740940453625
619.5540608875715,0.994237120270195
619.9822243527842,0.9942000285420852
620.4106837146171,0.9941628188743373
620.8394391775598,0.9941254912802974
621.2684909462429,0.9940880457733534
621.6978392254384,0.9940504823669353
622.1274842200597,0.9940128010745148
622.5574261351619,0.9939750019096061
622.9876651759419,0.9939370848857646
623.4182015477387,0.9938990500165882
623.8490354560317,0.9938608973157164
624.2801671064441,0.9938226267968306
624.7115967047403,0.9937842384736545
625.1433244568271,0.9937457323599531
625.5753505687538,0.9937071084695337
626.0076752467119,0.9936683668162454
626.4402986970352,0.9936295074139788
626.8732211262005,0.9935905302766669
627.306442740827,0.9935514354182842
627.7399637476767,0.9935122228528471
628.1737843536547,0.9934728925944141
628.6079047658088,0.9934334446570849
629.0423251913302,0.9933938790550018
629.477045837553,0.9933541958023482
629.9120669119548,0.9933143949133497
630.3473886221565,0.9932744764022737
630.7830111759223,0.9932344402834291
631.2189347811604,0.9931942865711668
631.6551596459225,0.9931540152798795
632.0916859784037,0.9931136264240014
632.5285139869435,0.9930731200180085
632.9656438800253,0.993032496076419
633.4030758662763,0.9929917546137922
633.840810154468,0.9929508956447294
634.278846953517,0.9929099191838735
634.7171864724821,0.9928688252459094
635.1558289205689,0.9928276138455634
635.5947745071262,0.9927862849976036
636.0340234416483,0.9927448387168396
636.4735759337738,0.9927032750181229
636.9134321932862,0.9926615939163467
637.3535924301143,0.9926197954264454
637.7940568543321,0.9925778795633956
638.2348256761574,0.9925358463422151
638.6758991059547,0.9924936957779639
639.1172773542337,0.9924514278857427
639.5589606316493,0.9924090426806946
640.0009491490019,0.9923665401780041
640.4432431172379,0.9923239203928969
640.8858427474493,0.9922811833406407
641.3287482508739,0.9922383290365449
641.7719598388956,0.9921953574959598
642.2154777230443,0.9921522687342779
642.6593021149962,0.9921090627669329
643.1034332265737,0.9920657396094001
643.5478712697457,0.9920222992771965
643.9926164566274,0.9919787417858803
644.4376689994806,0.9919350671510513
644.8830291107141,0.991891275388351
645.3286970028831,0.9918473665134622
645.77467288869,0.9918033405421091
646.220956980984,0.9917591974900575
646.6675494927615,0.9917149373731148
647.1144506371659,0.9916705602071294
647.5616606274881,0.9916260660079916
648.0091796771666,0.991581454791633
648.4570079997868,0.9915367265740264
648.9051458090829,0.9914918813711862
649.3535933189347,0.991446919199168
649.8023507433718,0.9914018400740694
650.2514182965707,0.9913566440120286
650.7007961928565,0.9913113310292255
651.150484646702,0.9912659011418814
651.6004838727283,0.9912203543662591
652.050794085705,0.9911746907186623
652.5014155005499,0.9911289102154364
652.9523483323301,0.9910830128729679
653.4035927962593,0.9910369987076848
653.855149107702,0.9909908677360564
654.3070174821706,0.9909446199745932
654.759198135327,0.9908982554398468
655.2116912829815,0.9908517741484104
655.6644971410939,0.9908051761169184
656.1176159257732,0.9907584613620464
656.5710478532777,0.990711629900511
657.0247931400153,0.9906646817490704
657.478852002543,0.990617616924524
657.9332246575682,0.990570435443712
658.3879113219475,0.9905231373235164
658.8429122126875,0.9904757225808599
659.2982275469446,0.9904281912327066
659.7538575420258,0.9903805432960617
660.2098024153877,0.9903327787879718
660.6660623846376,0.9902848977255243
661.1226376675329,0.9902369001258479
661.5795284819816,0.9901887860061125
662.0367350460423,0.9901405553835289
662.4942575779243,0.9900922082753493
662.9520962959876,0.9900437446988668
663.4102514187433,0.9899951646714158
663.8687231648533,0.9899464682103715
664.3275117531316,0.9898976553331501
664.7866174025409,0.9898487260572095
665.2460403321977,0.989799680400048
665.705780761369,0.989750518379205
666.1658389094735,0.9897012400122615
666.6262149960813,0.9896518453168386
667.0869092409146,0.9896023343105992
667.547921863847,0.9895527070112468
668.0092530849053,0.989502963436526
668.4709031242655,0.9894531036042223
668.9328722022587,0.9894031275321625
669.3951605393671,0.9893530352382138
669.8577683562252,0.9893028267402847
670.3206958736201,0.9892525020563246
670.7839433124917,0.9892020612043237
671.2475108939324,0.9891515042023133
671.711398839187,0.9891008310683654
672.175607369654,0.9890500418205931
672.6401367068844,0.9889991364771501
673.1049870725823,0.9889481150562313
673.570158688605,0.9888969775760721
674.0356517769636,0.988845724054949
674.5014665598219,0.9887943545111794
674.9676032594978,0.9887428689631212
675.4340620984625,0.9886912674291736
675.9008432993412,0.9886395499277759
676.3679470849129,0.988587716477409
676.8353736781103,0.9885357670965939
677.3031233020205,0.9884837018038928
677.7711961798844,0.9884315206179085
678.2395925350978,0.9883792235572846
678.7083125912102,0.9883268106407053
679.177356571926,0.9882742818868956
679.6467247011047,0.9882216373146213
680.1164172027586,0.988168876942689
680.5864343010567,0.9881160007899455
681.0567762203224,0.988063008875279
681.527443185034,0.9880099012176177
681.998435419825,0.9879566778359309
682.4697531494841,0.9879033387492282
682.9413965989554,0.9878498839765603
683.4133659933391,0.987796313537018
683.8856615578889,0.9877426274497331
684.3582835180162,0.987688825733878
684.8312320992875,0.9876349084086652
685.3045075274255,0.9875808754933484
685.7781100283082,0.9875267270072215
686.2520398279704,0.9874724629696192
686.7262971526028,0.9874180833999164
687.2008822285522,0.9873635883175289
687.6757952823224,0.9873089777419128
688.1510365405732,0.9872542516925648
688.6266062301212,0.987199410189022
689.10250457794,0.9871444532508621
689.5787318111595,0.9870893808977032
690.0552881570673,0.9870341931492038
690.5321738431073,0.9869788900250631
691.0093890968813,0.9869234715450206
691.4869341461477,0.9868679377288561
691.9648092188231,0.98681228859639
692.4430145429808,0.9867565241674829
692.9215503468523,0.9867006444620361
693.4004168588265,0.986644649499991
693.8796143074502,0.9865885393013295
694.3591429214284,0.9865323138860739
694.8390029296237,0.9864759732742866
695.319194561058,0.9864195174860706
695.799718044909,0.9863629465415692
696.2805736105153,0.9863062604609658
696.7617614873728,0.9862494592644845
697.2432819051365,0.9861925429723891
697.7251350936197,0.9861355116049841
698.2073212827947,0.9860783651826144
698.6898407027928,0.9860211037256645
699.1726935839042,0.9859637272545599
699.655880156579,0.9859062357897657
700.1394006514245,0.9858486293517876
700.6232552992094,0.9857909079611715
701.1074443308612,0.9857330716385032
701.5919679774671,0.985675120404409
702.0768264702739,0.9856170542795549
702.562020040688,0.9855588732846478
703.0475489202762,0.9855005774404338
703.533413340765,0.9854421667677
704.019613534041,0.9853836412872733
704.5061497321514,0.9853250010200203
704.9930221673033,0.9852662459868483
705.4802310718645,0.9852073762087042
705.9677766783636,0.9851483917065754
706.4556592194896,0.985089292501489
706.9438789280922,0.9850300786145124
707.4324360371825,0.9849707500667527
707.9213307799322,0.9849113068793574
708.4105633896742,0.9848517490735136
708.9001340999029,0.9847920766704488
709.3900431442738,0.9847322896914301
709.880290756604,0.9846723881577649
710.3708771708723,0.9846123720908003
710.8618026212189,0.9845522415119236
711.3530673419459,0.9844919964425616
711.8446715675183,0.9844316369041813
712.3366155325607,0.98437116291829
712.8288994718621,0.984310574506434
713.321523620373,0.9842498716902001
713.8144882132063,0.9841890544912147
714.3077934856376,0.9841281229311444
714.8014396731046,0.9840670770316952
715.2954270112081,0.984005916814613
715.7897557357122,0.9839446423016839
716.2844260825422,0.9838832535147334
716.779438287788,0.9838217504756269
717.2747925877026,0.9837601332062695
717.7704892187014,0.9836984017286063
718.2665284173642,0.983636556064622
718.7629104204334,0.9835745962363408
719.2596354648156,0.983512522265827
719.7567037875809,0.9834503341751843
720.2541156259633,0.9833880319865564
720.7518712173606,0.9833256157221266
721.249970799335,0.9832630854041176
721.7484146096123,0.9832004410547919
722.2472028860831,0.9831376826964519
722.7463358668023,0.9830748103514392
723.2458137899891,0.9830118240421353
723.7456368940276,0.9829487237909613
724.2458054174665,0.9828855096203777
724.7463195990194,0.9828221815528848
725.2471796775648,0.9827587396110223
725.7483858921463,0.9826951838173694
726.2499384819728,0.9826315141945452
726.7518376864184,0.9825677307652078
727.2540837450229,0.9825038335520551
727.756676897491,0.9824398225778245
728.2596173836945,0.9823756978652928
728.7629054436684,0.9823114594372764
729.266541317616,0.982247107316631
729.7705252459054,0.9821826415262519
730.2748574690714,0.9821180620890735
730.7795382278148,0.9820533690280701
731.2845677630025,0.9819885623662549
731.7899463156683,0.9819236421266809
732.295674127013,0.9818586083324401
732.801751438402,0.9817934610066643
733.3081784913695,0.9817282001725243
733.8149555276163,0.9816628258532303
734.3220827890099,0.9815973380720319
734.829560517585,0.9815317368522177
735.3373889555438,0.9814660222171163
735.8455683452555,0.9814001941900948
736.354098929257,0.98133425279456
736.862980950253,0.9812681980539577
737.3722146511155,0.9812020299917732
737.8818002748848,0.9811357486315307
738.3917380647688,0.9810693539967941
738.9020282641436,0.9810028461111658
739.4126711165537,0.9809362249982881
739.9236668657115,0.9808694906818419
740.4350157554982,0.9808026431855477
740.9467180299633,0.9807356825331646
741.4587739333251,0.9806686087484913
741.9711837099707,0.9806014218553655
742.4839476044558,0.9805341218776638
742.9970658615056,0.9804667088393021
743.5105387260139,0.9803991827642352
744.0243664430442,0.9803315436764573
744.5385492578289,0.980263791600001
745.0530874157712,0.9801959265589383
745.567981162441,0.9801279485773806
746.0832307435808,0.9800598576794776
746.5988364051016,0.9799916538894183
747.1147983930847,0.9799233372314307
747.6311169537813,0.9798549077297817
748.147792333613,0.9797863654087771
748.6648247791715,0.9797177102927616
749.1822145372189,0.9796489424061189
749.6999618546886,0.9795800617732715
750.2180669786826,0.979511068418681
750.7365301564756,0.9794419623668477
751.2553516355126,0.9793727436423105
751.7745316634099,0.9793034122696477
752.2940704879543,0.9792339682734759
752.8139683571043,0.9791644116784508
753.3342255189896,0.9790947425092668
753.8548422219113,0.9790249607906569
754.3758187143425,0.9789550665473935
754.8971552449275,0.9788850598042869
755.4188520624828,0.9788149405861866
755.9409094159964,0.9787447089179808
756.463327554629,0.9786743648245965
756.9861067277131,0.978603908330999
757.5092471847536,0.9785333394621927
758.0327491754276,0.9784626582432203
758.5566129495853,0.9783918646991635
759.0808387572489,0.9783209588551425
759.6054268486139,0.9782499407363158
760.1303774740485,0.978178810367881
760.6556908840938,0.978107567775074
761.1813673294644,0.9780362129831693
761.7074070610478,0.9779647460174801
762.233810329905,0.9778931669033578
762.7605773872715,0.9778214756661927
763.2877084845537,0.9777496723314135
763.8152038733344,0.9776777569244874
764.3430638053694,0.97760572947092
764.8712885325884,0.9775335899962552
765.3998783070954,0.9774613385260758
765.9288333811681,0.9773889750860026
766.4581540072594,0.9773164997016952
766.9878404379967,0.9772439123988513
767.51789292618,0.9771712132032072
768.0483117247862,0.9770984021405374
768.5790970869664,0.977025479236655
769.1102492660465,0.976952444517411
769.6417685155276,0.9768792980086953
770.1736550890859,0.9768060397364358
770.7059092405729,0.9767326697265984
771.2385312240156,0.976659188005188
771.7715212936165,0.9765855945982473
772.3048797037538,0.9765118895318572
772.8386067089815,0.976438072832137
773.3727025640295,0.9763641445252443
773.9071675238039,0.9762901046373748
774.4420018433866,0.9762159531947622
774.977205778036,0.9761416902236787
775.5127795831871,0.9760673157504345
776.048723514451,0.975992829801378
776.5850378276159,0.9759182324028957
777.1217227786464,0.9758435235814121
777.658778623684,0.97576870336339
778.1962056190478,0.9756937717753303
778.7340040212331,0.9756187288437717
779.2721740869132,0.9755435745952911
779.8107160729386,0.9754683090565035
780.3496302363378,0.9753929322540617
780.888916834315,0.9753174442146569
781.4285761242542,0.975241844965018
781.9686083637166,0.9751661345319119
782.5090138104414,0.9750903129421434
783.049792722346,0.9750143802225554
783.5909453575257,0.9749383364000287
784.1324719742546,0.9748621815014817
784.6743728309859,0.9747859155538712
785.2166481863491,0.9747095385841915
785.7592982991546,0.974633050619475
786.302323428391,0.9745564516867917
786.845723833226,0.9744797418132497
787.3894997730062,0.9744029210259947
787.9336515072575,0.9743259893522102
788.4781792956854,0.9742489468191176
789.0230833981744,0.974171793453976
789.5683640747891,0.9740945292840822
790.1140215857735,0.9740171543367709
790.6600561915513,0.9739396686394144
791.2064681527269,0.9738620722194228
791.7532577300839,0.9737843651042435
792.3004251845866,0.9737065473213622
792.8479707773797,0.9736286188983017
793.3958947697882,0.9735505798626226
793.944197423318,0.9734724302419234
794.492878999655,0.9733941700638399
795.0419397606668,0.9733157993560455
795.5913799684014,0.9732373181462513
796.1411998850882,0.9731587264622057
796.6913997731377,0.973080024331695
797.2419798951418,0.973001211782543
797.7929405138736,0.9729222888426104
798.3442818922892,0.9728432555397962
798.8960042935234,0.9727641119020365
799.4481079808957,0.9726848579573047
800.0005932179063,0.9726054937336119
800.5534602682379,0.9725260192590066
801.1067093957555,0.9724464345615745
801.6603408645061,0.972366739669439
802.2143549387193,0.9722869346107604
802.7687518828084,0.9722070194137369
803.3235319613664,0.9721269941066037
803.8786954391721,0.9720468587176336
804.4342425811865,0.9719666132751363
804.9901736525533,0.9718862578074593
805.5464889185996,0.9718057923429867
806.1031886448362,0.9717252169101406
806.660273096957,0.9716445315373797
807.2177425408395,0.9715637362532004
807.7755972425452,0.9714828310861361
808.3338374683193,0.9714018160647573
808.8924634845912,0.9713206912176718
809.451475557974,0.9712394565735247
810.0108739552657,0.971158112160998
810.5706589434478,0.9710766580088108
811.1308307896873,0.9709950941457195
811.691389761335,0.9709134206005174
812.252336125927,0.9708316374020352
812.8136701511839,0.9707497445791401
813.3753921050118,0.9706677421607368
813.9375022555014,0.9705856301757668
814.500000870929,0.9705034086532089
815.0628882197562,0.9704210776220785
815.6261645706304,0.9703386371114281
816.1898301923841,0.9702560871503474
816.7538853540369,0.9701734277679623
817.3183303247916,0.9700906589934368
817.8831653740397,0.970007780855971
818.4483907713578,0.9699247933848016
819.014006786509,0.969841696609203
819.5800136894427,0.9697584905584861
820.146411750295,0.9696751752619982
820.7132012393886,0.9695917507491241
821.2803824272329,0.9695082170492849
821.8479555845254,0.9694245741919387
822.4159209821478,0.9693408222065805
822.9842788911717,0.9692569611227417
823.5530295828552,0.9691729909699908
824.122173328644,0.9690889117779327
824.6917104001709,0.9690047235762089
825.2616410692569,0.9689204263944982
825.8319656079109,0.9688360202625154
826.4026842883293,0.9687515052100122
826.973797382897,0.9686668812667769
827.5453051641871,0.9685821484626346
828.1172079049609,0.9684973068274465
828.6895058781683,0.968412356391111
829.2621993569479,0.9683272971835625
829.835288614627,0.9682421292347723
830.4087739247217,0.968156852574748
830.9826555609372,0.9680714672335339
831.5569337971681,0.9679859732412105
832.1316089074978,0.9679003706278951
832.7066811661994,0.9678146594237412
833.2821508477356,0.9677288396589389
833.8580182267586,0.9676429113637145
834.4342835781106,0.967556874568331
835.0109471768234,0.9674707293030874
835.5880092981193,0.9673844755983195
836.1654702174116,0.9672981134843989
836.7433302103008,0.967211642991734
837.3215895525811,0.9671250641507695
837.9002485202363,0.9670383769919859
838.4793073894407,0.9669515815459006
839.0587664365596,0.9668646778430666
839.6386259381492,0.9667776659140738
840.218886170957,0.9666905457895477
840.7995474119225,0.9666033175001504
841.380609938174,0.9665159810765803
841.9620740270339,0.9664285365495715
842.5439399560153,0.9663409839498945
843.1262080028234,0.966253323308356
843.7088784453551,0.9661655546557987
844.2919515616993,0.9660776780231013
844.8754276301371,0.9659896934411787
845.4593069291421,0.9659016009409819
846.0435897373801,0.9658134005534977
846.6282763337096,0.9657250923097495
847.2133669971818,0.9656366762407957
847.7988620070408,0.9655481523777317
848.3847616427236,0.9654595207516884
848.9710661838604,0.9653707813938325
849.5577759102746,0.9652819343353668
850.1448911019828,0.9651929796075301
850.7324120391955,0.9651039172415969
851.3203390023167,0.9650147472688779
851.9086722719439,0.9649254697207192
852.4974121288689,0.964836084628503
853.0865588540772,0.9647465920236474
853.676112728749,0.964656991937606
854.2660740342582,0.9645672844018685
854.8564430521735,0.96447746944796
855.4472200642592,0.9643875471074417
856.0384053524713,0.9642975174119105
856.6299991989636,0.9642073803929987
857.2220018860838,0.9641171360823746
857.8144136963749,0.964026784511742
858.4072349125752,0.9639363257128403
859.0004658176181,0.9638457597174448
859.5941066946327,0.9637550865573661
860.1881578269449,0.9636643062644504
860.7826194980734,0.96357341887058
861.3774919917354,0.9634824244076722
861.9727755918437,0.9633913229076799
862.5684705825073,0.9633001144025917
863.1645772480309,0.9632087989244317
863.7610958729164,0.9631173765052592
864.358026741862,0.9630258471771693
864.9553701397626,0.9629342109722925
865.5531263517103,0.9628424679227946
866.1512956629936,0.9627506180608767
866.7498783590988,0.9626586614187755
867.3488747257094,0.9625665980287632
867.9482850487059,0.962474427923147
868.5481096141667,0.9623821511342696
869.148348708368,0.9622897676945089
869.7490026177834,0.9621972776362785
870.3500716290852,0.9621046809920266
870.9515560291429,0.9620119777942373
871.5534561050251,0.9619191680754297
872.1557721439982,0.9618262518681577
872.7585044335276,0.9617332292050113
873.3616532612768,0.9616401001186148
873.9652189151086,0.9615468646416281
874.5692016830844,0.9614535228067462
875.1736018534659,0.9613600746466991
875.7784197147112,0.9612665201942523
876.38365555548,0.9611728594822058
876.9893096646313,0.961079092543395
877.5953823312232,0.9609852194106903
878.2018738445139,0.960891240116997
878.8087844939613,0.9607971546952557
879.4161145692235,0.9607029631784418
880.0238643601584,0.9606086655995657
880.6320341568257,0.9605142619916723
881.2406242494824,0.9604197523878425
881.849634928589,0.9603251368211911
882.4590664848057,0.9602304153248684
883.0689192089936,0.9601355879320591
883.679193392215,0.9600406546759831
884.2898893257332,0.959945615589895
884.9010073010126,0.9598504707070843
885.5125476097194,0.9597552200608751
886.124510543721,0.9596598636846265
886.7368963950869,0.9595644016117323
887.349705456088,0.959468833875621
887.9629380191976,0.9593731605097556
888.5765943770909,0.9592773815476344
889.1906748226453,0.9591814970227898
889.8051796489408,0.9590855069687889
890.4201091492598,0.9589894114192338
891.0354636170874,0.958893210407761
891.6512433461116,0.9587969039680415
892.2674486302233,0.9587004921337812
892.8840797635165,0.9586039749387201
893.5011370402885,0.9585073524166331
894.1186207550398,0.9584106246013295
894.7365312024748,0.9583137915266532
895.3548686775011,0.9582168532264824
895.9736334752314,0.9581198097347299
896.5928258909795,0.9580226610853428
897.2124462202657,0.957925407312303
897.8324947588143,0.9578280484496263
898.4529718025532,0.9577305845313632
899.0738776476154,0.9576330155915984
899.6952125903383,0.957535341664451
900.3169769272641,0.9574375627840745
900.9391709551409,0.9573396789846566
901.5617949709191,0.9572416903004194
902.184849271757,0.9571435967656191
902.8083341550176,0.9570453984145464
903.432249918269,0.9569470952815259
904.0565968592854,0.9568486874009164
904.6813752760463,0.9567501748071114
905.3065854667376,0.9566515575345381
905.9322277297509,0.9565528356176578
906.5583023636843,0.9564540090909662
907.184809667342,0.9563550779889929
907.811749939735,0.9562560423463017
908.4391234800805,0.9561569021974904
909.066930587803,0.956057657577191
909.6951715625335,0.9559583085200691
910.3238467041102,0.9558588550608249
910.9529563125787,0.9557592972341921
911.5825006881919,0.9556596350749386
912.2124801314098,0.955559868617866
912.8428949429007,0.9554599978978103
913.4737454235401,0.9553600229496408
914.1050318744118,0.9552599438082613
914.7367545968075,0.9551597605086088
915.368913892227,0.9550594730856549
916.0015100623791,0.9549590815744041
916.6345434091811,0.9548585860098955
917.2680142347567,0.9547579864272017
917.9019228414413,0.954657282861429
918.536269531778,0.9545564753477175
919.1710546085191,0.9544555639212409
919.806278374626,0.9543545486172067
920.4419411332699,0.9542534294708562
921.0780431878309,0.9541522065174642
921.7145848419001,0.9540508797923389
922.3515663992756,0.9539494493308229
922.9889881639681,0.9538479151682915
923.6268504401975,0.953746277340154
924.265153532394,0.9536445358818533
924.9038977451982,0.9535426908288657
925.5430833834611,0.953440742216701
926.1827107522445,0.9533386900809027
926.822780156821,0.9532365344570474
927.4632919026741,0.9531342753807454
928.1042462954986,0.9530319128876406
928.7456436412002,0.9529294470134099
929.3874842458964,0.9528268777937638
930.0297684159161,0.9527242052644465
930.6724964577999,0.9526214294612347
931.3156686783002,0.9525185504199394
931.9592853843814,0.952415568176404
932.60334688322,0.9523124827665062
933.2478534822048,0.9522092942261557
933.8928054889374,0.9521060025912967
934.5382032112313,0.9520026078979059
935.1840469571134,0.9518991101819932
935.830337034823,0.9517955094796021
936.4770737528123,0.9516918058268088
937.1242574197474,0.9515879992597229
937.7718883445079,0.951484089814487
938.4199668361846,0.951380077527277
939.0684932040841,0.9512759624343018
939.7174677577265,0.951171744571803
940.3668908068452,0.9510674239760557
941.0167626613882,0.9509630006833679
941.6670836315172,0.9508584747300804
942.3178540276086,0.9507538461525671
942.9690741602533,0.9506491149872349
943.6207443402575,0.9505442812705235
944.2728648786396,0.9504393450389057
944.9254360866355,0.950334306328887
945.5784582756958,0.950229165177006
946.2319317574857,0.9501239216198337
946.8858568438861,0.9500185756939744
947.5402338469935,0.9499131274360649
948.19506307912,0.949807576882775
948.8503448527935,0.949701924070807
949.5060794807578,0.9495961690368963
950.162267275973,0.9494903118178105
950.8189085516156,0.9493843524503504
951.476003621078,0.9492782909713492
952.1335527979699,0.9491721274176729
952.791556396117,0.94906586182622
953.4500147295624,0.9489594942339217
954.1089281125663,0.9488530246777416
954.7682968596056,0.9487464531946762
955.4281212853747,0.9486397798217543
956.0884017047857,0.9485330045960373
956.7491384329683,0.948426127554619
957.4103317852697,0.9483191487346259
958.0719820772551,0.9482120681732168
958.7340896247083,0.948104885907583
959.3966547436305,0.9479976019749481
960.0596777502428,0.9478902164125681
960.7231589609819,0.9477827292577318
961.3870986925059,0.9476751405477598
962.0514972616908,0.9475674503200052
962.7163549856318,0.9474596586118536
963.3816721816429,0.9473517654607225
964.0474491672578,0.9472437709040622
964.7136862602292,0.9471356749793547
965.3803837785307,0.9470274777241144
966.0475420403526,0.9469191791758884
966.715161364108,0.9468107793722553
967.383242068429,0.9467022783508261
968.0517844721683,0.946593676149244
968.7207888943983,0.9464849728051841
969.3902556544126,0.9463761683563539
970.0601850717248,0.9462672628404928
970.7305774660699,0.9461582562953722
971.4014331574035,0.9460491487587958
972.0727524659023,0.9459399402685988
972.7445357119647,0.945830630862649
973.4167832162098,0.9457212205788457
974.0894952994788,0.9456117094551202
974.7626722828347,0.9455020975294359
975.4363144875621,0.945392384839788
976.1104222351674,0.9452825714242036
976.7849958473801,0.9451726573207416
977.4600356461509,0.9450626425674927
978.135541953654,0.9449525272025795
978.8115150922854,0.9448423112641564
979.4879553846645,0.9447319947904094
980.1648631536334,0.9446215778195565
980.8422387222574,0.9445110603898471
981.5200824138251,0.9444004425395627
982.1983945518492,0.9442897243070159
982.8771754600635,0.9441789057305516
983.5564254624281,0.944067986848546
984.2361448831263,0.9439569676994068
984.916334046565,0.9438458483215737
985.5969932773758,0.9437346287535173
986.2781229004142,0.9436233090337405
986.9597232407607,0.9435118892007771
987.6417946237209,0.9434003692931926
988.3243373748226,0.9432887493495844
989.0073518198213,0.9431770294085807
989.6908382846971,0.9430652095088414
990.3747970956548,0.942953289689058
991.0592285791249,0.942841269987953
991.7441330617637,0.9427291504442807
992.4295108704528,0.9426169310968264
993.1153623322999,0.9425046119844067
993.8016877746389,0.9423921931458699
994.4884875250298,0.9422796746200951
995.175761911259,0.942167056445993
995.8635112613393,0.9420543386625053
996.5517359035103,0.941941521308605
997.2404361662386,0.9418286044232963
997.9296123782175,0.9417155880456146
998.6192648683674,0.9416024722146263
999.3093939658365,0.9414892569694292
1000.0,0.9413759423491517
1000.691083300461,0.9412625283929538
1001.38264419705,0.9411490151400262
1002.0746830198269,0.9410354026295908
1002.7672000990766,0.9409216909009006
1003.460195765315,0.9408078799932392
1004.1536703492857,0.9406939699459216
1004.8476241819606,0.9405799607982935
1005.5420575945406,0.9404658525897315
1006.2369709184552,0.9403516453596431
1006.9323644853633,0.9402373391474668
1007.6282386271528,0.9401229339926718
1008.3245936759408,0.9400084299347583
1009.0214299640743,0.9398938270132571
1009.7187478241297,0.9397791252677298
1010.4165475889132,0.939664324737769
1011.1148295914612,0.9395494254629977
1011.8135941650403,0.9394344274830699
1012.512841643147,0.93931933083767
1013.2125723595088,0.9392041355665134
1013.9127866480845,0.9390888417093456
1014.6134848430609,0.9389734493059435
1015.3146672788583,0.9388579583961141
1016.0163342901277,0.938742369019695
1016.7184862117512,0.9386266812165542
1017.4211233788419,0.9385108950265908
1018.1242461267452,0.9383950104897337
1018.8278547910378,0.9382790276459428
1019.5319497075283,0.9381629465352083
1020.2365312122574,0.9380467671975505
1020.9415996414984,0.9379304896730208
1021.6471553317565,0.9378141140017006
1022.3531986197696,0.9376976402237014
1023.0597298425085,0.9375810683791655
1023.7667493371767,0.9374643985082654
1024.4742574412107,0.9373476306512036
1025.1822544922816,0.9372307648482132
1025.89074082829,0.9371138011395577
1026.5997167873738,0.9369967395655304
1027.3091827079036,0.9368795801664551
1028.0191389284832,0.9367623229826857
1028.7295857879508,0.9366449680546061
1029.440523625379,0.9365275154226306
1030.1519527800742,0.9364099651272033
1030.8638735915777,0.9362923172087989
1031.5762863996652,0.9361745717079216
1032.2891915443474,0.936056728665106
1033.00258936587,0.9359387881209166
1033.7164802047137,0.9358207501159479
1034.4308644015944,0.9357026146908244
1035.1457422974636,0.9355843818862004
1035.8611142335087,0.9354660517427604
1036.5769805511522,0.9353476243012188
1037.2933415920545,0.9352290996023193
1038.010197698108,0.9351104776868363
1038.7275492114452,0.9349917585955736
1039.445396474434,0.9348729423693647
1040.1637398296784,0.9347540290490731
1040.8825796200197,0.934635018675592
1041.6019161885356,0.9345159112898442
1042.3217498785416,0.9343967069327827
1043.04208103359,0.9342774056453894
1043.7629099974702,0.9341580074686766
1044.48423711421,0.934038512443686
1045.2060627280741,0.9339189206114886
1045.928387183566,0.9337992320131855
1046.6512108254267,0.9336794466899071
1047.3745339986353,0.9335595646828134
1048.0983570484098,0.933439586033094
1048.8226803202065,0.9333195107819678
1049.5475041597215,0.9331993389706833
1050.2728289128866,0.9330790706405189
1050.998654925876,0.9329587058327815
1051.7249825451022,0.9328382445888083
1052.4518121172168,0.9327176869499653
1053.1791439891108,0.9325970329576481
1053.9069785079153,0.9324762826532816
1054.6353160210012,0.9323554360783202
1055.3641568759797,0.9322344932742472
1056.0935014207018,0.9321134542825756
1056.8233500032588,0.9319923191448473
1057.5537029719833,0.9318710879026336
1058.284560675448,0.9317497605975349
1059.0159234624662,0.9316283372711809
1059.7477916820933,0.9315068179652304
1060.480165683625,0.9313852027213713
1061.2130458166002,0.9312634915813203
1061.9464324307953,0.9311416845868239
1062.6803258762322,0.9310197817796572
1063.4147265031736,0.9308977832016242
1064.149634662124,0.9307756888945582
1064.8850507038308,0.9306534989003212
1065.6209749792827,0.9305312132608046
1066.3574078397116,0.9304088320179281
1067.0943496365924,0.9302863552136409
1067.8318007216424,0.9301637828899209
1068.5697614468222,0.9300411150887746
1069.3082321643358,0.9299183518522377
1070.0472132266298,0.9297954932223745
1070.7867049863955,0.9296725392412782
1071.526707796567,0.9295494899510708
1072.2672220103232,0.9294263453939029
1073.008247981086,0.9293031056119538
1073.7497860625238,0.9291797706474316
1074.491836608545,0.9290563405425732
1075.2343999733068,0.9289328153396441
1075.9774765112093,0.9288091950809381
1076.7210665768982,0.9286854798087778
1077.465170525264,0.9285616695655147
1078.2097887114423,0.9284377643935281
1078.9549214908143,0.9283137643352267
1079.7005692190066,0.928189669433047
1080.4467322518922,0.9280654797294544
1081.193410945589,0.9279411952669426
1081.9406056564617,0.9278168160880338
1082.6883167411215,0.9276923422352783
1083.4365445564254,0.9275677737512553
1084.1852894594774,0.9274431106785719
1084.9345518076282,0.9273183530598639
1085.6843319584755,0.927193500937795
1086.4346302698652,0.9270685543550574
1087.1854470998871,0.9269435133543719
1087.9367828068819,0.926818377978487
1088.688637749437,0.9266931482701796
1089.4410122863871,0.9265678242722548
1090.1939067768155,0.9264424060275459
1090.947321580053,0.9263168935789143
1091.7012570556797,0.9261912869692496
1092.455713563523,0.9260655862414693
1093.21069146366,0.925939791438519
1093.9661911164158,0.9258139026033726
1094.722212882365,0.9256879197790316
1095.4787571223317,0.9255618430085261
1096.2358241973886,0.9254356723349133
1096.9934144688584,0.9253094078012791
1097.7515282983134,0.9251830494507371
1098.5101660475768,0.9250565973264285
1099.269328078719,0.9249300514715229
1100.029014754063,0.9248034119292173
1100.789226436182,0.9246766787427367
1101.5499634878993,0.924549851955334
1102.311226272289,0.9244229316102895
1103.0730151526764,0.9242959177509116
1103.8353304926375,0.9241688104205363
1104.5981726559996,0.9240416096625274
1105.361542006842,0.9239143155202761
1106.1254389094945,0.9237869280372016
1106.88986372854,0.9236594472567504
1107.654816828812,0.9235318732223969
1108.4202985753975,0.9234042059776428
1109.1863093336349,0.9232764455660175
1109.9528494691153,0.923148592031078
1110.7199193476824,0.9230206454164085
1111.487519335434,0.9228926057656208
1112.2556497987173,0.9227644731223547
1113.0243111041366,0.9226362475302765
1113.7935036185477,0.9225079290330805
1114.5632277090601,0.9223795176744883
1115.3334837430377,0.9222510134982487
1116.1042720880976,0.9221224165481379
1116.8755931121107,0.9219937268679593
1117.6474471832028,0.9218649445015438
1118.4198346697538,0.9217360694927494
1119.1927559403982,0.9216071018854615
1119.9662113640256,0.9214780417235922
1120.7402013097796,0.9213488890510815
1121.5147261470602,0.9212196439118959
1122.2897862455213,0.9210903063500296
1123.0653819750735,0.9209608764095034
1123.8415137058832,0.9208313541343653
1124.61818180837,0.920701739568691
1125.3953866532127,0.9205720327565821
1126.1731286113443,0.9204422337421679
1126.9514080539554,0.9203123425696048
1127.7302253524924,0.9201823592830757
1128.5095808786584,0.9200522839267907
1129.2894750044138,0.9199221165449867
1130.0699081019757,0.9197918571819276
1130.8508805438184,0.9196615058819039
1131.6323927026738,0.9195310626892332
1132.414444951531,0.91940052764826
1133.1970376636377,0.919269900803355
1133.980171212499,0.9191391821989163
1134.7638459718778,0.9190083718793683
1135.5480623157957,0.9188774698891624
1136.3328206185329,0.9187464762727764
1137.1181212546292,0.9186153910747148
1137.9039645988796,0.9184842143395091
1138.6903510263421,0.918352946111717
1139.4772809123324,0.918221586435923
1140.2647546324256,0.9180901353567378
1141.052772562456,0.9179585929187989
1141.8413350785186,0.9178269591667705
1142.6304425569674,0.9176952341453427
1143.4200953744169,0.9175634178992327
1144.2102939077415,0.9174315104731836
1145.0010385340765,0.9172995119119653
1145.792329630818,0.9171674222603738
1146.584167575622,0.9170352415632315
1147.3765527464063,0.9169029698653872
1148.1694855213498,0.916770607211716
1148.9629662788923,0.9166381536471192
1149.7569953977356,0.9165056092165244
1150.5515732568442,0.9163729739648852
1151.3467002354412,0.9162402479371818
1152.1423767130145,0.9161074311784205
1152.9386030693142,0.9159745237336335
1153.7353796843522,0.9158415256478792
1154.532706938403,0.9157084369662422
1155.330585212004,0.915575257733833
1156.1290148859557,0.9154419879957884
1156.9279963413217,0.9153086277972707
1157.727529959429,0.9151751771834691
1158.5276161218678,0.9150416361995979
1159.3282552104924,0.9149080048908976
1160.1294476074208,0.914774283302635
1160.9311936950353,0.9146404714801022
1161.733493855982,0.9145065694686175
1162.536348473172,0.9143725773135251
1163.3397579297816,0.9142384950601946
1164.1437226092492,0.9141043227540221
1164.9482428952808,0.9139700604404289
1165.7533191718471,0.9138357081648621
1166.5589518231836,0.9137012659727948
1167.3651412337917,0.9135667339097254
1168.1718877884387,0.9134321120211781
1168.9791918721571,0.913297400352703
1169.7870538702462,0.9131625989498755
1170.5954741682713,0.9130277078582967
1171.4044531520642,0.9128927271235932
1172.213991207723,0.9127576567914171
1173.0240887216132,0.9126224969074461
1173.8347460803673,0.9124872475173835
1174.6459636708842,0.9123519086669579
1175.4577418803308,0.9122164804019233
1176.270081096142,0.9120809627680591
1177.0829817060203,0.91194535581117
1177.8964440979341,0.9118096595770865
1178.7104686601224,0.911673874111664
1179.5250557810919,0.9115379994607833
1180.3402058496174,0.9114020356703505
1181.1559192547427,0.9112659827862969
1181.97219638578,0.911129840854579
1182.7890376323114,0.9109936099211787
1183.6064433841873,0.9108572900321028
1184.4244140315282,0.9107208812333836
1185.2429499647235,0.910584383571078
1186.062051574433,0.9104477970912683
1186.8817192515867,0.9103111218400622
1187.7019533873838,0.9101743578635918
1188.5227543732944,0.9100375052080146
1189.3441226010598,0.9099005639195131
1190.1660584626907,0.9097635340442947
1190.9885623504708,0.9096264156285913
1191.8116346569511,0.9094892087186607
1192.6352757749576,0.9093519133607847
1193.4594860975863,0.9092145296012704
1194.2842660182048,0.9090770574864495
1195.1096159304532,0.9089394970626788
1195.935536228243,0.9088018483763396
1196.7620273057582,0.908664111473838
1197.5890895574548,0.908526286401605
1198.4167233780622,0.9083883732060961
1199.244929162582,0.9082503719337918
1200.0737073062885,0.9081122826311967
1200.90305820473,0.9079741053448406
1201.7329822537279,0.9078358401212776
1202.5634798493763,0.9076974870070864
1203.3945513880444,0.9075590460488703
1204.2261972663757,0.907420517293257
1205.058417881284,0.9072819007868991
1205.8912136299616,0.9071431965764732
1206.7245849098738,0.9070044047086805
1207.5585321187605,0.9068655252302467
1208.393055654637,0.9067265581879218
1209.2281559157927,0.9065875036284801
1210.0638333007932,0.9064483615987204
1210.9000882084792,0.9063091321454659
1211.7369210379666,0.9061698153155637
1212.574332188648,0.9060304111558856
1213.412322060191,0.9058909197133272
1214.2508910525403,0.9057513410348088
1215.0900395659164,0.9056116751672744
1215.929768000817,0.9054719221576925
1216.7700767580154,0.9053320820530555
1217.6109662385636,0.9051921549003802
1218.4524368437903,0.9050521407467068
1219.294488975299,0.9049120396391007
1220.1371230349737,0.9047718516246505
1220.9803394249757,0.9046315767504687
1221.8241385477434,0.9044912150636921
1222.6685208059937,0.9043507666114816
1223.513486602722,0.9042102314410215
1224.3590363412018,0.9040696095995205
1225.2051704249857,0.9039289011342109
1226.0518892579046,0.9037881060923488
1226.8991932440692,0.9036472245212145
1227.7470827878692,0.9035062564681114
1228.5955582939735,0.9033652019803673
1229.4446201673309,0.9032240611053335
1230.29426881317,0.9030828338903849
1231.1445046369995,0.9029415203829202
1231.9953280446084,0.9028001206303617
1232.8467394420672,0.9026586346801554
1233.6987392357232,0.902517062579771
1234.5513278322087,0.9023754043767016
1235.4045056384355,0.9022336601184637
1236.2582730615964,0.9020918298525978
1237.1126305091657,0.9019499136266674
1237.9675783889,0.9018079114882598
1238.8231171088364,0.9016658234849855
1239.6792470772953,0.9015236496644785
1240.5359687028783,0.9013813900743965
1241.3932823944701,0.9012390447624201
1242.2511885612373,0.9010966137762534
1243.1096876126296,0.900954097163624
1243.9687799583799,0.9008114949722824
1244.8284660085037,0.9006688072500028
1245.6887461733006,0.9005260340445822
1246.5496208633544,0.900383175403841
1247.4110904895288,0.9002402313756233
1248.2731554629759,0.9000972020077952
1249.13581619513,0.899954087348247
1249.9990730977102,0.8998108874448913
1250.8629265827194,0.8996676023456646
1251.7273770624465,0.8995242320985255
1252.592424949464,0.8993807767514564
1253.4580706566305,0.8992372363524623
1254.3243145970891,0.8990936109495712
1255.1911571842693,0.8989499005908341
1256.0585988318855,0.898806105324325
1256.9266399539385,0.8986622251981405
1257.7952809647152,0.8985182602604005
1258.6645222787884,0.8983742105592472
1259.534364311018,0.898230076142846
1260.4048074765499,0.8980858570593848
1261.2758521908188,0.8979415533570745
1262.1474988695425,0.8977971650841488
1263.0197479287297,0.8976526922888636
1263.8925997846757,0.8975081350194981
1264.766054853963,0.8973634933243536
1265.6401135534622,0.8972187672517543
1266.5147763003324,0.8970739568500469
1267.3900435120206,0.8969290621676008
1268.2659156062623,0.8967840832528077
1269.1423930010815,0.896639020154082
1270.0194761147916,0.8964938729198605
1270.8971653659944,0.8963486415986025
1271.775461173582,0.8962033262387896
1272.654363956735,0.8960579268889262
1273.5338741349242,0.8959124435975383
1274.4139921279102,0.8957668764131751
1275.2947183557435,0.8956212253844076
1276.1760532387664,0.8954754905598289
1277.0579971976078,0.8953296719880554
1277.9405506531912,0.8951837697177246
1278.8237140267295,0.8950377837974968
1279.7074877397267,0.8948917142760542
1280.5918722139784,0.8947455612021014
1281.4768678715714,0.8945993246243649
1282.3624751348843,0.8944530045915935
1283.2486944265877,0.8943066011525581
1284.1355261696442,0.8941601143560514
1285.0229707873086,0.8940135442508883
1285.9110287031285,0.8938668908859058
1286.7997003409437,0.8937201543099627
1287.6889861248874,0.8935733345719395
1288.5788864793858,0.8934264317207393
1289.4694018291582,0.8932794458052866
1290.360532599219,0.8931323768745275
1291.252279214872,0.8929852249774307
1292.1446421017195,0.8928379901629862
1293.037621685656,0.8926906724802057
1293.9312183928707,0.892543271978123
1294.825432649847,0.8923957887057933
1295.7202648833634,0.8922482227122938
1296.615715520493,0.892100574046723
1297.5117849886044,0.8919528427582014
1298.4084737153612,0.891805028895871
1299.3057821287227,0.8916571325088952
1300.2037106569444,0.8915091536464593
1301.1022597285767,0.8913610923577698
1302.001429772467,0.891212948692055
1302.901221217759,0.8910647226985645
1303.8016344938926,0.8909164144265694
1304.702670030605,0.8907680239253623
1305.6043282579312,0.8906195512442566
1306.5066096061998,0.8904709964325883
1307.4095145060403,0.8903223595397138
1308.3130433883791,0.8901736406150111
1309.21719668444,0.8900248397078794
1310.121974825745,0.889875956867739
1311.0273782441138,0.889726992144032
1311.9334073716655,0.889577945586221
1312.8400626408168,0.8894288172437904
1313.7473444842838,0.8892796071662454
1314.6552533350819,0.8891303154031125
1315.5637896265248,0.888980942003939
1316.4729537922267,0.8888314870182936
1317.382746266101,0.888681950495766
1318.2931674823608,0.8885323324859667
1319.2042178755196,0.8883826330385274
1320.115897880391,0.8882328522031008
1321.0282079320905,0.88808299002936
1321.94114846603,0.887933046567
1322.854719917927,0.8877830218657359
1323.7689227237981,0.8876329159753038
1324.6837573199618,0.8874827289454608
1325.5992241430374,0.8873324608259846
1326.5153236299466,0.8871821116666738
1327.4320562179128,0.8870316815173477
1328.3494223444613,0.8868811704278463
1329.2674224474206,0.8867305784480304
1330.1860569649207,0.8865799056277812
1331.105326335395,0.8864291520170008
1332.02523099758,0.8862783176656118
1332.945771390515,0.8861274026235575
1333.8669479535429,0.8859764069408014
1334.7887611263104,0.8858253306673279
1335.711211348769,0.8856741738531415
1336.6342990611706,0.885522936548268
1337.558024704075,0.8853716188027526
1338.4823887183454,0.8852202206666615
1339.4073915451497,0.8850687421900812
1340.3330336259605,0.8849171834231185
1341.2593154025553,0.8847655444159006
1342.1862373170177,0.8846138252185748
1343.113799811736,0.884462025881309
1344.0420033294045,0.884310146454291
1344.9708483130235,0.8841581869877291
1345.9003352058992,0.8840061475318517
1346.8304644516447,0.8838540281369074
1347.7612364941795,0.8837018288531647
1348.692651777729,0.8835495497309127
1349.6247107468268,0.8833971908204601
1350.5574138463135,0.8832447521721358
1351.4907615213376,0.8830922338362887
1352.4247542173523,0.8829396358632879
1353.3593923801218,0.8827869583035226
1354.2946764557175,0.8826342012074013
1355.2306068905193,0.882481364625353
1356.1671841312148,0.8823284486078262
1357.104408624801,0.8821754532052897
1358.0422808185833,0.8820223784682316
1358.980801160177,0.8818692244471603
1359.9199700975057,0.8817159911926038
1360.8597880788034,0.8815626787551096
1361.8002555526134,0.8814092871852454
1362.7413729677892,0.8812558165335981
1363.6831407734944,0.8811022668507746
1364.625559419203,0.8809486381874014
1365.5686293546999,0.8807949305941246
1366.51235103008,0.8806411441216097
1367.456724895752,0.8804872788205416
1368.4017514024304,0.8803333347416257
1369.347431001146,0.8801793119355859
1370.29376414324,0.880025210453166
1371.240751280365,0.8798710303451288
1372.1883928644863,0.8797167716622573
1373.1366893478812,0.8795624344553533
1374.0856411831398,0.879408018775238
1375.0352488231645,0.8792535246727521
1375.9855127211713,0.8790989521987557
1376.9364333306892,0.8789443014041278
1377.88801110556,0.8787895723397672
1378.8402464999403,0.8786347650565912
1379.7931399683,0.8784798796055371
1380.7466919654225,0.8783249160375608
1381.7009029464064,0.8781698744036374
1382.655773366666,0.8780147547547612
1383.6113036819254,0.877859557141946
1384.567494348229,0.8777042816162239
1385.524345821934,0.8775489282286465
1386.4818585597136,0.8773934970302844
1387.440033018556,0.877237988072227
1388.3988696557662,0.8770824014055825
1389.3583689289642,0.8769267370814785
1390.3185312960866,0.8767709951510612
1391.2793572153867,0.8766151756654954
1392.2408471454341,0.8764592786759653
1393.2030015451157,0.8763033042336735
1394.1658208736355,0.8761472523898416
1395.1293055905148,0.8759911231957097
1396.093456155592,0.8758349167025368
1397.058273029024,0.8756786329616005
1398.023756671285,0.8755222720241972
1398.9899075431695,0.8753658339416417
1399.956726105786,0.8752093187652679
1400.9242128205656,0.8750527265464277
1401.8923681492572,0.8748960573364919
1402.8611925539287,0.8747393111868497
1403.8306864969675,0.8745824881489088
1404.80085044108,0.8744255882740954
1405.7716848492933,0.8742686116138543
1406.7431901849532,0.8741115582196483
1407.7153669117272,0.8739544281429589
1408.688215493602,0.8737972214352859
1409.6617363948858,0.8736399381481474
1410.635930080207,0.8734825783330801
1411.6107970145156,0.8733251420416384
1412.5863376630825,0.8731676293253952
1413.5625524915008,0.8730100402359419
1414.5394419656845,0.8728523748248876
1415.5170065518716,0.8726946331438598
1416.495246716618,0.8725368152445045
1417.4741629268062,0.8723789211784853
1418.4537556496398,0.8722209509974839
1419.4340253526452,0.8720629047532001
1420.4149725036725,0.8719047824973521
1421.3965975708943,0.8717465842816756
1422.3789010228074,0.8715883101579245
1423.3618833282324,0.8714299601778706
1424.345544956313,0.8712715343933034
1425.3298863765183,0.8711130328560308
1426.3149080586409,0.870954455617878
1427.3006104727986,0.8707958027306884
1428.286994089434,0.8706370742463229
1429.2740593793148,0.8704782702166605
1430.2618068135337,0.8703193906935975
1431.2502368635112,0.8701604357290482
1432.2393500009882,0.870001405374945
1433.2291466980369,0.8698422996832371
1434.2196274270536,0.8696831187058919
1435.2107926607619,0.8695238624948941
1436.2026428722108,0.8693645311022462
1437.1951785347776,0.8692051245799681
1438.188400122166,0.8690456429800973
1439.182308108407,0.8688860863546887
1440.1769029678594,0.8687264547558148
1441.17218517521,0.8685667482355653
1442.1681552054733,0.8684069668460477
1443.1648135339924,0.8682471106393863
1444.1621606364386,0.8680871796677231
1445.1601969888118,0.8679271739832176
1446.1589230674417,0.8677670936380462
1447.1583393489861,0.8676069386844026
1448.1584463104343,0.867446709174498
1449.159244429101,0.8672864051605608
1450.1607341826343,0.8671260266948362
1451.162916049012,0.8669655738295869
1452.1657905065417,0.8668050466170927
1453.1693580338613,0.8666444451096501
1454.17361910994,0.8664837693595733
1455.1785742140778,0.8663230194191929
1456.1842238259055,0.8661621953408569
1457.1905684253863,0.8660012971769302
1458.1976084928142,0.8658403249797946
1459.2053445088156,0.8656792788018489
1460.213776954349,0.8655181586955086
1461.222906310705,0.8653569647132063
1462.2327330595074,0.8651956969073914
1463.243257682712,0.8650343553305299
1464.2544806626101,0.8648729400351045
1465.266402481821,0.8647114510736156
1466.2790236233027,0.864549888498579
1467.2923445703448,0.8643882523625279
1468.3063658065714,0.8642265427180124
1469.321087815941,0.8640647596175984
1470.3365110827456,0.8639029031138692
1471.3526360916128,0.8637409732594242
1472.3694633275047,0.8635789701068798
1473.386993275719,0.8634168937088685
1474.405226421888,0.8632547441180396
1475.4241632519806,0.8630925213870585
1476.4438042523004,0.8629302255686074
1477.4641499094882,0.8627678567153848
1478.4852007105203,0.8626054148801056
1479.50695714271,0.8624429001155008
1480.529419693707,0.8622803124743182
1481.5525888514999,0.8621176520093214
1482.5764651044099,0.8619549187732909
1483.6010489410999,0.8617921128190227
1484.6263408505692,0.8616292341993296
1485.6523413221555,0.8614662829670401
1486.6790508455338,0.8613032591749993
1487.7064699107182,0.8611401628760681
1488.7345990080612,0.8609769941231238
1489.763438628254,0.8608137529690594
1490.7929892623272,0.8606504394667843
1491.8232514016506,0.8604870536692236
1492.8542255379336,0.8603235956293187
1493.8859121632254,0.8601600654000268
1494.9183117699151,0.8599964630343209
1495.9514248507326,0.8598327885851901
1496.9852518987475,0.8596690421056392
1498.019793407371,0.859505223648689
1499.0550498703562,0.8593413332673758
1500.0910217817932,0.8591773710147526
1501.127709636118,0.8590133369438869
1502.1651139281066,0.8588492311078628
1503.2032351528774,0.8586850535597798
1504.2420738058902,0.8585208043527529
1505.2816303829482,0.8583564835399131
1506.3219053801963,0.858192091174407
1507.362899294123,0.8580276273093963
1508.4046126215596,0.8578630919980588
1509.4470458596804,0.8576984852935876
1510.490199506004,0.8575338072491913
1511.5340740583927,0.857369057918094
1512.578670015052,0.8572042373535353
1513.6239878745328,0.8570393456087702
1514.6700281357298,0.8568743827370688
1515.7167912978846,0.8567093487917168
1516.7642778605789,0.8565442438260156
1517.812488323744,0.8563790678932813
1518.8614231876554,0.8562138210468457
1519.9110829529347,0.8560485033400553
1520.961468120549,0.8558831148262726
1522.0125791918115,0.8557176555588744
1523.0644166683824,0.8555521255912533
1524.116981052268,0.8553865249768169
1525.1702728458222,0.8552208537689878
1526.2242925517453,0.8550551120212037
1527.2790406730855,0.8548892997869174
1528.3345177132387,0.8547234171195965
1529.3907241759484,0.854557464072724
1530.4476605653063,0.8543914406997976
1531.5053273857523,0.8542253470543297
1532.5637251420756,0.8540591831898482
1533.622854339415,0.853892949159895
1534.682715483254,0.8537266450180279
1535.7433090794304,0.8535602708178188
1536.80463563413,0.8533938266128546
1537.8666956538875,0.8532273124567368
1538.929489645589,0.8530607284030818
1539.9930181164698,0.8528940745055207
1541.0572815741164,0.8527273508176992
1542.122280526466,0.8525605573932777
1543.1880154818066,0.8523936942859313
1544.2544869487774,0.8522267615493493
1545.3216954363695,0.8520597592372359
1546.3896414539254,0.8518926874033099
1547.45832551114,0.8517255461013045
1548.52774811806,0.8515583353849671
1549.5979097850848,0.8513910553080598
1550.6688110229663,0.8512237059243594
1551.7404523428113,0.8510562872876561
1552.8128342560751,0.850888799451756
1553.885957274571,0.8507212424704782
1554.959821910464,0.8505536163976566
1556.034428676274,0.8503859212871394
1557.1097780848743,0.8502181571927888
1558.1858706494932,0.8500503241684817
1559.2627068837132,0.8498824222681085
1560.340287301472,0.8497144515455745
1561.4186124170624,0.8495464120547984
1562.4976827451326,0.8493783038497136
1563.5774988006867,0.8492101269842672
1564.6580610990843,0.8490418815124207
1565.7393701560413,0.8488735674881491
1566.8214264876303,0.8487051849654418
1567.9042306102804,0.848536733998302
1568.9877830407786,0.8483682146407466
1570.0720842962653,0.8481996269468072
1571.1571348942423,0.8480309709705285
1572.2429353525677,0.8478622467659691
1573.3294861894576,0.8476934543872017
1574.4167879234858,0.8475245938883126
1575.5048410735849,0.8473556653234019
1576.5936461590463,0.8471866687465834
1577.6832036995195,0.8470176042119849
1578.7735142150138,0.8468484717737473
1579.864578225898,0.8466792714860256
1580.9563962528996,0.8465100034029882
1582.0489688171067,0.8463406675788171
1583.1422964399676,0.846171264067708
1584.2363796432905,0.84600179292387
1585.3312189492447,0.8458322542015256
1586.4268148803599,0.845662647954911
1587.5231679595286,0.8454929742382754
1588.6202787100003,0.8453232331058823
1589.7181476553903,0.8451534246120077
1590.8167753196747,0.8449835488109413
1591.916162227191,0.844813605756986
1593.01630890264,0.8446435955044583
1594.1172158710845,0.8444735181076876
1595.2188836579503,0.8443033736210166
1596.3213127890263,0.8441331620988014
1597.4245037904645,0.8439628835954112
1598.5284571887812,0.8437925381652284
1599.6331735108558,0.8436221258626483
1600.7386532839325,0.8434516467420794
1601.8448970356192,0.8432811008579435
1602.951905293889,0.8431104882646752
1604.0596785870796,0.8429398090167222
1605.1682174438938,0.8427690631685448
1606.2775223934016,0.8425982507746168
1607.3875939650334,0.842427371889425
1608.4984326885906,0.8422564265674685
1609.6100390942393,0.8420854148632596
1610.7224137125115,0.8419143368313234
1611.8355570743063,0.8417431925261979
1612.9494697108894,0.8415719820024337
1614.064152153894,0.8414007053145941
1615.17960493532,0.8412293625172556
1616.2958285875359,0.8410579536650066
1617.4128236432773,0.8408864788124488
1618.5305906356484,0.8407149380141965
1619.649130098122,0.8405433313248764
1620.7684425645386,0.8403716587991275
1621.888528569109,0.840199920491602
1623.0093886464124,0.8400281164569641
1624.1310233313986,0.8398562467498906
1625.2534331593836,0.8396843114250712
1626.3766186660569,0.8395123105372074
1627.500580387477,0.8393402441410134
1628.625318860073,0.8391681122912158
1629.750834620645,0.8389959150425534
1630.8771282063637,0.8388236524497776
1632.0042001547706,0.8386513245676517
1633.1320510037797,0.8384789314509514
1634.2606812916758,0.8383064731544649
1635.3900915571164,0.8381339497329922
1636.5202823391307,0.8379613612413458
1637.651254177121,0.8377887077343501
1638.7830076108617,0.8376159892668417
1639.9155431805004,0.8374432058936694
1641.048861426559,0.8372703576696939
1642.182962889931,0.837097444649788
1643.3178481118873,0.8369244668888363
1644.4535176340669,0.8367514244417359
1645.589971998488,0.8365783173633954
1646.727211747542,0.8364051457087353
1647.8652374239953,0.8362319095326882
1649.004049570989,0.8360586088901985
1650.14364873204,0.8358852438362222
1651.2840354510404,0.8357118144257274
1652.4252102722583,0.8355383207136938
1653.567173740338,0.8353647627551131
1654.7099264003002,0.8351911406049881
1655.8534687975423,0.835017454318334
1656.9978014778385,0.8348437039501773
1658.1429249873404,0.834669889555556
1659.2888398725765,0.83449601118952
1660.4355466804536,0.8343220689071306
1661.5830459582562,0.8341480627634605
1662.7313382536486,0.8339739928135942
1663.8804241146686,0.8337998591126278
1665.0303040897381,0.8336256617156682
1666.1809787276559,0.8334514006778345
1667.3324485776002,0.8332770760542565
1668.4847141891287,0.8331026879000759
1669.637776112179,0.8329282362704454
1670.791634897069,0.8327537212205293
1671.946291094496,0.8325791428055027
1673.1017452555388,0.8324045010805526
1674.257997931657,0.8322297961008767
1675.4150496746906,0.8320550279216841
1676.5729010368616,0.8318801965981951
1677.7315525707736,0.831705302185641
1678.8910048294115,0.8315303447392642
1680.0512583661432,0.8313553243143185
1681.21231373472,0.831180240966068
1682.3741714892715,0.831005094749789
1683.5368321843143,0.8308298857207678
1684.7002963747477,0.8306546139343018
1685.8645646158539,0.8304792794456999
1687.0296374632987,0.8303038823102812
1688.1955154731322,0.830128422583376
1689.3621992017886,0.8299529003203255
1690.529689206087,0.8297773155764818
1691.6979860432307,0.8296016684072074
1692.8670902708084,0.8294259588678758
1694.0370024467943,0.8292501870138714
1695.2077231295482,0.8290743529005892
1696.3792528778154,0.8288984565834344
1697.5515922507275,0.8287224981178235
1698.724741807803,0.8285464775591834
1699.898702108946,0.8283703949629515
1701.0734737144503,0.8281942503845755
1702.2490571849914,0.8280180438795145
1703.4254530816372,0.8278417755032372
1704.6026619658421,0.8276654453112233
1705.7806843994479,0.8274890533589625
1706.959520944685,0.8273125997019553
1708.1391721641726,0.8271360843957124
1709.3196386209186,0.8269595074957549
1710.5009208783192,0.8267828690576142
1711.6830195001612,0.826606169136832
1712.8659350506202,0.8264294077889605
1714.0496680942622,0.8262525850695617
1715.2342191960427,0.826075701034208
1716.419588921308,0.8258987557384823
1717.6057778357956,0.8257217492379771
1718.792786505633,0.8255446815882954
1719.9806154973396,0.8253675528450503
1721.1692653778282,0.8251903630638644
1722.3587367143973,0.8250131123003716
1723.5490300747435,0.8248358006102144
1724.7401460269539,0.8246584280490462
1725.9320851395075,0.8244809946725299
1727.124847981277,0.8243035005363384
1728.318435121528,0.8241259456961547
1729.5128471299192,0.8239483302076714
1730.7080845765033,0.8237706541265912
1731.904148031727,0.8235929175086264
1733.1010380664304,0.823415120409499
1734.2987552518496,0.8232372628849411
1735.4973001596143,0.8230593449906943
1736.6966733617496,0.8228813667825098
1737.896875430676,0.8227033283161486
1739.0979069392092,0.8225252296473813
1740.2997684605632,0.8223470708319879
1741.5024605683423,0.8221688519257586
1742.7059838365526,0.8219905729844925
1743.9103388395954,0.8218122340639986
1745.1155261522686,0.821633835220095
1746.3215463497675,0.8214553765086097
1747.5284000076847,0.8212768579853799
1748.7360877020112,0.821098279706252
1749.9446100091354,0.8209196417270823
1751.1539675058443,0.820740944103736
1752.3641607693235,0.8205621868920878
1753.5751903771572,0.8203833701480217
1754.7870569073295,0.8202044939274309
1755.999760938223,0.8200255582862177
1757.213303048621,0.819846563280294
1758.4276838177054,0.8196675089655805
1759.64290382506,0.8194883953980071
1760.85896365067,0.8193092226335127
1762.0758638749157,0.8191299907280459
1763.293605078585,0.8189506997375637
1764.5121878428643,0.8187713497180324
1765.731612749342,0.8185919407254273
1766.951880380009,0.8184124728157325
1768.1729913172576,0.8182329460449411
1769.394946143883,0.8180533604690553
1770.6177454430829,0.817873716144086
1771.8413897984583,0.8176940131260529
1773.0658797940137,0.817514251470985
1774.2912160141561,0.8173344312349193
1775.517399043698,0.8171545524739022
1776.7444294678548,0.8169746152439887
1777.972307872247,0.8167946196012423
1779.2010348428996,0.8166145656017355
1780.4306109662423,0.8164344533015492
1781.6610368291122,0.8162542827567727
1782.8923130187466,0.8160740540235047
1784.124440122794,0.8158937671578519
1785.357418729307,0.8157134222159296
1786.5912494267448,0.8155330192538613
1787.8259328039733,0.8153525583277796
1789.061469450265,0.8151720394938252
1790.2978599553,0.8149914628081474
1791.5351049091662,0.8148108283269034
1792.7732049023582,0.8146301361062595
1794.01216052578,0.8144493862023897
1795.2519723707433,0.8142685786714767
1796.4926410289681,0.8140877135697113
1797.7341670925841,0.8139067909532928
1798.9765511541298,0.8137258108784283
1800.219793806553,0.8135447734013334
1801.4638956432138,0.8133636785782314
1802.7088572578762,0.8131825264653549
1803.95467924472,0.8130013171189434
1805.2013621983344,0.8128200505952449
1806.448906713719,0.8126387269505154
1807.6973133862846,0.812457346241019
1808.946582811854,0.8122759085230278
1810.196715586661,0.8120944138528218
1811.447712307352,0.8119128622866889
1812.6995735709859,0.811731253880925
1813.9522999750334,0.8115495886918338
1815.2058921173787,0.8113678667757269
1816.4603505963191,0.8111860881889237
1817.7156760105656,0.8110042529877513
1818.9718689592426,0.8108223612285447
1820.2289300418884,0.8106404129676467
1821.4868598584562,0.8104584082614074
1822.7456590093152,0.8102763471661848
1824.005328095244,0.810094229738345
1825.2658677174425,0.8099120560342611
1826.5272784775234,0.8097298261103141
1827.7895609775155,0.8095475400228922
1829.0527158198638,0.8093651978283916
1830.3167436074295,0.8091827995832157
1831.5816449434906,0.8090003453437755
1832.8474204317417,0.8088178351664894
1834.114070676295,0.8086352691077833
1835.3815962816798,0.8084526472240902
1836.6499978528432,0.8082699695718507
1837.9192759951509,0.8080872362075128
1839.1894313143864,0.8079044471875316
1840.4604644167518,0.8077216025683698
1841.7323759088688,0.8075387024064967
1843.0051663977795,0.8073557467583892
1844.2788364909402,0.8071727356805319
1845.5533867962324,0.8069896692294157
1846.8288179219564,0.8068065474615392
1848.1051304768323,0.8066233704334076
1849.382325070001,0.8064401382015337
1850.6604023110242,0.8062568508224369
1851.9393628098858,0.806073508352644
1853.2192071769898,0.8058901108486883
1854.4999360231632,0.8057066583671108
1855.7815499596547,0.8055231509644585
1857.0640495981352,0.805339588697286
1858.3474355506987,0.8051559716221545
1859.631708429862,0.804972299795632
1860.9168688485656,0.8047885732742935
1862.2029174201728,0.8046047921147207
1863.4898547584714,0.804420956373502
1864.7776814776753,0.8042370661072321
1866.0663981924167,0.8040531213725135
1867.3560055177588,0.8038691222259546
1868.6465040691874,0.8036850687241703
1869.9378944626142,0.8035009609237826
1871.2301773143763,0.8033167988814196
1872.523353241237,0.8031325826537165
1873.817422860385,0.8029483122973143
1875.1123867894364,0.8027639878688614
1876.408245646434,0.8025796094250118
1877.7050000498473,0.8023951770224265
1879.0026506185736,0.8022106907177727
1880.301197971938,0.802026150567724
1881.600642729693,0.8018415566289604
1882.90098551202,0.8016569089581682
1884.2022269395288,0.8014722076120399
1885.504367633258,0.8012874526472744
1886.8074082146773,0.8011026441205766
1888.1113493056803,0.8009177820886582
1889.416191528596,0.8007328666082364
1890.721935506182,0.8005478977360351
1892.0285818616255,0.8003628755287836
1893.3361312185448,0.800177800043218
1894.6445842009891,0.7999926713360804
1895.953941433439,0.7998074894641184
1897.2642035408069,0.7996222544840862
1898.575371148436,0.7994369664527435
1899.8874448821032,0.7992516254268565
1901.2004253680166,0.7990662314631967
1902.5143132328176,0.7988807846185421
1903.8291091035805,0.7986952849496759
1905.1448136078134,0.7985097325133879
1906.4614273734574,0.798324127366473
1907.77895102889,0.7981384695657321
1909.097385202917,0.7979527591679725
1910.4167305247843,0.7977669962300062
1911.736987624171,0.7975811808086516
1913.0581571311914,0.7973953129607323
1914.3802396763954,0.797209392743078
1915.703235890768,0.7970234202125236
1917.027146405731,0.7968373954259098
1918.3519718531422,0.7966513184400827
1919.6777128652961,0.7964651893118943
1921.0043700749243,0.7962790080982015
1922.3319441151955,0.7960927748558672
1923.660435619716,0.7959064896417593
1924.9898452225302,0.7957201525127514
1926.3201735581204,0.7955337635257226
1927.6514212614072,0.7953473227375569
1928.9835889677508,0.795160830205144
1930.3166773129515,0.7949742859853786
1931.6506869332436,0.7947876901351609
1932.985618465307,0.7946010427113966
1934.3214725462594,0.794414343770996
1935.6582498136593,0.7942275933708748
1936.9959509055047,0.794040791567954
1938.334576460236,0.7938539384191596
1939.6741271167336,0.7936670339814228
1941.01460351432,0.7934800783116797
1942.3560062927595,0.7932930714668714
1943.6983360922584,0.7931060135039444
1945.0415935534654,0.7929189044798498
1946.385779317472,0.7927317444515436
1947.7308940258129,0.7925445334759872
1949.0769383204658,0.7923572716101464
1950.4239128438526,0.792169958910992
1951.7718182388387,0.7919825954354996
1953.1206551487358,0.7917951812406498
1954.4704242172943,0.7916077163834281
1955.8211260887156,0.7914202009208243
1957.172761407644,0.7912326349098331
1958.5253308191698,0.7910450184074541
1959.8788349688286,0.7908573514706914
1961.2332745026024,0.7906696341565534
1962.5886500669194,0.790481866522054
1963.9449623086546,0.7902940486242107
1965.3022118751305,0.7901061805200461
1966.6603994141162,0.7899182622665873
1968.0195255738292,0.7897302939208657
1969.3795910029341,0.7895422755399174
1970.7405963505448,0.7893542071807828
1972.102542266223,0.7891660889005064
1973.4654293999797,0.7889779207561378
1974.829258402277,0.7887897028047302
1976.1940299240205,0.7886014351033419
1977.5597446165714,0.7884131177090348
1978.9264031317396,0.7882247506788754
1980.294006121785,0.7880363340699345
1981.6625542394188,0.7878478679392869
1983.0320481378023,0.7876593523440115
1984.402488470549,0.7874707873411919
1985.7738758917242,0.7872821729879151
1987.1462110558443,0.7870935093412728
1988.5194946178792,0.7869047964583604
1989.8937272332505,0.7867160343962775
1991.2689095578335,0.7865272232121276
1992.6450422479559,0.7863383629630185
1994.0221259603995,0.7861494537060615
1995.4001613524003,0.7859604954983721
1996.779149081648,0.7857714883970696
1998.1590898062889,0.7855824324592771
1999.5399841849182,0.7853933277421219
2000.9218328765921,0.7852041743027349
2002.3046365408209,0.7850149721982507
2003.6883958375697,0.7848257214858075
2005.0731114272603,0.7846364222225477
2006.4587839707708,0.784447074465617
2007.845414129436,0.784257678272165
2009.2330025650479,0.7840682336993448
2010.6215499398556,0.7838787408043131
2012.0110569165658,0.7836891996442303
2013.4015241583436,0.7834996102762605
2014.792952328812,0.783309972757571
2016.1853420920527,0.7831202871453327
2017.5786941126064,0.78293055349672
2018.9730090554735,0.782740771868911
2020.368287586113,0.7825509423190867
2021.7645303704467,0.7823610649044318
2023.1617380748498,0.7821711396821347
2024.5599113661647,0.7819811667093866
2025.9590509116924,0.781791146043382
2027.3591573791953,0.781601077741319
2028.7602314368964,0.7814109618603988
2030.1622737534817,0.7812207984578258
2031.5652849980984,0.7810305875908076
2032.9692658403567,0.7808403293165549
2034.3742169503291,0.7806500236922816
2035.7801389985518,0.7804596707752051
2037.1870326560236,0.7802692706225449
2038.5948985942077,0.7800788232915247
2040.003737485031,0.7798883288393702
2041.4135500008847,0.7796977873233107
2042.824336814625,0.7795071988005786
2044.2360985995747,0.7793165633284084
2045.6488360295161,0.7791258809640387
2047.0625497787034,0.7789351517647101
2048.4772405218546,0.7787443757876662
2049.892908934153,0.7785535530901537
2051.309555691251,0.7783626837294219
2052.727181469265,0.7781717677627227
2054.1457869447804,0.7779808052473111
2055.56537279485,0.7777897962404446
2056.9859396969946,0.7775987407993835
2058.407488329202,0.7774076389813908
2059.83001936993,0.7772164908437317
2061.2535334981044,0.7770252964436745
2062.6780313931213,0.7768340558384897
2064.1035137348445,0.7766427690854509
2065.529981203609,0.7764514362418335
2066.9574344802204,0.776260057364916
2068.385874245955,0.7760686325119787
2069.8153011825557,0.7758771617403051
2071.2457159722417,0.7756856451071806
2072.677119297701,0.7754940826698932
2074.1095118420953,0.775302474485733
2075.542894289056,0.7751108206119925
2076.97726732269,0.7749191211059668
2078.4126316275733,0.7747273760249528
2079.8489878887585,0.7745355854262499
2081.286336791769,0.7743437493671598
2082.724679022603,0.7741518679049859
2084.1640152677332,0.7739599410970344
2085.6043462141065,0.7737679690006132
2087.0456725491435,0.7735759516730323
2088.4879949607416,0.773383889171604
2089.931314137272,0.7731917815536425
2091.3756307675826,0.772999628876464
2092.8209455409988,0.7728074311973863
2094.267259147317,0.7726151885737302
2095.714572276816,0.7724229010628176
2097.1628856202487,0.7722305687219723
2098.6121998688477,0.7720381916085202
2100.0625157143204,0.771845769779789
2101.5138338488546,0.7716533032931081
2102.966154965115,0.771460792205809
2104.419479756246,0.7712682365752245
2105.87380891587,0.7710756364586896
2107.32914313809,0.7708829919135405
2108.785483117487,0.7706903029971156
2110.242829549124,0.7704975697667545
2111.7011831285427,0.7703047922797989
2113.160544551766,0.7701119705935915
2114.620914515299,0.7699191047654769
2116.082293716128,0.769726194852801
2117.544682851716,0.7695332409129121
2119.0080826200146,0.7693402430031587
2120.472493719455,0.7691472011808915
2121.9379168489513,0.7689541155034626
2123.4043527079,0.7687609860282252
2124.871801996183,0.7685678128125338
2126.340265414163,0.7683745959137449
2127.809743662688,0.7681813353892155
2129.280237443091,0.7679880312963046
2130.7517474571896,0.7677946836923717
2132.224274407285,0.7676012926347783
2133.6978189961656,0.7674078581808865
2135.1723819271033,0.76721438038806
2136.6479639038585,0.7670208593136633
2138.1245656306764,0.7668272950150621
2139.602187812289,0.7666336875496235
2141.0808311539176,0.766440036974715
2142.560496361265,0.766246343347706
2144.0411841405275,0.7660526067259664
2145.5228951983877,0.7658588271668672
2147.0056302420157,0.7656650047277799
2148.4893899790713,0.7654711394660776
2149.9741751177035,0.7652772314391338
2151.4599863665494,0.7650832807043233
2152.946824434737,0.7648892873190214
2154.4346900318847,0.7646952513406043
2155.9235838680993,0.764501172826449
2157.41350665398,0.7643070518339332
2158.9044591006177,0.7641128884204356
2160.3964419195927,0.7639186826433351
2161.8894558229786,0.7637244345600115
2163.3835015233403,0.7635301442278457
2164.8785797337355,0.7633358117042185
2166.374691167717,0.7631414370465114
2167.8718365393242,0.7629470203121071
2169.370016563096,0.7627525615583884
2170.8692319540637,0.7625580608427384
2172.369483427751,0.762363518222541
2173.8707717001794,0.7621689337551802
2175.3730974878613,0.7619743074980408
2176.876461507807,0.761779639508508
2178.3808644775213,0.761584929843967
2179.8863071150054,0.7613901785618036
2181.392790138756,0.7611953857194039
2182.9003142677666,0.7610005513741543
2184.408880221528,0.7608056755834414
2185.9184887200277,0.7606107584046519
2187.429140483751,0.7604157998951729
2188.940836233681,0.7602208001123918
2190.453576691301,0.7600257591136955
2191.967362578587,0.7598306769564721
2193.4821946180205,0.7596355536981088
2194.9980735325794,0.7594403893959933
2196.5150000457415,0.7592451841075134
2198.0329748814847,0.7590499378900566
2199.551998764288,0.7588546508010107
2201.072072419129,0.7586593228977632
2202.593196571489,0.7584639542377016
2204.115371947348,0.7582685448782136
2205.6385992731903,0.7580730948766863
2207.1628792760002,0.7578776042905069
2208.6882126832647,0.7576820731770623
2210.214600222975,0.7574865015937394
2211.742042623624,0.7572908895979247
2213.2705406142086,0.7570952372470043
2214.800094924229,0.7568995445983644
2216.3307062836925,0.7567038117093902
2217.862375423104,0.7565080386374675
2219.3951030734797,0.7563122254399811
2220.9288899663384,0.7561163721743154
2222.4637368337053,0.7559204788978545
2223.9996444081107,0.7557245456679821
2225.5366134225924,0.7555285725420813
2227.074644610693,0.7553325595775346
2228.613738706463,0.7551365068317242
2230.153896444461,0.7549404143620316
2231.695118559752,0.7547442822258377
2233.2374057879083,0.7545481104805228
2234.780758865013,0.7543518991834666
2236.325178527656,0.754155648392048
2237.8706655129367,0.7539593581636452
2239.417220558464,0.7537630285556358
2240.9648444023564,0.7535666596253966
2242.5135377832453,0.7533702514303032
2244.0633014402647,0.7531738040277315
2245.614136113067,0.7529773174750554
2247.166042541814,0.7527807918296484
2248.7190214671773,0.7525842271488831
2250.273073630342,0.752387623490131
2251.828199773005,0.7521909809107629
2253.384400637375,0.7519942994681484
2254.941676966175,0.7517975792196564
2256.5000295026393,0.7516008202226543
2258.059458990518,0.751404022534509
2259.6199661740743,0.7512071862125858
2261.181551798085,0.7510103113142491
2262.744216607843,0.7508133978968623
2264.307961349155,0.7506164460177874
2265.872786768344,0.7504194557343854
2267.438693612251,0.7502224271040155
2269.0056826282253,0.7500253601840369
2270.5737545641405,0.7498282550318063
2272.1429101683843,0.7496311117046796
2273.7131501898625,0.7494339302600113
2275.2844753779973,0.7492367107551545
2276.856886482729,0.7490394532474611
2278.4303842545164,0.7488421577942813
2280.0049694443373,0.748644824452964
2281.580642803688,0.7484474532808567
2283.1574050845848,0.7482500443353054
2284.7352570395624,0.7480525976736544
2286.3141994216767,0.7478551133532466
2287.8942329845036,0.7476575914314233
2289.47535848214,0.7474600319655241
2291.0575766692036,0.7472624350128874
2292.6408883008344,0.7470648006308491
2294.225294132695,0.7468671288767439
2295.8107949209652,0.7466694198079055
2297.397391422353,0.7464716734816645
2298.985084394087,0.7462738899553507
2300.5738745939207,0.7460760692862917
2302.163762780129,0.7458782115318133
2303.754749711513,0.7456803167492397
2305.346836147396,0.745482384995893
2306.940022847628,0.7452844163290934
2308.534310572583,0.7450864108061592
2310.1297000831605,0.7448883684844069
2311.7261921407867,0.7446902894211507
2313.3237875074133,0.7444921736737031
2314.9224869455184,0.7442940212993745
2316.522291218108,0.7440958323554732
2318.1232010887143,0.7438976068993052
2319.7252173214,0.7436993449881744
2321.3283406807486,0.7435010466793832
2322.93257193188,0.7433027120302312
2324.537911840439,0.7431043410980159
2326.1443611726,0.7429059339400327
2327.7519206950674,0.7427074906135747
2329.3605911750756,0.7425090111759325
2330.9703733803885,0.7423104956843947
2332.581268079301,0.7421119441962475
2334.1932760406385,0.7419133567687746
2335.8063980337583,0.7417147334592575
2337.420634828549,0.7415160743249752
2339.0359871954315,0.7413173794232043
2340.6524559053596,0.7411186488112189
2342.2700417298183,0.7409198825462905
2343.8887454408277,0.7407210806856882
2345.5085678109403,0.7405222432866785
2347.129509613245,0.7403233704065252
2348.7515716213575,0.7401244621024902
2350.3747546094364,0.7399255184318317
2351.9990593521716,0.7397265394518062
2353.62448662479,0.7395275252196668
2355.251037203052,0.7393284757926643
2356.8787118632563,0.7391293912280464
2358.5075113822368,0.7389302715830587
2360.1374365373645,0.7387311169149433
2361.7684881065484,0.7385319272809399
2363.4006668682337,0.7383327027382851
2365.0339736014043,0.7381334433442129
2366.668409085583,0.7379341491559543
2368.30397410083,0.7377348202307373
2369.9406694277463,0.7375354566257871
2371.578495847471,0.7373360583983256
2373.2174541416834,0.7371366256055722
2374.8575450926055,0.7369371583047425
2376.498769482993,0.7367376565530502
2378.1411280961483,0.7365381204077052
2379.784621715915,0.7363385499259139
2381.4292511266763,0.7361389451648803
2383.075017113359,0.735939306181805
2384.7219204614316,0.7357396330338852
2386.3699619569056,0.7355399257783152
2388.0191423863357,0.7353401844722858
2389.6694625368195,0.7351404091729847
2391.3209231960004,0.7349405999375962
2392.9735251520638,0.7347407568233014
2394.6272691937415,0.734540879887278
2396.2821561103096,0.7343409691867002
2397.9381866915896,0.7341410247787389
2399.5953617279497,0.7339410467205617
2401.253682010306,0.7337410350693323
2402.9131483301135,0.7335409898822117
2404.5737614793825,0.7333409112163568
2406.235522250667,0.733140799128921
2407.8984314370705,0.7329406536770543
2409.5624898322426,0.732740474917903
2411.2276982303824,0.7325402629086099
2412.8940574262383,0.732340017706314
2414.561568215107,0.7321397393681508
2416.2302313928353,0.7319394279512521
2417.9000477558193,0.731739083512746
2419.571018101007,0.7315387061097565
2421.243143225896,0.7313382957994043
2422.9164239285346,0.7311378526388062
2424.5908610075244,0.7309373766850749
2426.2664552620167,0.7307368679953195
2427.9432074917167,0.7305363266266452
2429.6211184968843,0.7303357526361529
2431.3001890783244,0.7301351460809407
2432.980420037404,0.7299345070181014
2434.6618121760403,0.7297338355047245
2436.3443662967047,0.7295331315978955
2438.0280832024246,0.7293323953546955
2439.7129636967807,0.7291316268322021
2441.399008583909,0.7289308260874883
2443.0862186685035,0.7287299931776232
2444.7745947558114,0.7285291281596717
2446.4641376516383,0.7283282310906948
2448.154848162346,0.7281273020277489
2449.846727094853,0.7279263410278863
2451.5397752566373,0.7277253481481553
2453.2339934557326,0.7275243234455996
2454.929382500733,0.7273232669772589
2456.62594320079,0.7271221788001684
2458.3236763656178,0.7269210589713585
2460.0225828054813,0.7267199075478565
2461.7226633312152,0.7265187245866842
2463.4239187542094,0.7263175101448592
2465.1263498864164,0.7261162642793948
2466.829957540349,0.7259149870472996
2468.534742529082,0.725713678505578
2470.2407056662514,0.7255123387112297
2471.947847766056,0.7253109677212496
2473.6561696432573,0.7251095655926284
2475.3656721131797,0.7249081323823522
2477.0763559917114,0.7247066681474021
2478.788222095304,0.7245051729447549
2480.501271240973,0.7243036468313825
2482.2155042462996,0.724102089864252
2483.9309219294296,0.7239005021003261
2485.647525109076,0.7236988835965622
2487.365314604511,0.7234972344099138
2489.0842912355797,0.7232955545973286
2490.804455822692,0.7230938442157502
2492.5258091868245,0.7228921033221167
2494.2483521495215,0.7226903319733617
2495.972085532894,0.7224885302264138
2497.6970101596226,0.7222866981381967
2499.4231268529547,0.7220848357656289
2501.150436436709,0.7218829431656242
2502.8789397352707,0.7216810203950912
2504.608637573597,0.7214790675109335
2506.3395307772143,0.7212770845700496
2508.0716201722194,0.7210750716293327
2509.80490658528,0.7208730287456714
2511.5393908436363,0.7206709559759485
2513.275073775098,0.7204688533770421
2515.0119562080513,0.7202667210058247
2516.750038971446,0.7200645589191642
2518.4893228948135,0.7198623671739225
2520.2298088082553,0.7196601458269567
2521.9714975424463,0.7194578949351184
2523.714389928636,0.7192556145552539
2525.458486798649,0.7190533047442039
2527.2037889848825,0.7188509655588043
2528.9502973203116,0.718648597055885
2530.6980126384856,0.7184461992922707
2532.4469357735293,0.7182437723247806
2534.197067560146,0.7180413162102286
2535.9484088336135,0.7178388310054227
2537.700960429789,0.7176363167671658
2539.4547231851056,0.7174337735522547
2541.209697936575,0.717231201417481
2542.9658855217886,0.7170286004196307
2544.723286778917,0.7168259706154837
2546.481902546704,0.7166233120618152
2548.24173366448,0.7164206248153936
2550.002780972153,0.7162179089329821
2551.7650453102115,0.7160151644713382
2553.5285275197252,0.7158123914872135
2555.2932284423446,0.7156095900373538
2557.059148920302,0.715406760178499
2558.826289796412,0.7152039019673835
2560.5946519140703,0.7150010154607352
2562.3642361172574,0.7147981007152767
2564.1350432505365,0.7145951577877245
2565.9070741590535,0.714392186734789
2567.680329688539,0.7141891876131746
2569.454810685309,0.7139861604795799
2571.2305179962627,0.7137831053906974
2573.007452468888,0.7135800224032132
2574.7856149512504,0.7133769115738083
2576.5650062920104,0.7131737729591564
2578.345627340411,0.7129706066159259
2580.127478946282,0.7127674126007787
2581.910561960042,0.7125641909703703
2583.6948772326964,0.7123609417813505
2585.480425615838,0.7121576650903625
2587.26720796165,0.7119543609540433
2589.0552251229024,0.7117510294290239
2590.8444779529555,0.7115476705719286
2592.6349673057603,0.7113442844393756
2594.426694035856,0.7111408710879765
2596.2196589983746,0.710937430574337
2598.0138630490364,0.7107339629550559
2599.8093070441555,0.7105304682867256
2601.6059918406368,0.7103269466259323
2603.4039182959796,0.7101233980292554
2605.203087268268,0.7099198225532685
2607.0034996161885,0.7097162202545377
2608.8051561990164,0.7095125911896232
2610.608057876622,0.7093089354150782
2612.412205509469,0.7091052529874495
2614.217599958617,0.7089015439632774
2616.0242420857194,0.7086978083990951
2617.8321327530257,0.7084940463514298
2619.641272823381,0.7082902578768011
2621.4516631602273,0.7080864430317225
2623.263304627603,0.7078826018727007
2625.076198090143,0.7076787344562354
2626.8903444130806,0.7074748408388195
2628.7057444622465,0.707270921076939
2630.52239910407,0.7070669752270734
2632.340309205579,0.706863003345695
2634.159475634404,0.7066590054892689
2635.9798992587653,0.7064549817142541
2637.8015809474937,0.706250932077102
2639.624521570016,0.7060468566342571
2641.4487219963603,0.705842755442157
2643.2741830971554,0.705638628557232
2645.1009057436336,0.7054344760359058
2646.928890807627,0.7052302979345945
2648.7581391615713,0.7050260943097073
2650.588651678506,0.7048218652176464
2652.4204292320724,0.7046176107148069
2654.253472696516,0.7044133308575761
2656.0877829466867,0.7042090257023347
2657.9233608580394,0.7040046953054561
2659.760207306633,0.703800339723306
2661.5983231691334,0.7035959590122434
2663.437709322813,0.7033915532286191
2665.278366645544,0.7031871224287781
2667.120296015812,0.7029826666690565
2668.963498312709,0.7027781860057837
2670.8079744159327,0.7025736804952815
2672.653725205789,0.7023691501938644
2674.5007515631937,0.7021645951578394
2676.349054369669,0.7019600154435058
2678.1986345073483,0.7017554111071558
2680.0494928589737,0.7015507822050737
2681.901630307897,0.7013461287935364
2683.755047738082,0.7011414509288131
2685.609746034101,0.7009367486671655
2687.4657260811405,0.7007320220648477
2689.322988764996,0.700527271178106
2691.1815349720773,0.7003224960631789
2693.041365589405,0.7001176967762975
2694.9024815046173,0.6999128733736848
2696.7648836059557,0.6997080259115566
2698.628572782285,0.6995031544461204
2700.4935499230814,0.6992982590335762
2702.3598159184357,0.6990933397301158
2704.2273716590535,0.6988883965919234
2706.0962180362562,0.6986834296751753
2707.9663559419814,0.6984784390360398
2709.837786268783,0.6982734247306773
2711.710509909831,0.6980683868152404
2713.584527758914,0.6978633253458734
2715.4598407104377,0.6976582403787129
2717.336449659425,0.6974531319698872
2719.214355501518,0.6972480001755168
2721.093559132979,0.6970428450517139
2722.9740614506873,0.6968376666545827
2724.8558633521443,0.6966324650402191
2726.7389657354724,0.696427240264711
2728.6233694994085,0.6962219923841384
2730.5090755433166,0.6960167214545728
2732.3960847671815,0.6958114275320773
2734.284398071609,0.6956061106727067
2736.174016357827,0.6954007709325082
2738.0649405276868,0.6951954083675199
2739.957171483663,0.6949900230337721
2741.8507101288537,0.6947846149872863
2743.7455573669804,0.6945791842840762
2745.641714102391,0.6943737309801464
2747.5391812400558,0.6941682551314938
2749.4379596855724,0.6939627567941064
2751.3380503451644,0.6937572360239636
2753.239454125681,0.6935516928770368
2755.142171934597,0.6933461274092884
2757.0462046800194,0.6931405396766722
2758.951553270673,0.6929349297351345
2760.858218615919,0.6927292976406115
2762.7662016257445,0.6925236434490318
2764.6755032107662,0.6923179672163149
2766.5861242822284,0.6921122689983717
2768.498065752007,0.6919065488511046
2770.411328532606,0.6917008068304069
2772.3259135371627,0.6914950429921635
2774.241821679443,0.6912892573922504
2776.159053873846,0.691083450086535
2778.077611035402,0.6908776211308757
2779.9974940797724,0.6906717705811217
2781.9187039232543,0.6904658984931142
2783.8412414827753,0.6902600049226849
2785.7651076758984,0.6900540899256566
2787.69030342082,0.6898481535578435
2789.616829636374,0.6896421958750499
2791.5446872420202,0.689436216933073
2793.4738771578636,0.6892302167876991
2795.404400304641,0.6890241954947064
2797.3362576037266,0.6888181531098638
2799.26944997713,0.6886120896889313
2801.2039783474997,0.6884060052876595
2803.1398436381205,0.6881998999617901
2805.0770467729153,0.6879937737670555
2807.015588676446,0.6877876267591793
2808.9554702739138,0.6875814589938751
2810.8966924911583,0.6873752705268482
2812.83925625466,0.6871690614137941
2814.7831624915384,0.6869628317103992
2816.7284121295547,0.6867565814723405
2818.6750060971112,0.6865503107552857
2820.6229453232513,0.6863440196148934
2822.572230737664,0.6861377081068122
2824.5228632706717,0.6859313762866823
2826.474843853248,0.6857250242101338
2828.4281734170077,0.6855186519327873
2830.3828528942095,0.6853122595102542
2832.3388832177557,0.6851058469981364
2834.2962653211935,0.6848994144520261
2836.2550001387153,0.6846929619275062
2838.21508860516,0.6844864894801498
2840.1765316560113,0.6842799971655207
2842.1393302273996,0.684073485039173
2844.103485256103,0.6838669531566508
2846.068997679546,0.6836604015734892
2848.035868435802,0.6834538303452131
2850.0040984635916,0.6832472395273379
2851.973688702285,0.6830406291753693
2853.9446400919037,0.6828339993448029
2855.916953573111,0.6826273500911254
2857.8906300872286,0.6824206814698129
2859.8656705762255,0.6822139935363318
2861.8420759827222,0.682007286346139
2863.8198472499903,0.681800559954681
2865.7989853219533,0.6815938144173951
2867.779491143187,0.681387049789708
2869.7613656589206,0.6811802661270367
2871.7446098150353,0.6809734634847887
2873.729224558067,0.6807666419183608
2875.7152108352057,0.6805598014831402
2877.7025695942953,0.6803529422345039
2879.691301783835,0.6801460642278191
2881.6814083529803,0.6799391675184426
2883.672890251542,0.6797322521617213
2885.6657484299867,0.679525318212992
2887.6599838394413,0.6793183657275808
2889.655597431682,0.6791113947608047
2891.6525901591503,0.6789044053679697
2893.650962974944,0.6786973976043718
2895.6507168328185,0.6784903715252966
2897.651852687189,0.6782833271860196
2899.654371493131,0.6780762646418061
2901.6582742063783,0.6778691839479108
2903.6635617833267,0.6776620851595784
2905.670235181032,0.6774549683320429
2907.678295357212,0.6772478335205282
2909.687743270246,0.6770406807802476
2911.6985798791757,0.676833510166404
2913.7108061437057,0.67662632173419
2915.724423024204,0.6764191155387876
2917.739431481702,0.6762118916353684
2919.7558324778984,0.6760046500790928
2921.773626975147,0.675797390925112
2923.792815936477,0.6755901142285657
2925.813400325578,0.6753828200445832
2927.8353811068077,0.6751755084282828
2929.8587592451895,0.6749681794347728
2931.8835357064127,0.6747608331191505
2933.909711456836,0.6745534695365026
2935.9372874634837,0.6743460887419052
2937.96626469405,0.6741386907904232
2939.9966441168976,0.6739312757371113
2942.028426701058,0.6737238436370133
2944.0616134162324,0.6735163945451619
2946.0962052327923,0.6733089285165791
2948.1322031217796,0.6731014456062764
2950.169608054908,0.672893945869254
2952.2084210045623,0.6726864293605014
2954.2486429438018,0.6724788961349968
2956.2902748463493,0.6722713462477083
2958.333317686611,0.6720637797535924
2960.377772439661,0.6718561967075948
2962.4236400812497,0.6716485971646501
2964.4709215878,0.6714409811796817
2966.5196179364116,0.6712333488076024
2968.569730104857,0.6710257001033136
2970.6212590715863,0.6708180351217057
2972.6742058157247,0.670610353917658
2974.728571317075,0.6704026565460385
2976.784356556116,0.670194943061704
2978.841562514005,0.6699872135195006
2980.9001901725774,0.6697794679742627
2982.9602405143464,0.6695717064808135
2985.0217145225047,0.669363929093965
2987.0846131809244,0.6691561358685182
2989.1489374741604,0.668948326859262
2991.2146883874393,0.6687405021209752
2993.2818669066774,0.6685326617084243
2995.350474018469,0.6683248056763645
2997.4205107100906,0.66811693407954
2999.4919779695015,0.6679090469726833
3001.5648767853427,0.6677011444105155
3003.639208146939,0.6674932264477462
3005.714973044299,0.6672852931390738
3007.792172468115,0.6670773445391847
3009.870807409765,0.6668693807027541
3011.9508788613107,0.6666614016844457
3014.0323878155,0.6664534075389112
3016.1153352657675,0.6662453983207912
3018.1997222062337,0.6660373740847145
3020.2855496317065,0.6658293348852982
3022.372818537683,0.6656212807771473
3024.4615299203415,0.6654132118148564
3026.551684776556,0.6652051280530069
3028.643284103887,0.6649970295461693
3030.736328900584,0.6647889163489024
3032.8308201655873,0.6645807885157524
3034.926758898527,0.6643726461012547
3037.0241460997236,0.6641644891599322
3039.12298277019,0.6639563177462963
3041.2232699116294,0.6637481319148464
3043.325008526438,0.6635399317200699
3045.428199617706,0.6633317172164425
3047.5328441892143,0.6631234884584278
3049.63894324544,0.6629152455004775
3051.746497791552,0.6627069883970315
3053.8555088334156,0.6624987172025172
3055.9659773775907,0.6622904319713504
3058.0779044313363,0.6620821327579345
3060.191291002597,0.6618738196166615
3062.3061381000252,0.6616654926019107
3064.422446732965,0.6614571517680493
3066.5402179114594,0.6612487971694326
3068.65945264625,0.6610404288604036
3070.7801519487753,0.6608320468952932
3072.9023168311737,0.6606236513284199
3075.025948306283,0.6604152422140903
3077.151047387642,0.6602068196065984
3079.277615089487,0.6599983835602261
3081.4056524267585,0.6597899341292431
3083.5351604150965,0.6595814713679066
3085.6661400708435,0.6593729953304615
3087.798592411044,0.6591645060711404
3089.932518453446,0.6589560036441635
3092.0679192165003,0.6587474881037385
3094.204795719365,0.6585389595040605
3096.3431489818927,0.6583304178993131
3098.4829800246503,0.6581218633436663
3100.624289868908,0.657913295891278
3102.76707953664,0.6577047155962937
3104.9113500505273,0.6574961225128462
3107.057102433959,0.6572875166950559
3109.204337711029,0.6570788981970305
3111.353056906542,0.656870267072865
3113.503261046008,0.6566616233766421
3115.6549511556473,0.6564529671624315
3117.8081282623893,0.6562442984842904
3119.9627933938727,0.6560356173962634
3122.1189475784468,0.6558269239523821
3124.2765918451705,0.6556182182066655
3126.435727223816,0.65540950021312
3128.5963547448678,0.655200770025739
3130.7584754395148,0.6549920276985034
3132.922090339667,0.6547832732853809
3135.087200477946,0.6545745068403266
3137.253806887685,0.6543657284172826
3139.4219106029327,0.654156938070178
3141.5915126584514,0.6539481358529295
3143.762614089719,0.6537393218194404
3145.93521593293,0.6535304960236009
3148.109319224993,0.6533216585192888
3150.2849250035347,0.6531128093603685
3152.4620343068987,0.6529039486006915
3154.640648174145,0.652695076294096
3156.8207676450534,0.6524861924944075
3159.002393760121,0.6522772972554385
3161.1855275605644,0.6520683906309879
3163.3701700883203,0.6518594726748418
3165.5563223860477,0.6516505434407729
3167.743985497117,0.6514416029825414
3169.93316046563,0.6512326513538935
3172.123848336405,0.6510236886085629
3174.3160501549837,0.650814714800269
3176.509766967631,0.6506057299827193
3178.7049998213333,0.6503967342096069
3180.9017497638015,0.6501877275346122
3183.10001784347,0.6499787100114021
3185.2998051094983,0.6497696816936301
3187.501112611771,0.6495606426349365
3189.7039414008973,0.6493515928889483
3191.9082925282137,0.6491425325092786
3194.114167045783,0.6489334615495275
3196.321566006394,0.6487243800632815
3198.5304904635636,0.6485152881041137
3200.740941471538,0.6483061857255839
3202.952920085294,0.6480970729812374
3205.1664273605275,0.6478879499246077
3207.381464353674,0.6476788166092132
3209.5980321218967,0.6474696730885595
3211.8161317230883,0.6472605194161383
3214.0357642158733,0.6470513556454277
3216.256930659607,0.6468421818298923
3218.479632114377,0.6466329980229828
3220.703869641005,0.6464238042781365
3222.929644301044,0.6462146006487769
3225.1569571567807,0.6460053871883136
3227.385809271237,0.6457961639501427
3229.616201708169,0.6455869309876464
3231.8481355320673,0.645377688354193
3234.0816118081593,0.6451684361031372
3236.3166316024076,0.6449591742878199
3238.5531959815153,0.6447499029615675
3240.791306012912,0.6445406221776938
3243.0309627647766,0.6443313319894975
3245.272167306021,0.644122032450264
3247.514920706297,0.6439127236132645
3249.7592240359945,0.6437034055317563
3252.0050783662446,0.6434940782589829
3254.2524847689174,0.6432847418481735
3256.5014443166247,0.6430753963525434
3258.7519580827184,0.642866041825294
3261.0040271412936,0.6426566783196126
3263.257652567187,0.642447305888672
3265.512835435977,0.6422379245856316
3267.769576823988,0.642028534463636
3270.027877808285,0.641819135575816
3272.28773946668,0.6416097279752884
3274.5491628777286,0.6414003117151553
3276.812149120735,0.6411908868485048
3279.0766992757394,0.6409814534284113
3281.3428144235395,0.6407720115079342
3283.6104956456747,0.640562561140119
3285.879744024434,0.6403531023779968
3288.150560642852,0.6401436352745843
3290.4229465847134,0.639934159882884
3292.6969029345514,0.6397246762558841
3294.9724307776487,0.6395151844465584
3297.2495312000383,0.639305684507866
3299.528205288503,0.639096176492752
3301.8084541305775,0.6388866604541468
3304.0902788145477,0.6386771364449664
3306.3736804294517,0.6384676045181124
3308.65866006508,0.6382580647264718
3310.9452188119762,0.6380485171229171
3313.233357761438,0.6378389617603063
3315.5230780055203,0.6376293986914825
3317.8143806370226,0.637419827969275
3320.10726674951,0.637210249646498
3322.4017374372993,0.6370006637759507
3324.697793795465,0.6367910704104184
3326.995436919836,0.6365814696026711
3329.294667907001,0.6363718614054645
3331.595487854305,0.6361622458715397
3333.897897859852,0.6359526230536224
3336.2018990225047,0.6357429930044245
3338.507492441885,0.6355333557766423
3340.814679218375,0.6353237114229577
3343.123460453118,0.6351140599960378
3345.4338372480156,0.6349044015485348
3347.7458107057346,0.634694736133086
3350.0593819297014,0.634485063802314
3352.3745520241087,0.6342753846088259
3354.6913220939027,0.6340656986052152
3357.0096932448027,0.6338560058440593
3359.32966658329,0.633646306377921
3361.6512432166082,0.633436600259348
3363.974424252769,0.6332268875408733
3366.299210800548,0.6330171682750146
3368.6256039694867,0.6328074425142748
3370.953604869895,0.6325977103111415
3373.283214612849,0.6323879717180875
3375.614434310193,0.6321782267875703
3377.9472650745397,0.6319684755720323
3380.28170801927,0.6317587181239009
3382.6177642585358,0.6315489544955883
3384.9554349072573,0.6313391847394914
3387.2947210811258,0.6311294089079921
3389.6356238966046,0.6309196270534568
3391.97814447093,0.6307098392282368
3394.3222839221025,0.6305000454846685
3396.6680433689035,0.6302902458750728
3399.015423930885,0.6300804404517547
3401.3644267283726,0.629870629267005
3403.7150528824664,0.6296608123730981
3406.0673035150407,0.6294509898222939
3408.4211797487455,0.6292411616668362
3410.7766827070072,0.6290313279589539
3413.1338135140277,0.6288214887508603
3415.4925732947854,0.6286116440947533
3417.852963175038,0.6284017940428156
3420.2149842813187,0.6281919386472138
3422.5786377409418,0.6279820779600995
3424.943924681999,0.6277722120336088
3427.3108462333616,0.627562340919862
3429.679403524682,0.6273524646709638
3432.049597686396,0.6271425833390036
3434.421429849711,0.6269326969760555
3436.794901146625,0.6267228056341771
3439.1700127099166,0.6265129093654113
3441.546765673146,0.6263030082217845
3443.925161170658,0.626093102255308
3446.30520033758,0.6258831915179773
3448.686884309825,0.6256732760617723
3451.0702142240903,0.6254633559386564
3453.4551912178586,0.6252534312005784
3455.841816429399,0.6250435018994707
3458.230090997768,0.6248335680872498
3460.6200160628077,0.6246236298158167
3463.0115927651495,0.6244136871370564
3465.404822246212,0.6242037401028381
3467.799705648203,0.6239937887650151
3470.1962441141236,0.6237838331754247
3472.594438787753,0.623573873385889
3474.9942908136723,0.6233639094482131
3477.3958013372508,0.6231539414141868
3479.798971504648,0.6229439693355838
3482.2038024628155,0.6227339932641618
3484.610295359499,0.6225240132516625
3487.0184513432364,0.6223140293498116
3489.4282715633585,0.6221040416103186
3491.839757169992,0.6218940500848773
3494.252909314058,0.6216840548251651
3496.6677291472715,0.6214740558828432
3499.084217822146,0.621264053309557
3501.502376491989,0.6210540471569357
3503.922206310907,0.6208440374765921
3506.3437084338025,0.6206340243201232
3508.766884016377,0.6204240077391093
3511.1917342151346,0.6202139877851146
3513.618260187367,0.6200039645096879
3516.046463091177,0.6197939379643607
3518.476344085464,0.6195839082006485
3520.907904329928,0.6193738752700507
3523.3411449850714,0.6191638392240504
3525.776067212197,0.6189538001141139
3528.212672173412,0.6187437579916918
3530.6509610316257,0.618533712908218
3533.090934950551,0.6183236649151098
3535.5325950947054,0.6181136140637686
3537.9759426294104,0.6179035604055789
3540.4209787207938,0.617693503991909
3542.8677045357895,0.6174834448741108
3545.3161212421364,0.6172733831035194
3547.7662300083816,0.6170633187314537
3550.218032003879,0.6168532518092159
3552.671528398796,0.6166431823880915
3555.1267203640955,0.61643311051935
3557.583609071561,0.616223036254244
3560.042195693784,0.6160129596440094
3562.5024814041644,0.6158028807398653
3564.964467376913,0.6155927995930147
3567.4281547870537,0.6153827162546436
3569.893544810421,0.6151726307759212
3572.360638623663,0.6149625432080004
3574.8294374042393,0.6147524536020169
3577.2999423304254,0.6145423620090903
3579.7721545813097,0.614332268480323
3582.246075336796,0.6141221730668004
3584.721705777603,0.6139120758195917
3587.1990470852656,0.6137019767897489
3589.6781004421355,0.6134918760283075
3592.158867031385,0.6132817735862853
3594.641348036993,0.6130716695146848
3597.125544643767,0.6128615638644903
3599.611458037332,0.6126514566866695
3602.0990894041292,0.6124413480321734
3604.588439931422,0.6122312379519359
3607.079510807293,0.612021126496874
3609.5723032206465,0.6118110137178876
3612.0668183612083,0.6116008996658598
3614.563057419527,0.6113907843916565
3617.0610215869724,0.6111806679461269
3619.5607120557393,0.6109705503801026
3622.0621300188454,0.6107604317443986
3624.5652766701332,0.6105503120898128
3627.0701532042704,0.6103401914671256
3629.57676081675,0.6101300699271006
3632.0851007038914,0.6099199475204843
3634.5951740628443,0.6097098242980055
3637.106982091575,0.6094997003103769
3639.620525988888,0.609289575608293
3642.135806954414,0.6090794502424314
3644.6528261886106,0.6088693242634525
3647.1715848927674,0.6086591977219996
3649.692084269002,0.6084490706686984
3652.214325520265,0.6082389431541575
3654.738309850336,0.6080288152289682
3657.264038463828,0.6078186869437044
3659.7915125661866,0.6076085583489228
3662.3207333636897,0.6073984294951624
3664.851702063449,0.6071883004329454
3667.384419873411,0.6069781712127759
3669.9188880023557,0.6067680418851411
3672.4551076599005,0.6065579125005106
3674.9930800565003,0.6063477831093362
3677.5328064034366,0.6061376537620532
3680.0742879128393,0.6059275245090785
3682.617525797671,0.6057173954008117
3685.1625212717345,0.605507266487635
3687.70927554967,0.6052971378199129
3690.257789846957,0.6050870094479925
3692.808065379916,0.6048768814222034
3695.3601033657073,0.6046667537928572
3697.913905022333,0.6044566266102482
3700.469471568636,0.6042464999246532
3703.0268042243024,0.6040363737863309
3705.585904209861,0.6038262482455226
3708.146772746684,0.603616123352452
3710.709411056987,0.6034059991573248
3713.2738203638314,0.6031958757103295
3715.8400018911234,0.6029857530616362
3718.407956863619,0.6027756312613972
3720.9776865069084,0.6025655103597481
3723.549192047441,0.6023553904068059
3726.1224747125098,0.6021452714526694
3728.6975357302554,0.6019351535474203
3731.2743763296685,0.6017250367411222
3733.8529977405874,0.6015149210838207
3736.4334011937017,0.6013048066255435
3739.015587920551,0.6010946934163008
3741.599559153526,0.6008845815060845
3744.1853161258687,0.6006744709448685
3746.772860071674,0.600464361782609
3749.36219222589,0.6002542540692442
3751.953313824317,0.6000441478546941
3754.5462261036096,0.5998340431888609
3757.1409303012783,0.5996239401216287
3759.7374276556875,0.5994138387028635
3762.3357194060623,0.599203738982413
3764.9358067924713,0.5989936410101075
3767.537691055853,0.598783544835759
3770.1413734379985,0.5985734505091608
3772.746855181558,0.5983633580800884
3775.3541375300406,0.5981532675982996
3777.9632217278136,0.5979431791135333
3780.574109020105,0.5977330926755106
3783.186800653004,0.5975230083339345
3785.801297873459,0.5973129261384894
3788.4176019292827,0.5971028461388419
3791.035714069148,0.5968927683846399
3793.6556355425923,0.5966826929255136
3796.277367600015,0.5964726198110742
3798.900911492681,0.5962625490909153
3801.5262684727195,0.5960524808146116
3804.153439793128,0.5958424150317194
3806.7824267077604,0.5956323517917778
3809.4132304713457,0.595422291144306
3812.0458523394796,0.5952122331388057
3814.6802935686223,0.5950021778247597
3817.316555416105,0.594792125251633
3819.954639140126,0.5945820754688715
3822.594545999754,0.5943720285259031
3825.2362772549272,0.5941619844721368
3827.8798341664556,0.5939519433569636
3830.525217996019,0.5937419052297555
3833.17243000617,0.5935318701398661
3835.8214714603346,0.5933218381366309
3838.47234362281,0.5931118092693661
3841.125047758769,0.59290178358737
3843.779585134257,0.5926917611399217
3846.435957016196,0.5924817419762822
3849.0941646723863,0.5922717261456933
3851.754209371493,0.592061713697379
3854.4160923830696,0.5918517046805439
3857.0798149775433,0.5916416991443741
3859.745378426219,0.591431697138037
3862.41278400128,0.5912216987106812
3865.0820329757903,0.5910117039114369
3867.7531266236915,0.5908017127894152
3870.426066219806,0.5905917253937085
3873.1008530398394,0.5903817417733905
3875.777488360376,0.5901717619775161
3878.4559734588843,0.5899617860551212
3881.1363096137147,0.5897518140552231
3883.8184981041013,0.5895418460268202
3886.502540210162,0.589331882018892
3889.1884372129,0.5891219220803988
3891.8761903942036,0.5889119662602825
3894.56580103685,0.5887020146074655
3897.257270424493,0.5884920671708522
3899.950599841683,0.5882821239993273
3902.645790573856,0.5880721851417565
3905.342843907336,0.5878622506469867
3908.0417611293346,0.587652320563846
3910.742543527955,0.587442394941143
3913.4451923921893,0.5872324738276677
3916.1497090119205,0.5870225572721909
3918.8560946779235,0.5868126453234642
3921.5643506818647,0.5866027380302202
3924.274478316304,0.5863928354411725
3926.986478874693,0.5861829376050155
3929.700353651379,0.5859730445704244
3932.4161039416026,0.5857631563860554
3935.1337310415006,0.5855532731005452
3937.853236248108,0.5853433947625114
3940.5746208593446,0.5851335214205531
3943.2978861740403,0.5849236531232493
3946.0230334919183,0.5847137899191602
3948.7500641135985,0.5845039318568265
3951.478979340601,0.5842940789847696
3954.2097804753457,0.5840842313514921
3956.9424688211516,0.5838743890054767
3959.6770456822383,0.5836645519951873
3962.4135123637275,0.583454720369068
3965.1518701716427,0.5832448941755437
3967.8921204129097,0.5830350734630202
3970.6342643953576,0.5828252582798836
3973.378303427719,0.5826154486745008
3976.1242388196315,0.5824056446952189
3978.8720718816376,0.5821958463903663
3981.6218039251853,0.5819860538082511
3984.3734362626333,0.5817762669971623
3987.126970207234,0.58156648600537
3989.8824070731616,0.5813567108811238
3992.6397481754925,0.5811469416726545
3995.3989948302133,0.5809371784281729
3998.1601483542186,0.5807274211958707
4000.9232100653144,0.5805176700239197
4003.688181282217,0.5803079249604723
4006.455063324554,0.5800981860536611
4009.2238575128645,0.5798884533515993
4011.994565168601,0.5796787269023804
4014.767187614129,0.5794690067540783
4017.5417261727275,0.5792592929547472
4020.3181821685903,0.5790495855524216
4023.0965569268265,0.5788398845951163
4025.87685177346,0.5786301901308265
4028.659068035433,0.5784205022075276
4031.443207040607,0.578210820873175
4034.229270117749,0.5780011461757053
4037.017258596558,0.5777914781630341
4039.8071738076464,0.577581816883058
4042.599017082547,0.5773721623836534
4045.3927897537123,0.5771625147126772
4048.188493154516,0.5769528739179662
4050.986128619253,0.5767432400473377
4053.7856974831407,0.5765336131485886
4056.5872010823186,0.5763239932694965
4059.39064075385,0.5761143804578186
4062.196017835722,0.5759047747612924
4065.0033336668475,0.5756951762276357
4067.8125895870626,0.575485584904546
4070.6237869371307,0.5752760008397011
4073.4369270587417,0.5750664240807587
4076.252011294517,0.5748568546753562
4079.0690409879926,0.5746472926711118
4081.8880174836468,0.574437738115623
4084.708942126881,0.5742281910564676
4087.5318162640283,0.5740186515412031
4090.356641242351,0.573809119617367
4093.183418410043,0.573599595332477
4096.012149116229,0.5733900787340301
4098.842834710968,0.5731805698695037
4101.6754765452515,0.5729710687863552
4104.510075971001,0.5727615755320211
4107.346634341079,0.5725520901539186
4110.185153009276,0.5723426126994442
4113.025633330323,0.5721331432159743
4115.868076659885,0.5719236817508653
4118.712484354565,0.5717142283514532
4121.558857771903,0.5715047830650537
4124.407198270379,0.5712953459389621
4127.257507209405,0.5710859170204542
4130.109785949339,0.5708764963567848
4132.964035851479,0.5706670839951885
4135.820258278061,0.5704576799828799
4138.678454592266,0.5702482843670528
4141.538626158212,0.5700388971948809
4144.400774340963,0.5698295185135176
4147.264900506527,0.569620148370096
4150.131006021855,0.5694107868117285
4152.999092254841,0.5692014338855076
4155.869160574328,0.5689920896385047
4158.741212350102,0.5687827541177712
4161.615248952895,0.5685734273703382
4164.49127175439,0.568364109443216
4167.369282127214,0.5681548003833945
4170.249281444946,0.5679455002378432
4173.131271082117,0.5677362090535106
4176.015252414192,0.5675269268773259
4178.901226817606,0.5673176537561966
4181.789195669735,0.5671083897370099
4184.67916034891,0.5668991348666328
4187.571122234414,0.5666898891919112
4190.4650827064825,0.5664806527596709
4193.361043146306,0.5662714256167166
4196.259004936027,0.5660622078098327
4199.158969458747,0.5658529993857832
4202.060938098521,0.5656438003913107
4204.96491224036,0.5654346108731376
4207.870893270233,0.5652254308779658
4210.778882575068,0.5650162604524761
4213.688881542748,0.5648070996433289
4216.6008915621205,0.5645979484971634
4219.514914022992,0.5643888070605984
4222.430950316119,0.5641796753802322
4225.349001833232,0.5639705535026419
4228.2690699670175,0.5637614414743839
4231.191156111127,0.5635523393419939
4234.115261660174,0.5633432471519866
4237.041388009734,0.563134164950856
4239.969536556348,0.5629250927850752
4242.899708697526,0.5627160307010965
4245.8319058317375,0.5625069787453513
4248.7661293584215,0.56229793696425
4251.702380677985,0.5620889054041823
4254.640661191802,0.5618798841115169
4257.580972302213,0.5616708731326013
4260.523315412531,0.5614618725137624
4263.467691927037,0.5612528823013062
4266.414103250982,0.5610439025415171
4269.3625507905945,0.5608349332806589
4272.313035953059,0.5606259745649751
4275.265560146548,0.560417026440687
4278.2201247802,0.5602080889539955
4281.176731264131,0.5599991621510804
4284.135381009431,0.5597902460781
4287.09607542816,0.5595813407811923
4290.058815933359,0.5593724463064733
4293.023603939046,0.5591635627000389
4295.990440860212,0.5589546900079628
4298.959328112831,0.5587458282762985
4301.93026711385,0.5585369775510778
4304.9032592812,0.5583281378783115
4307.878306033789,0.5581193093039892
4310.855408791506,0.5579104918740794
4313.834568975224,0.5577016856345292
4316.815788006794,0.5574928906312645
4319.799067309055,0.5572841069101898
4322.78440830582,0.5570753345171894
4325.771812421893,0.5568665734981251
4328.7612810830615,0.5566578238988377
4331.7528157161,0.556449085765147
4334.746417748765,0.5562403591428514
4337.742088609804,0.5560316440777278
4340.739829728949,0.5558229406155321
4343.739642536921,0.5556142488019984
4346.741528465428,0.5554055686828399
4349.74548894717,0.5551969003037479
4352.751525415836,0.554988243710393
4355.759639306107,0.5547795989484239
4358.769832053653,0.5545709660634678
4361.782105095138,0.5543623451011309
4364.796459868218,0.5541537361069977
4367.812897811549,0.5539451391266308
4370.831420364764,0.5537365542055724
4373.852028968508,0.5535279813893426
4376.8747250644155,0.5533194207234396
4379.899510095117,0.5531108722533408
4382.92638550424,0.5529023360245015
4385.955352736411,0.5526938120823559
4388.986413237255,0.5524853004723164
4392.019568453393,0.5522768012397739
4395.054819832449,0.5520683144300975
4398.092168823045,0.5518598400886353
4401.131616874806,0.5516513782607132
4404.173165438359,0.5514429289916356
4407.216815965331,0.5512344923266854
4410.2625699083555,0.5510260683111239
4413.310428721067,0.5508176569901905
4416.360393858106,0.550609258409103
4419.412466775123,0.5504008726130573
4422.46664892876,0.5501924996472285
4425.5229417766795,0.5499841395567691
4428.581346777548,0.5497757923868098
4431.641865391039,0.5495674581824601
4434.704499077834,0.5493591369888076
4437.769249299626,0.5491508288509177
4440.836117519116,0.5489425338138345
4443.905105200017,0.5487342519225802
4446.976213807053,0.5485259832221551
4450.049444805962,0.5483177277575375
4453.124799663493,0.5481094855736842
4456.202279847408,0.5479012567155301
4459.281886826487,0.5476930412279881
4462.36362207052,0.5474848391559493
4465.447487050317,0.5472766505442825
4468.533483237703,0.5470684754378355
4471.621612105524,0.5468603138814331
4474.711875127629,0.5466521659198792
4477.804273778905,0.5464440315979552
4480.898809535246,0.5462359109604203
4483.99548387357,0.5460278040520126
4487.094298271818,0.545819710917447
4490.195254208947,0.5456116316014175
4493.298353164939,0.5454035661485954
4496.4035966208,0.5451955146036305
4499.510986058557,0.54498747701115
4502.620522961262,0.5447794534157595
4505.732208812993,0.5445714438620424
4508.846045098853,0.54436344839456
4511.96203330497,0.5441554670578513
4515.0801749185,0.5439474998964338
4518.200471427629,0.5437395469548021
4521.322924321572,0.543531608277429
4524.447535090561,0.5433236839087658
4527.574305225874,0.5431157738932408
4530.7032362198115,0.5429078782752604
4533.834329565707,0.5426999970992088
4536.967586757926,0.542492130409448
4540.103009291867,0.542284278250318
4543.240598663961,0.5420764406661363
4546.380356371674,0.5418686177011983
4549.522283913506,0.5416608093997771
4552.666382788992,0.5414530158061238
4555.812654498708,0.5412452369644668
4558.96110054426,0.5410374729190126
4562.111722428297,0.5408297237139451
4565.264521654504,0.5406219893934263
4568.419499727606,0.5404142700015954
4571.576658153368,0.5402065655825695
4574.735998438599,0.5399988761804432
4577.897522091138,0.5397912018392894
4581.061230619876,0.5395835426031579
4584.227125534747,0.5393758985160764
4587.395208346724,0.5391682696220498
4590.565480567826,0.5389606559650614
4593.737943711119,0.5387530575890714
4596.912599290711,0.5385454745380179
4600.089448821759,0.5383379068558163
4603.268493820467,0.5381303545863598
4606.4497358040835,0.537922817773519
4609.63317629091,0.5377152964611422
4612.818816800295,0.5375077906930549
4616.006658852638,0.5373003005130601
4619.196703969387,0.5370928259649388
4622.388953673045,0.5368853670924487
4625.583409487168,0.5366779239393255
4628.7800729363535,0.5364704965492824
4631.978945546266,0.5362630849660097
4635.18002884362,0.5360556892331753
4638.383324356183,0.5358483093944244
4641.588833612782,0.5356409454933797
4644.796558143297,0.5354335975736413
4648.006499478669,0.5352262656787864
4651.218659150893,0.53501894985237
4654.433038693023,0.5348116501379241
4657.649639639178,0.5346043665789583
4660.86846352453,0.5343970992189591
4664.089511885317,0.5341898481013908
4667.312786258835,0.5339826132696949
4670.538288183447,0.5337753947672899
4673.766019198573,0.5335681926375716
4676.995980844703,0.5333610069239136
4680.228174663393,0.5331538376696657
4683.462602197249,0.5329466849181566
4686.69926498996,0.5327395487126906
4689.938164586278,0.5325324290965499
4693.179302532018,0.5323253261129939
4696.422680374066,0.5321182398052592
4699.668299660379,0.5319111702165593
4702.916161939979,0.5317041173900855
4706.166268762963,0.5314970813690054
4709.418621680498,0.5312900621964646
4712.673222244821,0.531083059915585
4715.930072009243,0.5308760745694663
4719.18917252815,0.530669106201185
4722.4505253570005,0.5304621548537948
4725.714132052328,0.5302552205703263
4728.979994171741,0.5300483033937874
4732.248113273927,0.5298414033671628
4735.518490918653,0.5296345205334143
4738.79112866675,0.5294276549354815
4742.066028080145,0.5292208066162799
4745.343190721834,0.5290139756187026
4748.622618155898,0.5288071619856195
4751.904311947495,0.5286003657598776
4755.18827366287,0.5283935869843011
4758.474504869347,0.5281868257016906
4761.763007135331,0.5279800819548243
4765.053782030314,0.5277733557864567
4768.3468311248735,0.5275666472393199
4771.642155990669,0.5273599563561223
4774.93975820045,0.5271532831795499
4778.23963932805,0.5269466277522648
4781.541800948389,0.5267399901169066
4784.846244637481,0.5265333703160915
4788.152971972428,0.5263267683924125
4791.46198453141,0.52612018438844
4794.773283893713,0.5259136183467206
4798.086871639708,0.5257070703097778
4801.402749350858,0.5255005403201124
4804.720918609722,0.5252940284202016
4808.041380999948,0.5250875346524994
4811.364138106283,0.5248810590594366
4814.689191514564,0.5246746016834211
4818.016542811729,0.524468162566837
4821.346193585811,0.5242617417520458
4824.678145425939,0.5240553392813851
4828.0123999223415,0.5238489551971698
4831.348958666345,0.5236425895416912
4834.68782325038,0.5234362423572172
4838.02899526797,0.5232299136859927
4841.372476313744,0.5230236035702391
4844.718267983441,0.5228173120521543
4848.066371873882,0.5226110391739136
4851.4167895830105,0.5224047849776683
4854.769522709867,0.5221985495055462
4858.124572854598,0.5219923327996523
4861.481941618456,0.5217861349020677
4864.841630603802,0.5215799558548505
4868.2036414140985,0.5213737957000352
4871.567975653923,0.5211676544796329
4874.934634928957,0.5209615322356311
4878.303620845995,0.5207554290099945
4881.674935012939,0.5205493448446635
4885.048579038806,0.5203432797815558
4888.42455453372,0.520137233862565
4891.802863108921,0.5199312071295619
4895.183506376762,0.5197251996243929
4898.5664859507115,0.5195192113888818
4901.951803445354,0.5193132424648281
4905.339460476379,0.5191072928940088
4908.729458660607,0.5189013627181764
4912.121799615968,0.5186954519790605
4915.516484961512,0.5184895607183665
4918.913516317409,0.5182836889777768
4922.312895304947,0.5180778367989499
4925.714623546536,0.517872004223521
4929.118702665705,0.5176661912931013
4932.525134287107,0.517460398049279
4935.933920036517,0.5172546245336179
4939.345061540832,0.5170488707876589
4942.758560428077,0.5168431368529188
4946.174418327399,0.5166374227708911
4949.592636869072,0.5164317285830451
4953.013217684496,0.516226054330827
4956.436162406205,0.5160204000556587
4959.861472667844,0.5158147657989396
4963.289150104205,0.5156091516020441
4966.7191963512005,0.5154035575063234
4970.151613045878,0.515197983553105
4973.586401826412,0.5149924297836926
4977.023564332114,0.5147868962393662
4980.463102203425,0.5145813829613822
4983.905017081918,0.5143758899909728
4987.349310610307,0.5141704173693469
4990.795984432435,0.5139649651376893
4994.245040193284,0.5137595333371611
4997.696479538971,0.5135541220088997
5001.1503041167525,0.5133487311940186
5004.606515575023,0.5131433609336074
5008.065115563314,0.512938011268732
5011.526105732301,0.5127326822404343
5014.989487733802,0.5125273738897326
5018.4552632207615,0.512322086257621
5021.923433847283,0.51211681938507
5025.394001268609,0.5119115733130262
5028.866967141122,0.511706348082412
5032.342333122352,0.5115011437341261
5035.820100870976,0.5112959603090435
5039.300272046813,0.5110907978480148
5042.782848310832,0.5108856563918671
5046.267831325151,0.5106805359814035
5049.755222753032,0.5104754366574028
5053.245024258892,0.5102703584606201
5056.737237508295,0.5100653014317865
5060.231864167956,0.5098602656116092
5063.728905905742,0.5096552510407711
5067.228364390675,0.5094502577599316
5070.730241292927,0.5092452858097254
5074.234538283832,0.5090403352307631
5077.741257035862,0.508835406063633
5081.25039922266,0.5086304983488974
5084.761966519023,0.5084256121270951
5088.275960600904,0.5082207474387413
5091.792383145412,0.5080159043243265
5095.311235830817,0.5078110828243174
5098.832520336551,0.5076062829791567
5102.356238343203,0.5074015048292628
5105.882391532524,0.5071967484150302
5109.410981587429,0.5069920137768288
5112.942010191996,0.5067873009550052
5116.475479031465,0.5065826099898812
5120.011389792241,0.5063779409217546
5123.549744161896,0.506173293790899
5127.090543829167,0.5059686686375641
5130.633790483964,0.5057640655019751
5134.179485817347,0.5055594844243329
5137.727631521565,0.5053549254448148
5141.278229290026,0.5051503886035733
5144.831280817311,0.504945873940737
5148.386787799173,0.5047413814964101
5151.944751932535,0.5045369113106727
5155.505174915493,0.5043324634235805
5159.068058447316,0.5041280378751651
5162.633404228451,0.5039236347054338
5166.201213960514,0.5037192539543695
5169.7714893463035,0.5035148956619309
5173.344232089789,0.5033105598680524
5176.919443896122,0.5031062466126442
5180.4971264716305,0.5029019559355921
5184.077281523821,0.5026976878767574
5187.65991076138,0.5024934424759774
5191.245015894183,0.5022892197730643
5194.832598633268,0.5020850198078076
5198.422660690874,0.501880842619971
5202.015203780415,0.5016766882492941
5205.610229616491,0.5014725567354923
5209.2077399148875,0.5012684481182564
5212.807736392574,0.5010643624372533
5216.410220767709,0.5008602997321249
5220.015194759635,0.5006562600424889
5223.622660088886,0.5004522434079388
5227.232618477182,0.5002482498680435
5230.845071647436,0.5000442794623473
5234.46002132375,0.4998403322303703
5238.077469231417,0.4996364082116081
5241.697417096923,0.49943250744553164
5245.3198666479475,0.4992286299715876
5248.944819613364,0.49902477582919813
5252.572277723245,0.49882094505776076
5256.202242708843,0.49861713769664867
5259.834716302625,0.49841335378521046
5263.469700238245,0.49820959336277026
5267.107196250562,0.4980058564686275
5270.747206075629,0.4978021431420573
5274.3897314506985,0.49759845342231007
5278.034774114227,0.4973947873486117
5281.682335805869,0.4971911449601636
5285.332418266484,0.4969875262961425
5288.985023238132,0.4967839313957006
5292.64015246408,0.49658036029796554
5296.297807688797,0.49637681304204034
5299.957990657958,0.4961732896670032
5303.620703118446,0.4959697902119082
5307.28594681835,0.4957663147157841
5310.953723506972,0.4955628632176351
5314.624034934808,0.4953594357564422
5318.29688285358,0.49515603237115996
5321.972269016213,0.49495265310071895
5325.650195176847,0.4947492979840251
5329.33066309083,0.4945459670599595
5333.013674514726,0.4943426603673789
5336.699231206313,0.49413937794511487
5340.387334924581,0.4939361198319747
5344.077987429741,0.4937328860667407
5347.771190483215,0.4935296766881706
5351.466945847644,0.4933264917349975
5355.165255286887,0.49312333124592933
5358.866120566025,0.49292019525964975
5362.569543451354,0.4927170838148175
5366.275525710393,0.4925139969500665
5369.984069111883,0.49231093470400594
5373.6951754257925,0.49210789711522024
5377.408846423297,0.491904884222269
5381.125083876811,0.49170189606368714
5384.843889559969,0.4914989326779845
5388.565265247633,0.4912959941036466
5392.289212715889,0.4910930803791335
5396.015733742053,0.490890191542881
5399.744830104666,0.4906873276332998
5403.476503583502,0.4904844886887757
5407.2107559595615,0.4902816747476697
5410.947589015077,0.4900788858483181
5414.6870045335145,0.48987612202903213
5418.429004299571,0.48967338332809823
5422.173590099175,0.48947066978377796
5425.920763719492,0.48926798143430794
5429.670526948923,0.48906531831789996
5433.422881577102,0.48886268047274073
5437.177829394908,0.48866006793699174
5440.935372194439,0.488457480748791
5444.6955117690495,0.48825491894625017
5448.458249913328,0.48805238256745614
5452.223588423101,0.4878498716504713
5455.99152909544,0.4876473862333327
5459.762073728653,0.48744492635405273
5463.535224122297,0.48724249205061854
5467.310982077168,0.48704008336099247
5471.089349395308,0.4868377003231118
5474.870327880005,0.48663534297488886
5478.653919335791,0.48643301135421096
5482.440125568449,0.4862307054989404
5486.228948385006,0.4860284254469143
5490.02038959374,0.48582617123594507
5493.814451004178,0.48562394290381994
5497.611134427103,0.485421740488301
5501.410441674534,0.4852195640271253
5505.212374559756,0.485017413558005
5509.016934897305,0.4848152891186271
5512.824124502969,0.4846131907466533
5516.633945193791,0.48441111847972074
5520.44639878807,0.484209072355441
5524.261487105362,0.48400705241140063
5528.07921196648,0.4838050586851614
5531.899575193495,0.48360309121425954
5535.722578609738,0.48340115003620654
5539.5482240398,0.48319923518848834
5543.376513309531,0.4829973467085662
5547.207448246047,0.482795484633876
5551.041030677722,0.48259364900182844
5554.877262434196,0.4823918398498092
5558.716145346375,0.48219005721517855
5562.5576812464315,0.48198830113527136
5566.4018719677915,0.4817865716473987
5570.2487193451625,0.4815848687888451
5574.098225214516,0.4813831925968701
5577.950391413091,0.4811815431087083
5581.805219779396,0.4809799203615689
5585.66271215321,0.48077832439263607
5589.5228703755865,0.4805767552390686
5593.385696288848,0.4803752129380002
5597.25119173659,0.48017369752653916
5601.119358563684,0.4799722090417686
5604.990198616275,0.47977074752074667
5608.863713741786,0.4795693130005057
5612.739905788914,0.4793679055180532
5616.6187766076355,0.4791665251103713
5620.500328049204,0.47896517181441667
5624.384561966154,0.478763845667121
5628.271480212305,0.47856254670539033
5632.161084642739,0.47836127496610586
5636.053377113842,0.4781600304861229
5639.948359483272,0.47795881330227197
5643.846033609972,0.4777576234513579
5647.746401354173,0.47755646097015997
5651.649464577386,0.47735532589543406
5655.555225142415,0.4771542182639075
5659.463684913345,0.47695313811228446
5663.374845755554,0.476752085477243
5667.2887095357055,0.4765510603954364
5671.205278121756,0.47635006290349186
5675.124553382952,0.4761490930380116
5679.046537189831,0.47594815083557257
5682.9712314142225,0.4757472363327259
5686.898637929253,0.4755463495659977
5690.828758609346,0.4753454905718878
5694.761595330203,0.47514465938687267
5698.697149968842,0.4749438560474015
5702.635424403569,0.4747430805898984
5706.576420513991,0.4745423330507623
5710.520140181013,0.4743416134663668
5714.4665852868375,0.4741409218730597
5718.415757714971,0.4739402583071635
5722.3676593502205,0.4737396228049755
5726.322292078695,0.473539015402767
5730.279657787807,0.4733384361367844
5734.239758366275,0.4731378850432482
5738.202595704121,0.47293736215835364
5742.168171692673,0.4727368675182704
5746.136488224568,0.47253640115914247
5750.107547193749,0.4723359631170888
5754.081350495469,0.47213555342820246
5758.057900026296,0.47193517212855096
5762.037197684092,0.4717348192541765
5766.019245368045,0.4715344948410956
5770.004044978655,0.47133419892529943
5773.991598417731,0.4711339315427534
5777.9819075884,0.4709336927293974
5781.9749743951,0.4707334825211459
5785.970800743587,0.4705333009538877
5789.969388540935,0.4703331480634861
5793.9707396955355,0.47013302388577866
5797.974856117098,0.4699329284565776
5801.981739716653,0.4697328618116693
5805.99139240655,0.46953282398681484
5810.003816100462,0.4693328150177493
5814.019012713383,0.46913283494018254
5818.036984161631,0.4689328837897986
5822.057732362855,0.46873296160225536
5826.081259236011,0.4685330684131868
5830.1075667013965,0.46833320425819963
5834.136656680635,0.4681333691728753
5838.168531096674,0.4679335631927698
5842.203191873791,0.4677337863534133
5846.240640937594,0.46753403869031057
5850.280880215022,0.4673343202389404
5854.323911634345,0.4671346310347562
5858.369737125164,0.46693497111318544
5862.418358618416,0.4667353405096301
5866.469778046373,0.46653573925946656
5870.52399734264,0.46633616739804507
5874.581018442158,0.4661366249606907
5878.640843281208,0.4659371119827024
5882.703473797407,0.46573762849935374
5886.768911929712,0.4655381745458924
5890.837159618424,0.46533875015754034
5894.908218805172,0.4651393553694937
5898.9820914329375,0.46493999021692317
5903.058779446044,0.46474065473497345
5907.138284790159,0.4645413489587636
5911.22060941229,0.4643420729233868
5915.305755260796,0.4641428266639106
5919.393724285377,0.46394361021537683
5923.484518437083,0.4637444236128015
5927.578139668314,0.46354526689117465
5931.674589932816,0.46334614008546077
5935.773871185686,0.4631470432305986
5939.875985383375,0.4629479763615008
5943.980934483682,0.4627489395130545
5948.088720445762,0.4625499327201211
5952.199345230122,0.46235095601753584
5956.312810798625,0.46215200944010837
5960.429119114495,0.4619530930226219
5964.548272142296,0.4617542067998356
5968.670271847966,0.461555350806481
5972.795120198798,0.4613565250772643
5976.922819163442,0.46115772964686624
5981.053370711909,0.4609589645499412
5985.1867768155735,0.46076022982111786
5989.32303944717,0.4605615254949993
5993.462160580798,0.4603628516061625
5997.60414219192,0.46016420818915854
6001.748986257364,0.4599655952785127
6005.8966947553245,0.4597670129087245
6010.047269665363,0.45956846111426736
6014.20071296841,0.45936993992958886
6018.357026646762,0.45917144938911075
6022.516212684089,0.4589729895272289
6026.678273065436,0.45877456037831327
6030.843209777202,0.45857616197670764
6035.011024807177,0.45837779435673026
6039.181720144519,0.45817945755267325
6043.35529777976,0.45798115159880276
6047.531759704807,0.45778287652935923
6051.711107912946,0.4575846323785568
6055.893344398838,0.45738641918058404
6060.078471158525,0.45718823696960337
6064.266490189425,0.45699008577975125
6068.45740349034,0.45679196564513824
6072.65121306145,0.45659387659984885
6076.847920904321,0.4563958186779418
6081.047529021897,0.45619779191344967
6085.250039418514,0.455999796340379
6089.455454099885,0.45580183199271057
6093.663775073114,0.45560389890439895
6097.875004346697,0.45540599710937235
6102.089143930499,0.4552081266415345
6106.306195835793,0.4550102875347615
6110.526162075236,0.4548124798229041
6114.749044662875,0.4546147035397867
6118.9748456141515,0.4544169587192082
6123.203566945896,0.454219245394941
6127.4352106763345,0.45402156360073176
6131.6697788250885,0.4538239133703009
6135.907273413176,0.453626294737343
6140.147696463008,0.45342870773552646
6144.391049998398,0.45323115239849365
6148.637336044552,0.453033628759861
6152.886556628083,0.45283613685321855
6157.138713777,0.45263867671213076
6161.393809520712,0.45244124837013566
6165.651845890035,0.45224385186074534
6169.912824917192,0.45204648721744584
6174.176748635791,0.4518491544736969
6178.443619080867,0.4516518536629325
6182.7134382888535,0.4514545848185602
6186.986208297591,0.45125734797396183
6191.261931146327,0.4510601431624927
6195.540608875721,0.45086297041748247
6199.822243527842,0.45066582977223424
6204.106837146171,0.45046872126002535
6208.394391775598,0.4502716449141067
6212.684909462429,0.4500746007677034
6216.978392254384,0.4498775888540142
6221.274842200597,0.44968060920621183
6225.5742613516195,0.4494836618574427
6229.876651759419,0.44928674684082737
6234.182015477381,0.44908986418945995
6238.490354560317,0.4488930139364082
6242.801671064441,0.4486961961147149
6247.115967047403,0.4484994107573955
6251.433244568271,0.44830265789743956
6255.753505687539,0.44810593756781053
6260.076752467119,0.4479092498014457
6264.402986970353,0.44771259463125607
6268.732211262005,0.4475159720901268
6273.06442740827,0.4473193822109163
6277.399637476767,0.4471228250264574
6281.737843536546,0.4469263005695563
6286.079047658088,0.4467298088729932
6290.423251913301,0.446533349969522
6294.770458375529,0.44633692389187046
6299.1206691195475,0.4461405306727401
6303.4738862215645,0.4459441703448064
6307.830111759224,0.4457478429407181
6312.189347811611,0.44555154849309836
6316.5515964592305,0.44535528703454375
6320.9168597840435,0.44515905859762456
6325.285139869442,0.4449628632148851
6329.656438800259,0.44476670091884324
6334.030758662769,0.44457057174199066
6338.408101544686,0.44437447571679284
6342.78846953517,0.4441784128756889
6347.171864724822,0.44398238325109174
6351.558289205688,0.44378638687538813
6355.947745071262,0.44359042378093844
6360.340234416483,0.4433944940000768
6364.735759337738,0.44319859756511093
6369.134321932863,0.44300273450832267
6373.535924301143,0.4428069048619671
6377.940568543315,0.4426111086582734
6382.348256761567,0.4424153459294443
6386.758991059548,0.44221961670765547
6391.172773542337,0.4420239210250584
6395.589606316493,0.44182825891377625
6400.009491490019,0.44163263040590667
6404.432431172379,0.4414370355335208
6408.858427474493,0.44124147432866356
6413.287482508738,0.4410459468233537
6417.719598388955,0.4408504530495833
6422.154777230442,0.4406549930393185
6426.593021149962,0.4404595668244989
6431.034332265737,0.44026417443703775
6435.478712697456,0.44006881590882213
6439.926164566274,0.43987349127171266
6444.376689994806,0.4396782005575436
6448.830291107141,0.4394829437981229
6453.286970028832,0.4392877210252323
6457.7467288869075,0.43909253227062695
6462.209569809847,0.4388973775660358
6466.675494927621,0.4387022569431614
6471.144506371666,0.4385071704336799
6475.616606274888,0.4383121180692412
6480.091796771672,0.43811709988146874
6484.570079997875,0.4379221159019596
6489.051458090829,0.4377271661622846
6493.535933189348,0.43753225069398777
6498.023507433717,0.43733736952858737
6502.514182965707,0.43714252269757475
6507.007961928565,0.4369477102324153
6511.50484646702,0.43675293216454764
6516.004838727284,0.4365581885253843
6520.50794085705,0.4363634793463111
6525.0141550055,0.4361688046586878
6529.523483323294,0.43597416449384746
6534.035927962594,0.43577955888309633
6538.55149107702,0.43558498785771593
6543.070174821707,0.43539045144895966
6547.59198135327,0.435195949688055
6552.116912829815,0.4350014826062031
6556.6449714109385,0.43480705023457855
6561.176159257732,0.4346126526043298
6565.710478532777,0.4344182897465785
6570.247931400152,0.43422396169242017
6574.78852002543,0.4340296684729236
6579.332246575683,0.43383541011913146
6583.879113219475,0.43364118666205986
6588.429122126874,0.43344699813269827
6592.982275469446,0.43325284456200996
6597.538575420258,0.43305872598093165
6602.098024153877,0.4328646424203736
6606.6606238463755,0.4326705939112196
6611.226376675336,0.4324765804843271
6615.795284819823,0.43228260217052683
6620.367350460429,0.4320886590006233
6624.94257577925,0.4318947510053945
6629.520962959883,0.4317008782155918
6634.10251418744,0.43150704066194023
6638.687231648541,0.43131323837513835
6643.275117531316,0.43111947138585827
6647.866174025409,0.43092573972474546
6652.460403321977,0.43073204342241894
6657.05780761369,0.43053838250947146
6661.658389094735,0.43034475701646885
6666.262149960813,0.43015116697395095
6670.869092409146,0.4299576124124307
6675.47921863847,0.4297640933623948
6680.092530849045,0.42957060985430323
6684.709031242655,0.429377161918589
6689.3287220225875,0.42918374958566047
6693.95160539367,0.42899037288589753
6698.577683562252,0.42879703184965423
6703.206958736202,0.4286037265072581
6707.839433124917,0.42841045688901014
6712.475108939323,0.4282172230251849
6717.11398839187,0.4280240249460302
6721.756073696541,0.4278308626817677
6726.401367068844,0.4276377362625921
6731.049870725823,0.42744464571867186
6735.701586886051,0.4272515910801489
6740.3565177696355,0.42705857237713835
6745.014665598219,0.42686558963972904
6749.676032594978,0.4266726428979833
6754.340620984625,0.4264797321819367
6759.0084329934125,0.42628685752159834
6763.679470849135,0.42609401894695087
6768.35373678111,0.4259012164879503
6773.031233020211,0.425708450174526
6777.711961798852,0.4255157200365811
6782.395925350985,0.42532302610399186
6787.083125912109,0.425130368406608
6791.773565719267,0.42493774697425285
6796.467247011047,0.424745161836723
6801.164172027586,0.42455261302378866
6805.864343010568,0.4243601005651926
6810.567762203224,0.42416762449065365
6815.27443185034,0.4239751848298604
6819.98435419825,0.42378278161247734
6824.697531494841,0.42359041486814153
6829.413965989554,0.4233980846264637
6834.133659933384,0.4232057909170279
6838.856615578881,0.42301353376939166
6843.582835180161,0.4228213132130852
6848.312320992875,0.42262912927761404
6853.0450752742545,0.4224369819924553
6857.781100283082,0.4222448713870599
6862.520398279704,0.4220527974908527
6867.262971526027,0.42186076033323144
6872.008822285523,0.42166875994356734
6876.757952823224,0.4214767963512053
6881.510365405732,0.4212848695854633
6886.2660623012125,0.42109297967563286
6891.025045779399,0.420901126650979
6895.787318111596,0.42070931054073984
6900.552881570672,0.4205175313741272
6905.321738431073,0.420325789180326
6910.093890968812,0.4201340839884948
6914.869341461478,0.41994241582776537
6919.6480921882385,0.419750784727243
6924.430145429816,0.4195591907160061
6929.21550346853,0.4193676338231069
6934.004168588272,0.4191761140775705
6938.79614307451,0.4189846315083957
6943.591429214291,0.41879318614455463
6948.390029296244,0.4186017780149927
6953.19194561058,0.4184104071486288
6957.997180449091,0.418219073574355
6962.805736105153,0.41802777732103696
6967.617614873729,0.4178365184175136
6972.432819051365,0.41764529689259716
6977.251350936197,0.4174541127750732
6982.073212827947,0.41726296609370095
6986.898407027928,0.4170718568772126
6991.726935839042,0.4168807851543138
6996.558801565783,0.41668975095368377
7001.394006514245,0.4164987543039743
7006.232552992094,0.4163077952338123
7011.074443308612,0.4161168737717963
7015.919679774671,0.41592598994649876
7020.768264702739,0.4157351437864655
7025.62020040688,0.4155443353202157
7030.475489202762,0.41535356457624184
7035.3341334076495,0.4151628315830097
7040.19613534041,0.4149721363689586
7045.061497321513,0.4147814789625009
7049.930221673033,0.41459085939202256
7054.8023107186455,0.4144002776858827
7059.677766783636,0.41420973387241394
7064.5565921948955,0.4140192279799221
7069.438789280922,0.41382876003668634
7074.324360371825,0.4136383300709592
7079.213307799321,0.41344793811096653
7084.105633896749,0.4132575841849075
7089.001340999036,0.41306726832095464
7093.900431442746,0.4128769905472537
7098.802907566048,0.41268675089192397
7103.708771708731,0.4124965493830579
7108.618026212196,0.4123063860487212
7113.530673419466,0.4121162609169531
7118.446715675183,0.4119261740157659
7123.366155325607,0.4117361253731455
7128.28899471862,0.41154611501705096
7133.2152362037305,0.4113561429754146
7138.144882132064,0.4111662092761422
7143.077934856376,0.41097631394711276
7148.014396731046,0.41078645701617805
7152.954270112081,0.41059663851116535
7157.897557357115,0.41040685845987207
7162.844260825422,0.4102171168900703
7167.794382877881,0.41002741382950686
7172.747925877025,0.40983774930590006
7177.704892187015,0.4096481233469422
7182.665284173641,0.40945853598029847
7187.629104204334,0.409268987233608
7192.596354648156,0.4090794771344826
7197.56703787581,0.40889000571050804
7202.541156259634,0.4087005729892427
7207.518712173606,0.40851117899821876
7212.499707993349,0.4083218237649416
7217.4841460961225,0.40813250731688966
7222.4720288608305,0.407943229681515
7227.463358668023,0.40775399088624276
7232.458137899891,0.4075647909584714
7237.456368940277,0.40737562992557286
7242.458054174665,0.40718650781489213
7247.463195990202,0.40699742465374766
7252.471796775655,0.40680838046943124
7257.4838589214705,0.4066193752892076
7262.4993848197355,0.40643040914031525
7267.518376864192,0.40624148204996574
7272.540837450236,0.40605259404534383
7277.566768974917,0.4058637451536077
7282.596173836945,0.40567493540188887
7287.629054436685,0.40548616481729205
7292.665413176159,0.4052974334268952
7297.7052524590545,0.40510874125774976
7302.748574690714,0.4049200883368802
7307.795382278147,0.4047314746912845
7312.845677630025,0.40454290034793383
7317.899463156683,0.40435436533377256
7322.956741270123,0.40416586967571855
7328.0175143840115,0.4039774134006629
7333.081784913695,0.4037889965354692
7338.149555276163,0.4036006191069762
7343.220827890099,0.4034122811419943
7348.29560517585,0.40322398266730763
7353.373889555438,0.4030357237096737
7358.455683452555,0.40284750429582333
7363.54098929257,0.40265932445246033
7368.6298095025295,0.4024711842062622
7373.722146511155,0.40228308358387943
7378.818002748848,0.4020950226119359
7383.917380647688,0.40190700131702883
7389.020282641436,0.40171901972572854
7394.126711165537,0.40153107786457887
7399.236668657115,0.4013431757600968
7404.350157554982,0.4011553134387725
7409.467180299634,0.4009674909270696
7414.587739333259,0.400779708251425
7419.711837099714,0.4005919654382487
7424.839476044566,0.4004042625139242
7429.970658615063,0.40021659950480815
7435.105387260147,0.4000289764372304
7440.243664430449,0.39984139333749436
7445.385492578297,0.3996538502318765
7450.530874157712,0.39946634714662654
7455.679811624411,0.3992788841079676
7460.832307435808,0.3990914611420961
7465.988364051015,0.39890407827518154
7471.147983930847,0.39871673553336695
7476.311169537814,0.3985294329427685
7481.4779233361305,0.3983421705294756
7486.648247791715,0.39815494831955106
7491.822145372188,0.39796776633903097
7496.999618546878,0.3977806246139245
7502.180669786825,0.3975935231702137
7507.365301564756,0.39740646203385566
7512.553516355127,0.3972194412307789
7517.745316634098,0.397032460786886
7522.940704879543,0.39684552072805235
7528.139683571042,0.39665862108012717
7533.342255189896,0.3964717618689327
7538.5484222191135,0.3962849431202644
7543.758187143425,0.3960981648598913
7548.971552449275,0.39591142711355526
7554.188520624827,0.3957247299069719
7559.409094159964,0.3955380732658296
7564.633275546291,0.3953514572157907
7569.861067277131,0.3951648817824901
7575.092471847536,0.3949783469915365
7580.327491754277,0.39479185286851165
7585.566129495861,0.39460539943897055
7590.808387572497,0.3944189867284418
7596.054268486147,0.3942326147624268
7601.303774740492,0.39404628356640065
7606.556908840946,0.39385999316581144
7611.813673294651,0.3936737435860808
7617.074070610485,0.39348753485260346
7622.338103299058,0.3933013669907474
7627.605773872715,0.3931152400258542
7632.877084845537,0.39292915398323836
7638.152038733345,0.39274310888818775
7643.430638053695,0.3925571047659637
7648.712885325885,0.39237114164180076
7653.998783070953,0.3921852195409066
7659.288333811682,0.3919993384884624
7664.581540072594,0.3918134985096225
7669.87840437996,0.39162769962951455
7675.1789292618,0.39144194187323905
7680.483117247862,0.3912562252658712
7685.790970869663,0.3910705498324582
7691.102492660465,0.3908849155980206
7696.417685155276,0.39069932258755274
7701.736550890859,0.39051377082602207
7707.059092405729,0.39032826033836915
7712.385312240155,0.3901427911495082
7717.715212936165,0.38995736328432623
7723.048797037538,0.38977197676768405
7728.386067089815,0.38958663162441554
7733.727025640295,0.3894013278793279
7739.071675238039,0.3892160655572017
7744.420018433866,0.3890308446827906
7749.77205778036,0.38884566528082176
7755.127795831871,0.3886605273759956
7760.48723514451,0.3884754309929858
7765.850378276167,0.38829037615643935
7771.217227786471,0.38810536289097675
7776.587786236849,0.38792039122119143
7781.962056190485,0.3877354611716503
7787.340040212339,0.38755057276689375
7792.72174086914,0.3873657260314352
7798.107160729393,0.38718092098976153
7803.496302363378,0.3869961576663329
7808.889168343149,0.38681143608558277
7814.285761242541,0.38662675627191795
7819.686083637166,0.3864421182497185
7825.090138104414,0.3862575220433379
7830.49792722346,0.3860729676771028
7835.9094535752565,0.3858884551753134
7841.324719742546,0.38570398456224286
7846.743728309852,0.385519555862138
7852.166481863491,0.3853351690992181
7857.592982991546,0.38515082429767783
7863.02323428391,0.38496652148168303
7868.457238332259,0.3847822606753738
7873.894997730062,0.38459804190286345
7879.336515072576,0.38441386518823845
7884.781792956854,0.384229730555559
7890.230833981745,0.3840456380288581
7895.683640747891,0.38386158763214245
7901.140215857734,0.383677579389392
7906.600561915514,0.38349361332456
7912.0646815272685,0.383309689461573
7917.532577300838,0.38312580782433103
7923.004251845866,0.3829419684367072
7928.479707773798,0.3827581713225482
7933.958947697883,0.382574416505674
7939.441974233179,0.3823907040098778
7944.928789996558,0.3822070338589263
7950.419397606676,0.3820234060765593
7955.913799684023,0.3818398206864903
7961.41199885089,0.38165627771240584
7966.913997731385,0.38147277717796596
7972.419798951426,0.3812893191068039
7977.929405138745,0.38110590352252643
7983.442818922892,0.38092253044871366
7988.960042935234,0.3807391999089189
7994.481079808956,0.3805559119266689
8000.005932179062,0.3803726665254638
8005.53460268238,0.380189463728777
8011.067093957556,0.38000630356005544
8016.603408645062,0.37982318604271914
8022.143549387194,0.3796401112001618
8027.687518828076,0.3794570790557502
8033.235319613656,0.3792740896328247
8038.786954391722,0.3790911429546983
8044.342425811865,0.3789082390446592
8049.901736525532,0.3787253779259672
8055.464889185997,0.37854255962185607
8061.0318864483625,0.37835978415553284
8066.602730969569,0.37817705155017806
8072.177425408395,0.3779943618289456
8077.7559724254525,0.3778117150149628
8083.338374683193,0.37762911113133013
8088.924634845912,0.3774465502011217
8094.51475557974,0.377264032247385
8100.1087395526565,0.3770815572931405
8105.706589434479,0.37689912536138276
8111.308307896872,0.3767167364750791
8116.91389761335,0.3765343906571705
8122.523361259269,0.3763520879305714
8128.136701511848,0.3761698283181695
8133.753921050125,0.3759876118428258
8139.375022555022,0.375805438527375
8145.000008709298,0.37562330839462504
8150.628882197571,0.37544122146735714
8156.261645706312,0.3752591777683262
8161.898301923849,0.3750771773202602
8167.538853540369,0.37489522014586085
8173.183303247916,0.374713306267803
8178.831653740397,0.37453143570873504
8184.4839077135775,0.37434960849127885
8190.14006786509,0.37416782463802967
8195.800136894426,0.373986084171556
8201.46411750295,0.37380438711439995
8207.132012393886,0.37362273348907704
8212.803824272329,0.37344112331807605
8218.479555845244,0.37325955662385946
8224.159209821477,0.3730780334288624
8229.842788911717,0.3728965537554952
8235.530295828552,0.37271511762613985
8241.221733286438,0.3725337250631524
8246.917104001708,0.37235237608886246
8252.61641069257,0.37217107072557293
8258.31965607911,0.3719898089955601
8264.026842883293,0.3718085909210739
8269.737973828971,0.3716274165243375
8275.45305164187,0.37144628582754774
8281.17207904961,0.37126519885287473
8286.895058781683,0.37108415562246205
8292.621993569479,0.3709031561584268
8298.35288614627,0.37072220048285953
8304.087739247218,0.37054128861782426
8309.826555609372,0.37036042058535845
8315.569337971681,0.37017959640747294
8321.316089074986,0.3699988161061523
8327.066811662002,0.36981807970335423
8332.821508477364,0.36963738722101014
8338.580182267595,0.3694567386810248
8344.342835781114,0.36927613410527654
8350.109471768243,0.3690955735156171
8355.880092981202,0.3689150569338718
8361.654702174115,0.3687345843818393
8367.433302103009,0.3685541558812918
8373.215895525811,0.36837377145397515
8379.002485202363,0.36819343112160846
8384.793073894407,0.3680131349058844
8390.587664365596,0.36783288282846927
8396.386259381492,0.3676526749110027
8402.18886170957,0.36747251117509794
8407.995474119216,0.3672923916423415
8413.80609938174,0.3671123163342934
8419.620740270339,0.3669322852724882
8425.439399560153,0.36675229847843266
8431.262080028235,0.36657235597360754
8437.088784453552,0.3663924577794672
8442.919515616994,0.36621260391743926
8448.754276301372,0.36603279440892517
8454.59306929142,0.3658530292752998
8460.4358973738,0.3656733085379113
8466.282763337096,0.3654936322180819
8472.133669971818,0.36531400033710676
8477.988620070408,0.36513441291625515
8483.847616427236,0.3649548699767693
8489.710661838604,0.3647753715398654
8495.577759102745,0.36459591762673316
8501.448911019828,0.3644165082585356
8507.324120391955,0.36423714345640945
8513.203390023176,0.364057823241465
8519.086722719449,0.36387854763478616
8524.974121288697,0.36369931665743016
8530.86558854078,0.363520130330428
8536.761127287498,0.36334098867478437
8542.66074034259,0.36316189171147706
8548.564430521745,0.3629828394614579
8554.47220064259,0.36280383194565213
8560.384053524713,0.3626248691849585
8566.299991989636,0.36244595120024936
8572.220018860839,0.3622670780123709
8578.144136963749,0.36208824964214237
8584.072349125752,0.36190946611035724
8590.00465817618,0.361730727437782
8595.941066946327,0.3615520336451571
8601.88157826944,0.3613733847531965
8607.826194980724,0.36119478078258777
8613.774919917354,0.3610162217539914
8619.727755918439,0.36083770768804335
8625.684705825073,0.36065923860535143
8631.64577248031,0.36048081452649755
8637.610958729165,0.3603024354720374
8643.58026741862,0.3601241014625002
8649.553701397626,0.3599458125183888
8655.531263517101,0.35976756866017967
8661.512956629937,0.35958936990832285
8667.498783590989,0.35941121628324224
8673.488747257094,0.3592331078053351
8679.482850487058,0.3590550444949724
8685.481096141666,0.358877026372499
8691.483487083678,0.358699053458233
8697.490026177835,0.35852112577246664
8703.500716290851,0.3583432433354653
8709.515560291438,0.3581654061674683
8715.534561050259,0.3579876142886887
8721.557721439991,0.35780986771931306
8727.585044335285,0.3576321664795015
8733.616532612778,0.3574545105893882
8739.652189151095,0.3572769000690806
8745.692016830853,0.35709933493866003
8751.73601853466,0.3569218152181815
8757.784197147112,0.35674434092767365
8763.8365555548,0.3565669120871388
8769.893096646312,0.3563895287165531
8775.953823312233,0.35621219083586625
8782.01873844514,0.3560348984650016
8788.087844939613,0.3558576516238564
8794.161145692235,0.3556804503323013
8800.238643601584,0.35550329461018115
8806.32034156825,0.35532618447731384
8812.406242494824,0.35514911995349124
8818.49634928589,0.35497210105847987
8824.590664848056,0.35479512781201855
8830.689192089936,0.3546182002338207
8836.79193392215,0.35444131834357295
8842.898893257332,0.35426448216093603
8849.010073010126,0.35408769170554427
8855.125476097193,0.3539109469970058
8861.24510543721,0.3537342480549024
8867.368963950868,0.35355759489878974
8873.49705456088,0.35338098754819713
8879.629380191976,0.35320442602262775
8885.765943770908,0.35302791034155834
8891.906748226453,0.35285144052443956
8898.051796489408,0.35267501659069583
8904.201091492598,0.35249863855972535
8910.354636170874,0.3523223064509
8916.512433461125,0.3521460202835656
8922.674486302243,0.3519697800770416
8928.840797635174,0.3517935858506212
8935.011370402894,0.3516174376235716
8941.186207550407,0.3514413354151337
8947.365312024756,0.35126527924452217
8953.54868677502,0.35108926913092536
8959.736334752315,0.3509133050935057
8965.928258909795,0.35073738715139924
8972.124462202657,0.3505615153237159
8978.324947588142,0.3503856896295393
8984.529718025533,0.3502099100879272
8990.738776476153,0.35003417671791087
8996.952125903383,0.3498584895384956
9003.169769272641,0.3496828485686602
9009.3917095514,0.34950725382735787
9015.61794970919,0.34933170533351454
9021.84849271757,0.349156203106032
9028.083341550177,0.34898074716378424
9034.32249918269,0.34880533752561915
9040.565968592853,0.3486299742103593
9046.813752760463,0.3484546572368005
9053.065854667377,0.34827938662371255
9059.32227729751,0.34810416238983927
9065.583023636844,0.3479289845538982
9071.84809667342,0.347753853134581
9078.11749939735,0.3475787681505529
9084.391234800805,0.3474037296204532
9090.66930587803,0.34722873756289513
9096.951715625333,0.3470537919964655
9103.238467041101,0.3468788929397256
9109.529563125787,0.34670404041121
9115.825006881918,0.3465292344294277
9122.124801314108,0.3463544750128612
9128.428949429017,0.34617976217996704
9134.73745423541,0.34600509594917606
9141.050318744126,0.3458304763388923
9147.367545968084,0.3456559033674945
9153.68913892228,0.3454813770533347
9160.0151006238,0.34530689741473924
9166.34543409181,0.34513246447000845
9172.680142347568,0.34495807823741625
9179.019228414414,0.34478373873521084
9185.36269531778,0.34460944598161425
9191.71054608519,0.34443519999482247
9198.06278374626,0.3442610007930055
9204.419411332698,0.3440868483943072
9210.78043187831,0.3439127428168456
9217.145848418992,0.34373868407871255
9223.515663992746,0.34356467219797404
9229.889881639681,0.34339070719266923
9236.268504401974,0.34321678908081316
9242.651535323941,0.34304291788039304
9249.038977451983,0.3428690936093709
9255.43083383461,0.3426953162856824
9261.827107522446,0.3425215859272377
9268.22780156821,0.3423479025519204
9274.63291902674,0.34217426617758845
9281.042462954985,0.34200067682207397
9287.456436412001,0.3418271345031828
9293.874842458965,0.3416536392386949
9300.29768415916,0.3414801910463644
9306.724964578,0.34130678994391933
9313.156686783002,0.34113343594906176
9319.592853843813,0.34096012907946804
9326.0334688322,0.3407868693527882
9332.478534822058,0.34061365678664657
9338.928054889384,0.3404404913986416
9345.382032112324,0.3402673732063457
9351.840469571143,0.34009430222730536
9358.303370348238,0.3399212784790412
9364.770737528133,0.3397483019790478
9371.242574197484,0.33957537274479394
9377.71888344508,0.33940249079372264
9384.199668361845,0.3392296561432507
9390.684932040842,0.3390568688107692
9397.174677577264,0.3388841288136434
9403.668908068452,0.3387114361692125
9410.167626613882,0.33853879089478983
9416.670836315172,0.33836619300766313
9423.178540276087,0.33819364252509393
9429.690741602533,0.338021139464318
9436.207443402565,0.33784868384254535
9442.728648786395,0.3376762756769594
9449.254360866355,0.33750391498471966
9455.784582756958,0.3373316017829578
9462.319317574857,0.33715933608878024
9468.858568438862,0.33698711791926794
9475.402338469936,0.33681494729147565
9481.9506307912,0.3366428242224323
9488.503448527934,0.33647074872914134
9495.060794807578,0.3362987208285799
9501.62267275973,0.3361267405376999
9508.189085516155,0.33595480787342685
9514.76003621078,0.3357829228526608
9521.335527979698,0.33561108549227603
9527.915563961169,0.33543929580912085
9534.500147295625,0.3352675538200178
9541.089281125664,0.3350958595417639
9547.682968596066,0.33492421299113007
9554.281212853757,0.3347526141848616
9560.884017047867,0.33458106313967795
9567.491384329693,0.33440955987227294
9574.103317852707,0.3342381043993146
9580.719820772561,0.33406669673744527
9587.340896247093,0.33389533690328127
9593.966547436314,0.3337240249134134
9600.59677750243,0.3335527607844068
9607.231589609819,0.33338154453280067
9613.870986925058,0.3332103761751087
9620.514972616907,0.33303925572781856
9627.163549856317,0.33286818320739253
9633.816721816429,0.3326971586302671
9640.474491672578,0.3325261820128529
9647.136862602292,0.332355253371535
9653.803837785297,0.3321843727226728
9660.475420403525,0.3320135400825995
9667.15161364108,0.33184275546762393
9673.83242068429,0.3316720188940279
9680.517844721682,0.3315013303780682
9687.207888943984,0.3313306899359757
9693.902556544126,0.3311600975839557
9700.601850717248,0.33098955333818797
9707.3057746607,0.3308190572148264
9714.014331574035,0.3306486092299993
9720.727524659023,0.33047820939980954
9727.445357119646,0.3303078577403342
9734.167832162098,0.3301375542676247
9740.894952994788,0.3299672989977068
9747.626722828347,0.32979709194658097
9754.36314487562,0.3296269331302216
9761.104222351674,0.32945682256457776
9767.8499584738,0.32928676026557296
9774.60035646152,0.329116746249105
9781.355419536549,0.32894678053104603
9788.115150922864,0.32877686312724275
9794.879553846655,0.32860699405351623
9801.648631536344,0.328437173325662
9808.422387222585,0.32826740095944995
9815.200824138261,0.32809767697062453
9821.983945518492,0.3279280013749045
9828.771754600635,0.32775837418798326
9835.564254624282,0.3275887954255283
9842.361448831263,0.3274192651031821
9849.16334046565,0.3272497832365612
9855.969932773758,0.3270803498412566
9862.781229004142,0.32691096493283417
9869.597232407606,0.3267416285268339
9876.417946237198,0.32657234063877033
9883.243373748226,0.3264031012841321
9890.073518198215,0.32623391047838385
9896.90838284697,0.3260647682369631
9903.747970956549,0.3258956745752826
9910.59228579125,0.32572662950872944
9917.441330617638,0.3255576330526652
9924.295108704528,0.3253886852224262
9931.153623322998,0.3252197860333232
9938.01687774639,0.32505093550064124
9944.884875250298,0.3248821336396404
9951.75761911259,0.324713380465555
9958.635112613392,0.32454467599359393
9965.517359035104,0.32437602023894074
9972.404361662386,0.3242074132167535
9979.296123782175,0.324038854942165
9986.192648683675,0.32387034543028226
9993.093939658365,0.32370188469618744
10000.0,0.32353347275493666
