PDMs_,DMs_
0.003225930639831118,10.0
0.003229057371161082,10.006910833004609
0.003232185402229053,10.0138264419705
0.003235314730942349,10.02074683019826
0.0032384453552041646,10.027672000990757
0.003241577272913596,10.034601957653145
0.003244710481965617,10.041536703492852
0.003247844980251094,10.0484762418196
0.003250980765656787,10.0554205759454
0.0032541178360653428,10.062369709184546
0.003257256189355303,10.069323644853627
0.003260395823401092,10.076282386271522
0.003263536736073034,10.083245936759402
0.0032666789252373497,10.090214299640742
0.003269822388756137,10.097187478241295
0.003272967124487406,10.10416547588913
0.003276113130285046,10.111148295914612
0.0032792604039988535,10.118135941650403
0.0032824089434745165,10.12512841643147
0.003285558746553618,10.132125723595088
0.0032887098110736417,10.139127866480836
0.003291862134867962,10.146134848430602
0.0032950157157658577,10.153146672788578
0.003298170551592513,10.160163342901273
0.003301326640168999,10.167184862117507
0.0033044839793122923,10.174211233788414
0.003307642566835276,10.181242461267447
0.003310802400546737,10.188278547910373
0.003313963478251353,10.195319497075278
0.0033171257977497215,10.20236531212257
0.003320289356838329,10.209415996414984
0.003323454153309577,10.216471553317565
0.003326620184951775,10.223531986197697
0.0033297874495491317,10.230597298425085
0.0033329559448817703,10.237667493371768
0.003336125668725721,10.244742574412108
0.003339296618852928,10.251822544922806
0.0033424687930312348,10.25890740828289
0.0033456421890244135,10.265997167873735
0.003348816804592127,10.27309182707903
0.003351992637489973,10.280191389284827
0.003355169685469448,10.287295857879503
0.003358347946277971,10.294405236253784
0.0033615274176588814,10.301519527800737
0.003364708097351423,10.308638735915771
0.00336788998309077,10.315762863996648
0.003371073072608016,10.322891915443476
0.0033742573636301575,10.330025893658702
0.0033774428538801333,10.337164802047138
0.003380629541076795,10.344308644015944
0.0033838174229349153,10.351457422974637
0.0033870064971651933,10.358611142335088
0.0033901967614742594,10.365769805511523
0.0033933882135646666,10.372933415920533
0.0033965808511348845,10.380101976981068
0.0033997746718793342,10.387275492114448
0.00340296967348834,10.394453964744335
0.003406165853648176,10.401637398296778
0.003409363210041045,10.40882579620019
0.0034125617403450823,10.416019161885352
0.0034157614422343496,10.42321749878541
0.0034189623133788565,10.430420810335894
0.0034221643514445376,10.437629099974696
0.003425367554093275,10.4448423711421
0.003428571918982887,10.452060627280742
0.003431777443767125,10.45928387183566
0.0034349841260956906,10.466512108254266
0.003438191963614231,10.473745339986353
0.0034414009539643245,10.480983570484097
0.003444611094783503,10.488226803202064
0.0034478223837052526,10.495475041597203
0.003451034818358987,10.50272828912886
0.0034542483963700865,10.509986549258755
0.0034574631153598758,10.517249825451017
0.00346067897294563,10.524518121172163
0.003463895966740581,10.531791439891101
0.003467114094353913,10.539069785079148
0.0034703333533907636,10.546353160210009
0.0034735537414522324,10.553641568759792
0.003476775256135379,10.560935014207011
0.0034799978950332145,10.568233500032589
0.003483221655734719,10.575537029719833
0.0034864465358248288,10.582845606754478
0.003489672532884449,10.590159234624663
0.003492899644490457,10.597477916820933
0.0034961278682156803,10.604801656836251
0.0034993572016289312,10.612130458165991
0.0035025876422949847,10.619464324307941
0.0035058191877745935,10.626803258762317
0.003509051835624471,10.63414726503173
0.003512285583397316,10.641496346621237
0.0035155204286417977,10.648850507038302
0.0035187563689025687,10.65620974979282
0.003521993401720262,10.663574078397112
0.0035252315246314756,10.670943496365918
0.003528470735168813,10.678318007216419
0.00353171103086085,10.685697614468223
0.00353495240923214,10.693082321643356
0.0035381948678032404,10.700472132266299
0.003541438404090683,10.707867049863955
0.003544683015607,10.71526707796567
0.0035479286998607116,10.722672220103231
0.003551175454356337,10.73008247981086
0.0035544232765943773,10.737497860625226
0.0035576721640713494,10.74491836608544
0.003560922114279751,10.752343999733062
0.0035641731247080958,10.759774765112088
0.003567425192840891,10.767210665768978
0.0035706783161586486,10.774651705252635
0.003573932492137889,10.782097887114418
0.003577187718251138,10.789549214908137
0.0035804439919669404,10.797005692190062
0.003583701310749832,10.804467322518915
0.0035869596720603863,10.811934109455889
0.003590219073355166,10.819406056564617
0.0035934795120867663,10.826883167411214
0.0035967409857038083,10.834365445564254
0.0036000034916509062,10.841852894594775
0.0036032670273687282,10.849345518076282
0.0036065315902939466,10.856843319584755
0.003609797177859262,10.86434630269864
0.0036130637874934118,10.871854470998866
0.0036163314166211486,10.879367828068814
0.003619600062663269,10.886886377494363
0.0036228697230366,10.894410122863865
0.0036261403951540062,10.901939067768149
0.003629412076424383,10.909473215800526
0.0036326847642526696,10.91701257055679
0.0036359584560398538,10.924557135635224
0.003639233149182951,10.932106914636599
0.0036425088410750365,10.939661911164157
0.003645785529105219,10.94722212882365
0.0036490632106586742,10.954787571223317
0.00365234188311662,10.962358241973886
0.003655621543856326,10.969934144688583
0.0036589021902511186,10.977515282983134
0.0036621838196703917,10.985101660475758
0.0036654664294795804,10.992693280787178
0.0036687500170402,11.000290147540625
0.003672034579709824,11.007892264361814
0.0036753201148420843,11.015499634878987
0.0036786066197866903,11.023112262722885
0.0036818940918894247,11.03073015152676
0.0036851825284921315,11.03835330492637
0.0036884719269327407,11.045981726559992
0.003691762284545251,11.053615420068413
0.003695053598659757,11.061254389094945
0.0036983458666024066,11.068898637285399
0.0037016390856954547,11.076548168288122
0.0037049332532572334,11.084202985753976
0.003708228366602169,11.091863093336348
0.003711524423040775,11.099528494691153
0.0037148214198796507,11.107199193476823
0.0037181193544214997,11.114875193354328
0.00372141822396513,11.122556497987162
0.003724718025805429,11.13024311104136
0.003728018757233404,11.137935036185471
0.0037313204155361578,11.145632277090597
0.003734622997996901,11.153334837430371
0.003737926501894964,11.16104272088097
0.0037412309245057705,11.168755931121101
0.0037445362631008746,11.176474471832021
0.0037478425149479397,11.184198346697533
0.0037511496773107505,11.191927559403984
0.003754457747449205,11.199662113640256
0.0037577667226193403,11.207402013097797
0.0037610766000733026,11.215147261470602
0.003764387377059381,11.222897862455213
0.0037676990508219875,11.230653819750733
0.0037710116186016767,11.238415137058821
0.003774325077635127,11.24618181808369
0.0037776394251551686,11.25395386653212
0.003780954658390754,11.261731286113438
0.003784270774567007,11.26951408053955
0.0037875877709051715,11.277302253524919
0.0037909056446226545,11.28509580878658
0.0037942243929330187,11.292894750044134
0.003797544013045967,11.30069908101975
0.003800864502167365,11.308508805438178
0.0038041858574992438,11.316323927026737
0.0038075080762397955,11.32414444951531
0.0038108311555833624,11.331970376636379
0.0038141550927204755,11.33980171212499
0.0038174798848378184,11.347638459718777
0.003820805529118254,11.355480623157957
0.003824132022740829,11.363328206185328
0.0038274593628807555,11.37118121254628
0.0038307875467094303,11.379039645988785
0.00383411657139444,11.386903510263416
0.003837446434099545,11.39477280912332
0.0038407771319847054,11.40264754632425
0.0038441086622060736,11.410527725624556
0.0038474410219159864,11.418413350785181
0.0038507742082629936,11.426304425569668
0.0038541082183918356,11.434200953744162
0.0038574430494434497,11.442102939077408
0.0038607786985549964,11.450010385340766
0.0038641151628598254,11.457923296308179
0.003867452439487511,11.465841675756218
0.003870790525563845,11.473765527464062
0.0038741294182108293,11.481694855213497
0.0038774691145466804,11.489629662788923
0.0038808096116858507,11.497569953977356
0.0038841509067390175,11.505515732568432
0.0038874929968130746,11.5134670023544
0.003890835879011164,11.52142376713014
0.003894179550432654,11.529386030693137
0.0038975240081731474,11.537353796843517
0.0039008692493245007,11.545327069384024
0.003904215270974798,11.553305852120035
0.003907562070208385,11.561290148859552
0.003910909644105853,11.569279963413212
0.003914257989744043,11.577275299594284
0.003917607104196052,11.585276161218678
0.003920956984531244,11.593282552104924
0.003924307627815234,11.601294476074209
0.0039276590311099115,11.609311936950352
0.003931011191473437,11.61733493855982
0.0039343641059602285,11.62536348473172
0.003937717771620991,11.633397579297805
0.003941072185502702,11.64143722609248
0.003944427344648632,11.649482428952803
0.003947783246098312,11.657533191718464
0.003951139886887583,11.66558951823183
0.003954497264048562,11.673651412337911
0.0039578553746096685,11.68171887788438
0.003961214215595621,11.689791918721564
0.0039645737840274245,11.697870538702457
0.003967934076922401,11.705954741682707
0.00397129509129418,11.71404453152064
0.003974656824152689,11.72213991207723
0.003978019272504178,11.730240887216134
0.0039813824333512085,11.738347460803672
0.003984746303692668,11.74645963670884
0.0039881108805237655,11.754577418803308
0.003991476160836034,11.762700810961418
0.003994842141617337,11.770829817060191
0.003998208819851873,11.77896444097933
0.004001576192520176,11.787104686601218
0.004004944256599116,11.795250557810913
0.004008313009061919,11.803402058496168
0.004011682446878141,11.81155919254742
0.0040150525670137,11.819721963857795
0.004018423366430868,11.82789037632311
0.004021794842088265,11.836064433841868
0.00402516699094088,11.844244140315276
0.004028539809940068,11.852429499647235
0.0040319132960335395,11.860620515744332
0.0040352874461653835,11.868817192515866
0.00403866225727607,11.877019533873836
0.004042037726302433,11.885227543732945
0.004045413850177703,11.893441226010596
0.004048790625831486,11.901660584626907
0.004052168050189776,11.909885623504696
0.004055546120174964,11.9181163465695
0.004058924832705843,11.92635275774957
0.0040623041846975854,11.934594860975857
0.004065684173061791,11.942842660182043
0.0040690647947064455,11.951096159304527
0.004072446046535956,11.959355362282425
0.004075827925451146,11.967620273057575
0.004079210428349251,11.975890895574542
0.004082593552123926,11.984167233780623
0.00408597729366526,11.99244929162582
0.004089361649859758,12.000737073062885
0.004092746617590367,12.0090305820473
0.004096132193736469,12.017329822537278
0.004099518375173888,12.025634798493764
0.004102905158774882,12.033945513880445
0.004106292541408163,12.042261972663743
0.0041096805199389,12.050584178812827
0.004113069091228707,12.05891213629961
0.004116458252135663,12.06724584909873
0.004119847999514299,12.0755853211876
0.004123238330215627,12.083930556546363
0.004126629241087129,12.092281559157922
0.004130020728972743,12.100638333007927
0.004133412790712902,12.109000882084786
0.004136805423144523,12.11736921037966
0.004140198623100992,12.12574332188648
0.0041435923874122,12.13412322060191
0.004146986712904519,12.142508910525404
0.004150381596400833,12.150900395659164
0.00415377703472052,12.15929768000817
0.004157173024679455,12.167700767580156
0.004160569563090037,12.176109662385635
0.00416396664676117,12.18452436843789
0.004167364272498283,12.192944889752976
0.004170762437103311,12.201371230349732
0.004174161137374732,12.20980339424975
0.004177560370107537,12.218241385477427
0.004180960132093263,12.22668520805993
0.004184360420119982,12.235134866027213
0.004187761230972302,12.243590363412011
0.0041911625614313806,12.25205170424985
0.0041945644082749265,12.26051889257904
0.004197966768277204,12.268991932440693
0.004201369638209021,12.277470827878693
0.004204773014837769,12.285955582939735
0.004208176894927384,12.29444620167331
0.004211581275238389,12.3029426881317
0.004214986152527877,12.311445046369997
0.004218391523549516,12.319953280446084
0.004221797385053558,12.32846739442066
0.004225203733786846,12.33698739235722
0.004228610566492808,12.34551327832208
0.00423201787991147,12.354045056384347
0.004235425670779467,12.362582730615957
0.0042388339358300185,12.371126305091652
0.0042422426717929704,12.379675783888993
0.004245651875394768,12.388231171088359
0.004249061543358483,12.396792470772947
0.004252471672403813,12.405359687028785
0.004255882259247055,12.4139328239447
0.004259293300601164,12.422511885612373
0.0042627047931757195,12.431096876126295
0.004266116733676937,12.439687799583798
0.004269529118807676,12.448284660085038
0.0042729419452674396,12.456887461733006
0.004276355209752399,12.46549620863353
0.004279768908955356,12.474110904895277
0.004283183039565791,12.482731554629753
0.004286597598269842,12.491358161951293
0.004290012581750318,12.499990730977094
0.004293427986686707,12.508629265827189
0.004296843809755164,12.517273770624458
0.004300260047628534,12.525924249494635
0.004303676696976356,12.534580706566297
0.004307093754464841,12.543243145970886
0.004310511216756916,12.551911571842693
0.004313929080512199,12.560585988318856
0.004317347342387011,12.569266399539385
0.004320765999034389,12.577952809647151
0.004324185047104087,12.586645222787883
0.004327604483242567,12.595343643110178
0.004331024304093023,12.604048074765497
0.004334444506295374,12.612758521908175
0.004337865086486273,12.621474988695411
0.004341286041299111,12.63019747928729
0.004344707367364022,12.63892599784675
0.0043481290613078755,12.647660548539623
0.00435155111975431,12.656401135534615
0.004354973539323714,12.665147763003318
0.004358396316633224,12.6739004351202
0.00436181944829676,12.682659156062616
0.0043652429309249995,12.691423930010808
0.004368666761125405,12.700194761147914
0.004372090935502212,12.708971653659946
0.004375515450656434,12.71775461173582
0.004378940303185889,12.726543639567351
0.004382365489685183,12.735338741349242
0.004385791006745712,12.744139921279102
0.004389216850955681,12.752947183557435
0.004392643018900117,12.761760532387651
0.004396069507160832,12.770579971976066
0.004399496312316482,12.779405506531905
0.004402923430942535,12.788237140267286
0.004406350859611279,12.79707487739726
0.004409778594891851,12.805918722139777
0.004413206633350209,12.814768678715707
0.004416634971549167,12.823624751348836
0.00442006360604838,12.832486944265872
0.004423492533404355,12.841355261696442
0.004426921750170454,12.850229707873087
0.004430351252896906,12.859110287031283
0.004433781038130809,12.867997003409437
0.00443721110241612,12.876889861248873
0.00444064144229369,12.885788864793858
0.004444072054301235,12.894694018291581
0.0044475029349733694,12.903605325992176
0.004450934080841601,12.912522792148707
0.00445436548843433,12.921446421017189
0.004457797154276852,12.930376216856553
0.004461229074891385,12.939312183928699
0.004464661246797044,12.948254326498462
0.004468093666509867,12.957202648833627
0.004471526330542825,12.966157155204924
0.004474959235405797,12.975117849886038
0.004478392377605607,12.984084737153605
0.004481825753646023,12.993057821287229
0.004485259360027733,13.002037106569443
0.004488693193248392,13.011022597285766
0.00449212724980261,13.02001429772467
0.004495561526181937,13.029012212177589
0.004498996018874905,13.038016344938926
0.00450243072436701,13.04702670030605
0.004505865639140711,13.0560432825793
0.0045093007596754674,13.065066096061985
0.0045127360824476995,13.074095145060397
0.00451617160393083,13.083130433883785
0.004519607320595278,13.092171966844393
0.00452304322890846,13.101219748257442
0.004526479325334794,13.110273782441132
0.004529915606335714,13.119334073716647
0.004533352068369675,13.12840062640816
0.004536788707892136,13.137473444842831
0.004540225521355604,13.146552533350818
0.004543662505209598,13.15563789626525
0.0045470996559006886,13.164729537922268
0.0045505369698724905,13.173827462661011
0.004553974443565651,13.182931674823609
0.004557412073417887,13.192042178755196
0.0045608498558639705,13.20115897880391
0.0045642877873357315,13.21028207932089
0.004567725864262075,13.219411484660288
0.00457116408306899,13.228547199179264
0.004574602440179523,13.237689227237976
0.004578040932013828,13.24683757319961
0.004581479554989144,13.255992241430366
0.004584918305519805,13.265153236299458
0.004588357180017248,13.27432056217912
0.0045917961748900265,13.283494223444606
0.004595235286543795,13.292674224474204
0.004598674511381331,13.301860569649206
0.0046021138458025475,13.31105326335395
0.004605553286204472,13.3202523099758
0.004608992828981283,13.32945771390515
0.004612432470524285,13.33866947953543
0.004615872207221942,13.347887611263104
0.004619312035459869,13.357112113487677
0.004622751951620832,13.366342990611692
0.004626191952084771,13.375580247040743
0.004629632033228789,13.384823887183448
0.004633072191427164,13.39407391545149
0.004636512423051358,13.403330336259597
0.004639952724470022,13.412593154025547
0.0046433930920489926,13.421862373170171
0.0046468335221513096,13.431137998117354
0.00465027401113722,13.440420033294037
0.004653714555364168,13.449708483130234
0.0046571551511868205,13.459003352058993
0.004660595794957073,13.468304644516449
0.004664036483024033,13.477612364941793
0.00466747721173405,13.48692651777729
0.0046709179774307155,13.49624710746827
0.00467435877645485,13.505574138463134
0.004677799605144537,13.514907615213362
0.004681240459835116,13.524247542173509
0.00468468133685918,13.533593923801211
0.004688122232546593,13.542946764557168
0.0046915631432245,13.552306068905185
0.004695004065217306,13.56167184131214
0.004698444994846728,13.571044086248003
0.004701885928431745,13.580422808185826
0.004705326862288651,13.589808011601763
0.00470876779273105,13.599199700975058
0.004712208716069829,13.608597880788034
0.004715649628613209,13.618002555526134
0.004719090526666731,13.627413729677892
0.004722531406533253,13.636831407734944
0.004725972264512969,13.64625559419203
0.004729413096903424,13.655686293546998
0.0047328538999994825,13.6651235103008
0.004736294670093384,13.674567248957505
0.004739735403474706,13.684017514024289
0.0047431760964304105,13.693474310011453
0.004746616745244799,13.702937641432392
0.004750057346199573,13.712407512803644
0.0047534978955737954,13.721883928644857
0.004756938389643933,13.731366893478805
0.004760378824683837,13.740856411831391
0.004763819196964753,13.750352488231638
0.004767259502755342,13.759855127211713
0.00477069973832167,13.769364333306891
0.004774139899927215,13.778880111055601
0.0047775799838328924,13.788402464999404
0.004781019986297039,13.797931399683
0.004784459903575422,13.807466919654225
0.004787899731921261,13.817009029464064
0.004791339467585221,13.826557733666645
0.004794779106815412,13.83611303681924
0.004798218645857423,13.845674943482283
0.004801658080954287,13.855243458219332
0.004805097408346529,13.864818585597128
0.0048085366242721465,13.874400330185555
0.004811975724966616,13.883988696557655
0.0048154147066629144,13.893583689289635
0.0048188535655915195,13.903185312960858
0.004822292297980401,13.91279357215386
0.004825730900055052,13.922408471454341
0.0048291693680384724,13.932030015451158
0.00483260769815119,13.941658208736357
0.004836045886611261,13.951293055905149
0.004839483929634286,13.96093456155592
0.004842921823433389,13.97058273029024
0.004846359564219262,13.98023756671285
0.004849797148200143,13.989899075431682
0.004853234571581831,13.999567261057845
0.004856671830567698,14.00924212820565
0.004860108921358678,14.018923681492565
0.0048635458401533015,14.02861192553928
0.00486698258314768,14.038306864969668
0.00487041914653551,14.048008504410793
0.004873855526508102,14.057716848492925
0.004877291719254363,14.067431901849526
0.004880727720960825,14.077153669117273
0.004884163527811617,14.08688215493602
0.004887599135988515,14.096617363948857
0.004891034541670924,14.10635930080207
0.004894469741035876,14.116107970145155
0.0048979047302580596,14.125863376630825
0.004901339505509818,14.135625524915007
0.0049047740629611395,14.145394419656846
0.004908208398779693,14.155170065518703
0.004911642509130804,14.164952467166167
0.00491507639017749,14.174741629268055
0.004918510038080447,14.184537556496391
0.004921943448998058,14.194340253526445
0.004925376619086412,14.204149725036718
0.004928809544499306,14.213965975708936
0.0049322422213882305,14.223789010228069
0.004935674645902413,14.233618833282316
0.004939106814188806,14.24345544956313
0.0049425387223920704,14.253298863765183
0.00494597036665463,14.263149080586409
0.004949401743116647,14.273006104727987
0.004952832847916022,14.28286994089434
0.004956263677188435,14.292740593793148
0.004959694227067312,14.302618068135338
0.004963124493683861,14.312502368635096
0.0049665544731670695,14.322393500009866
0.004969984161643708,14.332291466980362
0.0049734135552383305,14.34219627427053
0.004976842650073303,14.35210792660761
0.004980271442268786,14.362026428722102
0.004983699927942762,14.371951785347768
0.0049871281032110235,14.381884001221652
0.0049905559641871995,14.391823081084063
0.00499398350698274,14.401769029678587
0.0049974107277069475,14.4117218517521
0.005000837622466953,14.421681552054734
0.005004264187367757,14.431648135339923
0.005007690418512221,14.441621606364384
0.0050111163120010556,14.451601969888118
0.005014541863932864,14.461589230674416
0.005017967070404126,14.47158339348986
0.005021391927509197,14.481584463104328
0.005024816431340346,14.491592444290994
0.005028240577987736,14.501607341826336
0.005031664363539429,14.511629160490113
0.005035087784081415,14.52165790506541
0.0050385108356976,14.531693580338606
0.005041933514469823,14.541736191099393
0.0050453558164778615,14.55178574214077
0.005048777737799427,14.561842238259048
0.005052199274510193,14.571905684253863
0.005055620422683784,14.581976084928142
0.005059041178391788,14.592053445088156
0.0050624615377037685,14.60213776954349
0.005065881496687264,14.61222906310705
0.00506930105140781,14.622327330595073
0.005072720197928914,14.63243257682712
0.005076138932312103,14.642544806626086
0.005079557250616897,14.652664024818195
0.005082975148900837,14.662790236233011
0.005086392623219495,14.672923445703441
0.005089809669626442,14.683063658065707
0.0050932262841733135,14.693210878159402
0.005096642462909779,14.703365110827447
0.005100058201883549,14.71352636091612
0.005103473497140401,14.72369463327504
0.005106888344724176,14.733869932757182
0.005110302740676777,14.744052264218881
0.005113716681038194,14.754241632519806
0.0051171301618465025,14.764438042523006
0.005120543179137866,14.774641499094882
0.00512395572894655,14.784852007105203
0.005127367807304933,14.7950695714271
0.005130779410243495,14.80529419693707
0.0051341905337908495,14.815525888514983
0.005137601173973739,14.825764651044082
0.005141011326817034,14.83601048941099
0.005144420988343751,14.846263408505685
0.005147830154575066,14.856523413221547
0.0051512388215302985,14.866790508455331
0.005154646985226945,14.877064699107175
0.005158054641680677,14.887345990080604
0.005161461786905331,14.897634386282533
0.005164868416912946,14.907929892623265
0.005168274527713747,14.918232514016506
0.005171680115316167,14.928542255379336
0.005175085175726846,14.938859121632253
0.005178489704950636,14.949183117699151
0.0051818936989906205,14.959514248507325
0.005185297153848117,14.969852518987475
0.005188700065522671,14.98019793407371
0.005192102430012079,14.990550498703547
0.005195504243312403,15.000910217817918
0.005198905501417948,15.011277096361171
0.005202306200321297,15.021651139281058
0.005205706336013315,15.032032351528764
0.005209105904483134,15.042420738058894
0.005212504901718193,15.052816303829474
0.00521590332370423,15.063219053801955
0.005219301166425274,15.073628992941222
0.00522269842586368,15.084046126215595
0.005226095098000125,15.094470458596804
0.005229491178813604,15.104901995060041
0.005232886664281461,15.115340740583926
0.005236281550379375,15.12578670015052
0.0052396758330813765,15.136239878745327
0.005243069508359866,15.1467002813573
0.005246462572185593,15.157167912978831
0.005249855020527694,15.167642778605773
0.0052532468493536825,15.178124883237423
0.005256638054629468,15.188614231876546
0.005260028632319338,15.199110829529339
0.005263418578386009,15.209614681205482
0.005266807888790586,15.220125791918107
0.005270196559492615,15.230644166683817
0.0052735845864500565,15.241169810522674
0.005276971965619305,15.251702728458215
0.005280358692955208,15.262242925517453
0.005283744764411054,15.272790406730856
0.005287130175938587,15.283345177132388
0.005290514923488031,15.293907241759484
0.005293899003008068,15.304476605653061
0.005297282410445865,15.315053273857522
0.005300665141747087,15.325637251420755
0.005304047192855885,15.336228543394133
0.005307428559714917,15.346827154832525
0.005310809238265355,15.357433090794297
0.005314189224446893,15.36804635634129
0.005317568514197736,15.378666956538867
0.005320947103454653,15.389294896455882
0.005324324988152925,15.39993018116469
0.005327702164226405,15.410572815741157
0.005331078627607499,15.421222805264652
0.005334454374227185,15.431880154818057
0.0053378294000149965,15.442544869487774
0.005341203700899069,15.453216954363695
0.005344577272806113,15.463896414539255
0.00534795011166145,15.4745832551114
0.005351322213389,15.4852774811806
0.005354693573911295,15.495979097850846
0.005358064189149486,15.506688110229662
0.00536143405502337,15.517404523428098
0.005364803167451354,15.528128342560736
0.005368171522350512,15.5388595727457
0.005371539115636564,15.549598219104633
0.005374905943223884,15.560344286762732
0.005378272001025519,15.571097780848737
0.005381637284953204,15.581858706494923
0.005385001790917337,15.592627068837125
0.0053883655148270196,15.603402873014712
0.005391728452590068,15.614186124170624
0.005395090600112973,15.624976827451327
0.005398451953300972,15.635774988006867
0.0054018125080580095,15.646580610990842
0.0054051722602867685,15.657393701560414
0.005408531205888676,15.668214264876303
0.0054118893407639045,15.679042306102803
0.005415246660811373,15.68987783040777
0.005418603161928774,15.700720842962637
0.005421958840012581,15.711571348942407
0.005425313690958027,15.72242935352567
0.005428667710659151,15.733294861894567
0.00543202089500877,15.74416787923485
0.005435373239898526,15.755048410735842
0.005438724741218868,15.765936461590455
0.00544207539485905,15.776832036995186
0.005445425196707172,15.787735142150131
0.005448774142650171,15.798645782258978
0.005452122228573813,15.809563962528994
0.005455469450362729,15.820489688171067
0.0054588158039004155,15.831422964399676
0.00546216128506922,15.842363796432906
0.005465505889750385,15.853312189492447
0.005468849613824038,15.864268148803598
0.005472192453169183,15.87523167959527
0.005475534403663739,15.886202787099986
0.005478875461184543,15.897181476553895
0.005482215621607323,15.908167753196738
0.00548555488080676,15.919161622271902
0.0054888932346564626,15.930163089026392
0.005492230679028967,15.941172158710838
0.005495567209795785,15.952188836579495
0.005498902822827362,15.963213127890253
0.005502237513993128,15.974245037904645
0.005505571279161487,15.985284571887812
0.005508904114199816,15.996331735108559
0.0055122360149744915,16.007386532839323
0.005515566977350898,16.018448970356193
0.005518896997193407,16.02951905293889
0.005522226070365428,16.040596785870797
0.005525554192729384,16.051682174438938
0.005528881360146738,16.062775223934
0.005532207568477987,16.073875939650318
0.005535532813582683,16.0849843268859
0.005538857091319429,16.096100390942382
0.0055421803975459075,16.107224137125108
0.005545502728118861,16.118355570743056
0.005548824078894127,16.129494697108886
0.005552144445726631,16.14064152153893
0.0055554638244703905,16.15179604935319
0.005558782210978541,16.16295828587536
0.005562099601103329,16.17412823643277
0.0055654159906961325,16.185305906356486
0.00556873137560745,16.19649130098122
0.005572045751686932,16.207684425645386
0.005575359114783379,16.21888528569109
0.0055786714607447396,16.23009388646412
0.0055819827854181395,16.24131023331397
0.0055852930846498824,16.252534331593818
0.005588602354285438,16.26376618666055
0.005591910590169491,16.275005803874762
0.005595217788145901,16.286253188600725
0.005598523944057758,16.297508346206442
0.005601829053747358,16.308771282063628
0.005605133113056231,16.320042001547698
0.005608436117825128,16.331320510037788
0.005611738063894053,16.34260681291675
0.005615038947102264,16.353900915571163
0.005618338763288264,16.365202823391307
0.0056216375082898395,16.37651254177121
0.005624935177944037,16.387830076108617
0.005628231768087207,16.399155431805006
0.0056315272745549845,16.41048861426559
0.005634821693182297,16.42182962889931
0.005638115019803398,16.43317848111886
0.0056414072502518516,16.44453517634065
0.005644698380360558,16.45589971998487
0.005647988405961735,16.46727211747541
0.005651277322886966,16.478652374239946
0.005654565126967172,16.49004049570988
0.005657851814032644,16.50143648732039
0.005661137379913046,16.512840354510395
0.005664421820437408,16.524252102722574
0.005667705131434164,16.53567173740338
0.005670987308731128,16.547099264003002
0.005674268348155528,16.558534687975424
0.0056775482455340065,16.569978014778385
0.005680826996692626,16.581429249873402
0.005684104597456868,16.592888398725766
0.005687381043651673,16.604355466804535
0.005690656331101421,16.61583045958256
0.005693930455629935,16.627313382536467
0.0056972034130605255,16.63880424114667
0.005700475199215958,16.650303040897374
0.00570374580991849,16.66180978727655
0.005707015240989871,16.673324485775993
0.0057102834882513396,16.68484714189128
0.005713550547523653,16.69637776112178
0.005716816414627085,16.70791634897068
0.005720081085381422,16.71946291094495
0.005723344555606004,16.73101745255539
0.005726606821119702,16.74257997931657
0.005729867877740935,16.754150496746906
0.005733127721287692,16.765729010368617
0.005736386347577532,16.777315525707735
0.005739643752427576,16.788910048294117
0.005742899931654552,16.800512583661433
0.005746154881074765,16.812123137347182
0.005749408596504135,16.823741714892698
0.005752661073758199,16.835368321843134
0.0057559123086521015,16.847002963747467
0.005759162297000621,16.85864564615853
0.005762411034618186,16.87029637463298
0.005765658517318855,16.881955154731312
0.005768904740916359,16.893621992017877
0.005772149701224089,16.90529689206086
0.005775393394055104,16.916979860432296
0.005778635815222152,16.928670902708085
0.005781876960537674,16.940370024467946
0.005785116825813804,16.952077231295483
0.005788355406862389,16.963792528778153
0.005791592699495002,16.975515922507277
0.0057948286995229276,16.987247418078027
0.005798063402757194,16.99898702108946
0.005801296805008579,17.010734737144485
0.005804528902087609,17.022490571849897
0.005807759689804572,17.034254530816366
0.005810989163969516,17.046026619658413
0.005814217320392289,17.05780684399447
0.0058174441548825145,17.06959520944684
0.0058206696632496285,17.08139172164172
0.005823893841302848,17.093196386209176
0.0058271166848512254,17.105009208783184
0.0058303381897036365,17.11683019500161
0.005833558351668776,17.128659350506204
0.005836777166555198,17.140496680942622
0.0058399946301712895,17.152342191960425
0.005843210738325317,17.16419588921308
0.005846425486825397,17.176057778357954
0.00584963887147954,17.18792786505633
0.00585285088809563,17.1998061549734
0.005856061532481457,17.211692653778265
0.005859270800444698,17.223587367143956
0.005862478687792966,17.235490300747426
0.005865685190333783,17.24740146026953
0.005868890303874599,17.259320851395067
0.005872094024222811,17.271248479812762
0.00587529634718577,17.283184351215272
0.00587849726857077,17.295128471299183
0.005881696784185079,17.307080845765025
0.005884894889835956,17.319041480317267
0.005888091581330609,17.331010380664306
0.005891286854476283,17.342987552518498
0.005894480705080188,17.354973001596143
0.005897673128949569,17.366966733617495
0.005900864121891685,17.378968754306758
0.005904053679713828,17.390979069392092
0.005907241798223319,17.402997684605616
0.0059104284732275384,17.415024605683406
0.0059136137005339155,17.42705983836552
0.005916797475949944,17.439103388395946
0.005919979795283205,17.451155261522675
0.005923160654341353,17.463215463497665
0.005926340048932133,17.47528400007684
0.005929517974863399,17.4873608770201
0.005932694427943117,17.499446100091344
0.00593586940397936,17.511539675058433
0.0059390428987803525,17.523641607693236
0.005942214908154427,17.535751903771573
0.005945385427910092,17.547870569073293
0.005948554453855995,17.55999760938223
0.00595172198180096,17.572133030486206
0.005954888007553972,17.584276838177054
0.005958052526924211,17.5964290382506
0.005961215535721044,17.60858963650668
0.005964377029754038,17.620758638749138
0.005967537004832976,17.63293605078584
0.005970695456767858,17.645121878428633
0.005973852381368913,17.657316127493413
0.005977007774446603,17.66951880380008
0.005980161631811648,17.681729913172568
0.0059833139492750115,17.69394946143882
0.005986464722647937,17.706177454430822
0.005989613947741928,17.718413897984583
0.005992761620368777,17.730658797940137
0.005995907736340571,17.74291216014156
0.005999052291469695,17.75517399043698
0.006002195281568852,17.767444294678548
0.006005336702451058,17.77972307872247
0.006008476549929656,17.792010348428995
0.006011614819818337,17.804306109662424
0.006014751507931129,17.816610368291105
0.006017886610082423,17.828923130187448
0.00602102012208698,17.841244401227932
0.00602415203975992,17.85357418729306
0.006027282358916761,17.865912494267437
0.00603041107537341,17.87825932803972
0.006033538184946182,17.89061469450264
0.00603666368345179,17.90297859955299
0.006039787566707384,17.91535104909166
0.006042909830530525,17.927732049023582
0.00604603047073923,17.9401216052578
0.006049149483151963,17.952519723707432
0.006052266863587631,17.96492641028968
0.006055382607865618,17.977341670925842
0.006058496711805788,17.989765511541297
0.006061609171228488,18.00219793806553
0.006064719981954546,18.01463895643212
0.0060678291398053134,18.027088572578744
0.006070936640602639,18.039546792447183
0.006074042480168905,18.052013621983335
0.006077146654327006,18.06448906713718
0.006080249158900402,18.076973133862836
0.006083349989713088,18.08946582811853
0.00608644914258962,18.1019671558666
0.006089546613355113,18.114477123073513
0.006092642397835284,18.12699573570986
0.006095736491856409,18.139522999750334
0.006098828891245376,18.152058921173786
0.006101919591829677,18.164603505963193
0.006105008589437403,18.177156760105657
0.006108095879897292,18.189718689592425
0.006111181459038698,18.202289300418883
0.006114265322691627,18.214868598584562
0.006117347466686722,18.227456590093134
0.006120427886855305,18.240053280952424
0.0061235065790293496,18.252658677174406
0.00612658353904152,18.265272784775224
0.006129658762725172,18.277895609775143
0.006132732245914348,18.29052715819863
0.006135803984443802,18.303167436074286
0.006138873974149006,18.315816449434898
0.006141942210866149,18.32847420431741
0.006145008690432179,18.34114070676295
0.006148073408684745,18.353815962816796
0.0061511363614622895,18.36649997852843
0.006154197544604004,18.379192759951508
0.00615725695394985,18.39189431314386
0.006160314585340559,18.40460464416752
0.006163370434617683,18.41732375908869
0.0061664244976235415,18.430051663977775
0.006169476770201279,18.442788364909383
0.006172527248194859,18.455533867962306
0.006175575927449077,18.468288179219556
0.006178622803809541,18.481051304768314
0.006181667873122743,18.4938232507
0.006184711131235989,18.506604023110235
0.006187752573997486,18.519393628098847
0.006190792197256296,18.532192071769888
0.006193829996862376,18.544999360231632
0.006196865968666556,18.557815499596547
0.006199900108520595,18.57064049598135
0.006202932412277136,18.583474355506986
0.0062059628757897625,18.596317084298622
0.006208991494912992,18.609168688485656
0.006212018265502255,18.622029174201728
0.006215043183413959,18.634898547584715
0.006218066244505459,18.647776814776734
0.006221087444635071,18.66066398192415
0.006224106779662095,18.673560055177568
0.0062271242454468275,18.686465040691864
0.0062301398378505355,18.699378944626133
0.006233153552735509,18.712301773143754
0.006236165385965055,18.72523353241236
0.006239175333403487,18.73817422860384
0.006242183390916168,18.751123867894353
0.006245189554369502,18.76408245646434
0.006248193819630932,18.777050000498473
0.006251196182568971,18.790026506185736
0.006254196639053208,18.80301197971938
0.006257195184954299,18.81600642729693
0.006260191816144004,18.8290098551202
0.006263186528495163,18.842022269395287
0.00626617931788174,18.855043676332578
0.006269170180178811,18.86807408214675
0.006272159111262582,18.881113493056784
0.006275146107010382,18.894161915285952
0.006278131163300702,18.90721935506181
0.006281114276013181,18.920285818616247
0.006284095441028616,18.933361312185436
0.00628707465422899,18.946445842009883
0.0062900519114974535,18.959539414334383
0.006293027208718368,18.972642035408057
0.006296000541777287,18.98575371148436
0.006298971906560963,18.99887444882103
0.00630194129895739,19.012004253680164
0.006304908714855789,19.025143132328175
0.006307874150146598,19.038291091035806
0.0063108376007215295,19.051448136078132
0.006313799062473548,19.064614273734573
0.006316758531296872,19.07778951028888
0.00631971600308701,19.090973852029148
0.006322671473740758,19.104167305247824
0.006325624939156197,19.1173698762417
0.00632857639523272,19.130581571311904
0.006331525837871037,19.143802396763945
0.006334473262973168,19.15703235890767
0.00633741866644249,19.1702714640573
0.0063403620441836945,19.183519718531414
0.00634330339210285,19.19677712865296
0.006346242706107368,19.210043700749242
0.006349179982106047,19.223319441151954
0.006352115216009043,19.236604356197162
0.006355048403727932,19.249898452225302
0.006357979541175657,19.2632017355812
0.0063609086242665935,19.276514212614074
0.006363835648916527,19.28983588967751
0.006366760611042668,19.303166773129494
0.006369683506563656,19.316506869332418
0.006372604331399599,19.32985618465305
0.006375523081472045,19.343214725462584
0.006378439752703997,19.356582498136582
0.006381354341019957,19.369959509055036
0.006384266842345886,19.38334576460235
0.006387177252609254,19.396741271167325
0.006390085567739037,19.41014603514319
0.006392991783665701,19.423560062927596
0.006395895896321256,19.436983360922582
0.0063987979016392315,19.450415935534654
0.006401697795554694,19.46385779317472
0.006404595574004277,19.47730894025813
0.006407491232926145,19.490769383204658
0.006410384768260054,19.504239128438527
0.006413276175947331,19.517718182388386
0.006416165451930891,19.531206551487337
0.006419052592155235,19.544704242172923
0.006421937592566492,19.558211260887145
0.006424820449112376,19.57172761407643
0.006427701157742252,19.58525330819169
0.006430579714407112,19.598788349688277
0.0064334561150595805,19.612332745026013
0.0064363303556539495,19.625886500669182
0.00643920243214617,19.639449623086538
0.006442072340493857,19.653022118751306
0.006444940076656311,19.666603994141163
0.006447805636594537,19.68019525573829
0.006450669016271208,19.69379591002934
0.006453530211650735,19.707405963505447
0.00645638921869924,19.72102542266223
0.006459246033384567,19.734654293999796
0.006462100651676302,19.74829258402275
0.006464953069545785,19.761940299240184
0.006467803282966094,19.775597446165694
0.006470651287912099,19.789264031317387
0.006473497080360412,19.802940061217843
0.0064763406562894634,19.816625542394178
0.006479182011679458,19.830320481378013
0.006482021142512402,19.84402488470548
0.0064848580447721274,19.857738758917233
0.006487692714444285,19.871462110558443
0.006490525147516343,19.885194946178792
0.0064933553399776295,19.898937272332507
0.006496183287819318,19.912689095578333
0.006499008987034428,19.926450422479558
0.006501832433617866,19.940221259603994
0.006504653623566415,19.954001613524003
0.006507472552878731,19.96779149081648
0.006510289217555381,19.98159089806287
0.006513103613598837,19.99539984184916
0.006515915737013492,20.0092183287659
0.006518725583805646,20.0230463654082
0.0065215331499835555,20.036883958375686
0.006524338431557401,20.050731114272594
0.006527141424539338,20.0645878397077
0.0065299421249434735,20.07845414129435
0.006532740528785881,20.09233002565047
0.006535536632084629,20.106215499398555
0.0065383304308597725,20.120110569165657
0.006541121921133361,20.134015241583434
0.006543911098929461,20.14792952328812
0.006546697960274156,20.161853420920526
0.006549482501195555,20.175786941126066
0.0065522647177238165,20.189730090554733
0.006555044605891135,20.20368287586113
0.006557822161731763,20.217645303704444
0.006560597381282025,20.231617380748478
0.006563370260580314,20.245599113661637
0.006566140795667115,20.259590509116915
0.006568908982585002,20.27359157379194
0.006571674817378659,20.287602314368954
0.006574438296094874,20.301622737534807
0.006577199414782567,20.315652849980975
0.006579958169492779,20.329692658403555
0.006582714556278705,20.343742169503294
0.006585468571195675,20.357801389985518
0.006588220210301191,20.371870326560238
0.006590969469654929,20.38594898594208
0.006593716345318723,20.40003737485031
0.006596460833356613,20.414135500008847
0.006599202929834828,20.428243368146248
0.006601942630821813,20.442360985995727
0.006604679932388214,20.45648836029514
0.006607414830606908,20.470625497787015
0.006610147321553022,20.484772405218536
0.006612877401303901,20.498929089341523
0.0066156050659391605,20.5130955569125
0.00661833031154067,20.52727181469264
0.006621053134192577,20.541457869447797
0.00662377352998131,20.555653727948492
0.006626491494995587,20.569859396969946
0.006629207025326417,20.58407488329202
0.006631920117067135,20.5983001936993
0.006634630766313386,20.612535334981047
0.006637338969163133,20.62678031393121
0.006640044721716698,20.641035137348446
0.006642748020076726,20.65529981203609
0.006645448860348232,20.669574344802204
0.006648147238638595,20.68385874245953
0.006650843151057569,20.69815301182554
0.006653536593717282,20.712457159722394
0.00665622756273227,20.726771192977
0.006658916054219454,20.74109511842094
0.006661602064298178,20.755428942890553
0.00666428558909021,20.76977267322689
0.006666966624719737,20.784126316275724
0.00666964516731339,20.798489878887573
0.00667232121300026,20.812863367917686
0.006674994757911871,20.82724679022603
0.006677665798182236,20.841640152677332
0.00668033432994784,20.856043462141063
0.006683000349347644,20.870456725491437
0.006685663852523121,20.884879949607416
0.006688324835618228,20.89931314137272
0.0066909832947794476,20.913756307675825
0.0066936392261557915,20.92820945540997
0.006696292625898786,20.94267259147315
0.006698943490162512,20.95714572276815
0.0067015918151036025,20.97162885620248
0.006704237596881236,20.986121998688464
0.006706880831657171,21.000625157143194
0.006709521515595749,21.015138338488534
0.0067121596448638824,21.029661549651138
0.006714795215631097,21.044194797562447
0.006717428224069519,21.058738089158698
0.00672005866635388,21.0732914313809
0.0067226865386615505,21.08785483117487
0.006725311837172531,21.10242829549124
0.0067279345580694575,21.117011831285428
0.006730554697537624,21.131605445517664
0.006733172251764988,21.146209145152987
0.006735787216942174,21.160822937161257
0.0067383995892624825,21.17544682851714
0.006741009364921911,21.190080826200127
0.006743616540119151,21.20472493719454
0.006746221111055602,21.219379168489503
0.006748823073935371,21.234043527078992
0.006751422424965303,21.248718019961817
0.006754019160354976,21.263402654141615
0.006756613276316714,21.27809743662687
0.00675920476906558,21.292802374430913
0.006761793634819417,21.307517474571895
0.00676437986979882,21.322242744072852
0.006766963470227185,21.336978189961652
0.006769544432330689,21.351723819271033
0.006772122752338307,21.366479639038587
0.006774698426481819,21.381245656306763
0.006777271450995829,21.396021878122887
0.006779841822117768,21.410808311539157
0.006782409536087889,21.42560496361263
0.006784974589149309,21.440411841405254
0.006787536977547986,21.455228951983866
0.006790096697532743,21.470056302420147
0.006792653745355279,21.484893899790706
0.006795208117270164,21.499741751177023
0.00679775980953487,21.514599863665484
0.006800308818409769,21.529468244347363
0.006802855140158129,21.544346900318846
0.0068053987710461426,21.55923583868099
0.006807939707342933,21.574135066539803
0.006810477945320552,21.589044591006175
0.006813013481253996,21.603964419195925
0.006815546311421231,21.618894558229783
0.006818076432103162,21.6338350152334
0.0068206038395836775,21.648785797337354
0.006823128530149655,21.66374691167715
0.006825650500090947,21.678718365393223
0.00682816974570042,21.69370016563095
0.0068306862632739294,21.708692319540624
0.006833200049110367,21.723694834277502
0.006835711099511646,21.73870771700178
0.006838219410782701,21.7537309748786
0.006840724979231533,21.76876461507806
0.006843227801169183,21.783808644775203
0.00684572787290976,21.798863071150056
0.0068482251907704345,21.81392790138756
0.006850719751071475,21.829003142677667
0.006853211550136215,21.84408880221528
0.006855700584291109,21.859184887200275
0.006858186849865713,21.874291404837507
0.006860670343192691,21.889408362336805
0.006863151060607838,21.904535766912986
0.006865628998450093,21.919673625785848
0.006868104153061519,21.934821946180183
0.006870576520787345,21.94998073532578
0.006873046097975962,21.965150000457403
0.0068755128809789194,21.98032974881484
0.006877976866150958,21.99551998764287
0.006880438049850006,22.010720724191284
0.006882896428437179,22.02593196571488
0.0068853519982768115,22.041153719473485
0.006887804755736436,22.056385992731904
0.006890254697186826,22.071628792760002
0.006892701819001982,22.08688212683265
0.006895146117559149,22.102146002229752
0.00689758758923881,22.11742042623624
0.006900026230424728,22.132705406142087
0.006902462037503912,22.14800094924229
0.0069048950068666655,22.163307062836903
0.006907325134906576,22.17862375423102
0.0069097524180205165,22.193951030734773
0.006912176852608674,22.20928889966337
0.006914598435074546,22.224637368337042
0.006917017161824948,22.239996444081097
0.006919433029270028,22.255366134225913
0.006921846033823279,22.27074644610692
0.006924256171901535,22.28613738706462
0.0069266634399249875,22.30153896444461
0.0069290678343172036,22.316951185597517
0.006931469351505108,22.332374057879086
0.006933867987919026,22.34780758865013
0.006936263739992675,22.36325178527656
0.006938656604163152,22.378706655129367
0.0069410465768709965,22.394172205584642
0.006943433654560136,22.409648444023567
0.006945817833677945,22.42513537783243
0.006948199110675234,22.440633014402625
0.006950577482006255,22.456141361130662
0.006952952944128703,22.47166042541813
0.006955325493503759,22.487190214671763
0.006957695126596052,22.50273073630341
0.006960061839873706,22.51828199773004
0.006962425629808333,22.533844006373737
0.0069647864928750434,22.549416769661747
0.006967144425552445,22.56500029502639
0.006969499424322668,22.58059458990518
0.006971851485671373,22.59619966174074
0.006974200606087736,22.61181551798085
0.006976546782064494,22.62744216607843
0.006978890010097919,22.64307961349155
0.006981230286687849,22.658727867683442
0.0069835676083376905,22.674386936122485
0.006985901971554428,22.69005682628223
0.006988233372848623,22.70573754564138
0.006990561808734441,22.721429101683835
0.006992887275729635,22.737131501898613
0.006995209770355585,22.75284475377996
0.0069975292891372816,22.768568864827277
0.006999845828603344,22.784303842545153
0.007002159385286032,22.800049694443363
0.007004469955721256,22.815806428036883
0.007006777536448565,22.83157405084585
0.007009082124011184,22.847352570395625
0.007011383714956002,22.863141994216765
0.007013682305833595,22.878942329845035
0.00701597789319822,22.894753584821398
0.007018270473607841,22.910575766692038
0.007020560043624114,22.926408883008342
0.0070228465998124255,22.942252941326927
0.007025130138741874,22.95810794920963
0.007027410656985288,22.973973914223507
0.007029688151119251,22.98985084394086
0.007031962617724071,23.005738745939198
0.007034234053383834,23.02163762780128
0.007036502454686388,23.037547497115117
0.0070387678182233454,23.053468361473946
0.007041030140590106,23.069400228476265
0.007043289418385876,23.085343105725826
0.007045545648213631,23.101297000831604
0.007047798826680181,23.117261921407867
0.007050048950396146,23.133237875074133
0.007052296015975961,23.149224869455185
0.007054540020037904,23.16522291218108
0.007056780959204101,23.181232010887143
0.007059018830100514,23.197252173213975
0.007061253629356974,23.213283406807463
0.007063485353607179,23.229325719318776
0.007065713999488695,23.245379118404376
0.007067939563642983,23.261443611725987
0.007070162042715397,23.277519206950664
0.0070723814333551755,23.293605911750745
0.007074597732215484,23.30970373380387
0.007076810935953407,23.325812680792996
0.007079021041229942,23.341932760406383
0.00708122804471003,23.358063980337583
0.007083431943062549,23.37420634828549
0.00708563273296034,23.390359871954317
0.0070878304110801975,23.406524559053597
0.007090024974102877,23.422700417298184
0.007092216418713117,23.438887454408277
0.0070944047415996475,23.455085678109402
0.007096589939455189,23.471295096132422
0.007098772008976449,23.48751571621355
0.007100950946864162,23.50374754609434
0.00710312674982308,23.519990593521705
0.007105299414561965,23.536244866247888
0.007107468937793628,23.552510372030508
0.007109635316234922,23.56878711863255
0.0071117985466067485,23.585075113822356
0.007113958625634073,23.601374365373633
0.007116115550045921,23.617684881065482
0.0071182693165754,23.634006668682336
0.007120419921959699,23.650339736014043
0.007122567362940097,23.666684090855828
0.007124711636261982,23.6830397410083
0.007126852738674852,23.699406694277464
0.0071289906669323,23.71578495847471
0.007131125417792073,23.732174541416835
0.0071332569880160415,23.748575450926033
0.007135385374370206,23.7649876948299
0.007137510573624734,23.78141128096147
0.007139632582553934,23.797846217159137
0.0071417513979362985,23.81429251126675
0.0071438670165544825,23.830750171133577
0.007145979435195332,23.847219204614305
0.007148088650649867,23.863699619569044
0.007150194659713329,23.880191423863344
0.007152297459185149,23.896694625368198
0.007154397045868975,23.913209231960003
0.007156493416572695,23.929735251520636
0.0071585865681083995,23.946272691937413
0.007160676497292438,23.962821561103095
0.007162763200945409,23.979381866915897
0.007164846675892151,23.995953617279497
0.007166926918961776,24.012536820103033
0.007169003926987675,24.02913148330111
0.0071710776968074985,24.045737614793797
0.007173148225263202,24.06235522250666
0.007175215509201021,24.078984314370693
0.007177279545471507,24.095624898322413
0.0071793403309295244,24.112276982303815
0.007181397862434239,24.128940574262373
0.007183452136849165,24.145615682151057
0.007185503151042139,24.16230231392835
0.0071875509018853485,24.179000477558194
0.007189595386255322,24.19571018101007
0.00719163660103296,24.21243143225896
0.007193674543103513,24.22916423928535
0.007195709209356627,24.245908610075244
0.007197740596686313,24.262664552620166
0.007199768701990989,24.279432074917167
0.007201793522173453,24.29621118496882
0.007203815054140921,24.31300189078322
0.0072058332948050285,24.329804200374014
0.007207848241081818,24.34661812176039
0.0072098598898917765,24.363443662967036
0.0072118682381598145,24.380280832024233
0.007213873282815299,24.397129636967794
0.007215875020792054,24.41399008583908
0.00721787344902835,24.430862186685022
0.007219868564466942,24.447745947558115
0.0072218603640550475,24.464641376516383
0.00722384884474438,24.481548481623456
0.00722583400349114,24.49846727094853
0.007227815837256037,24.515397752566372
0.007229794343004272,24.532339934557328
0.007231769517705571,24.54929382500733
0.007233741358334193,24.5662594320079
0.007235709861868905,24.58323676365615
0.007237675025293034,24.60022582805479
0.007239636845594448,24.61722663331214
0.007241595319765559,24.634239187542082
0.007243550444803352,24.65126349886415
0.007245502217709385,24.668299575403477
0.007247450635489775,24.685347425290807
0.007249395695155242,24.702407056662498
0.007251337393721096,24.719478477660548
0.007253275728207233,24.736561696432574
0.007255210695638177,24.753656721131797
0.007257142293043048,24.770763559917114
0.0072590705174556,24.787882220953037
0.007260995365914224,24.80501271240973
0.00726291683546193,24.822155042463
0.00726483492314639,24.839309219294293
0.007266749626019919,24.856475251090732
0.007268660941139508,24.873653146045083
0.007270568865566794,24.89084291235577
0.007272473396368111,24.90804455822691
0.007274374530614458,24.925258091868233
0.0072762722653815365,24.942483521495202
0.007278166597749748,24.95972085532893
0.007280057524804189,24.976970101596212
0.007281945043634678,24.994231268529536
0.007283829151335758,25.011504364367088
0.007285709845006684,25.028789397352707
0.0072875871217514656,25.04608637573597
0.007289460978678834,25.063395307772144
0.007291331412902298,25.080716201722193
0.007293198421540098,25.098049065852802
0.007295062001715262,25.115393908436364
0.00729692215055557,25.132750737750982
0.0072987788651936005,25.150119562080487
0.007300632142766705,25.167500389714434
0.007302481980417033,25.18489322894811
0.007304328375291551,25.20229808808254
0.007306171324542009,25.219714975424452
0.00730801082532499,25.23714389928635
0.007309846874801909,25.254584867986477
0.007311679470138988,25.272037889848814
0.007313508608507307,25.289502973203103
0.007315334287082791,25.306980126384854
0.0073171565030462045,25.324469357735293
0.007318975253583185,25.34197067560146
0.007320790535884238,25.359484088336135
0.0073226023471447315,25.37700960429789
0.007324410684564927,25.394547231851057
0.007326215545349979,25.412096979365753
0.0073280169267099194,25.429658855217887
0.007329814825859703,25.447232867789143
0.007331609240019194,25.464819025467012
0.0073334001664131536,25.482417336644787
0.007335187602271295,25.500027809721516
0.007336971544828253,25.517650453102103
0.007338751991323593,25.53528527519724
0.007340528939001839,25.552932284423434
0.007342302385112469,25.570591489203007
0.007344072326909906,25.588262897964103
0.007345838761653566,25.605946519140705
0.007347601686607816,25.623642361172575
0.007349361099042016,25.641350432505366
0.007351116996230519,25.659070741590536
0.0073528693754526635,25.676803296885392
0.007354618233992795,25.69454810685309
0.00735636356914028,25.712305179962627
0.0073581053781894825,25.730074524688852
0.007359843658439801,25.74785614951248
0.007361578407195673,25.765650062920077
0.007363309621766558,25.783456273404095
0.007365037299466967,25.801274789462806
0.007366761437616471,25.819105619600407
0.007368482033539685,25.83694877232695
0.007370199084566297,25.854804256158367
0.007371912588031077,25.872672079616486
0.0073736225412738545,25.89055225122902
0.0073753289416395645,25.908444779529557
0.0073770317864782185,25.926349673057604
0.00737873107314494,25.944266940358563
0.007380426798999959,25.962196589983744
0.007382118961408617,25.980138630490366
0.007383807557741367,25.998093070441556
0.007385492585373801,26.016059918406366
0.007387174041686651,26.034039182959766
0.0073888519240657684,26.052030872682657
0.00739052622990217,26.07003499616186
0.0073921969565920245,26.08805156199015
0.007393864101536653,26.106080578766203
0.007395527662142558,26.124122055094677
0.0073971876358214,26.142175999586154
0.007398844019990037,26.160242420857177
0.007400496812070512,26.17832132753024
0.00740214600949005,26.19641272823381
0.007403791609681094,26.214516631602276
0.0074054336100812836,26.232633046276028
0.007407072008133478,26.25076198090143
0.007408706801285758,26.268903444130803
0.007410337986991437,26.287057444622462
0.007411965562709049,26.305223991040698
0.0074135895259023815,26.323403092055788
0.00741520987404047,26.34159475634401
0.007416826604597591,26.359798992587628
0.0074184397150533,26.378015809474924
0.0074200492028924135,26.396245215700148
0.007421655065605013,26.414487219963586
0.007423257300686474,26.432741830971544
0.0074248559056374445,26.45100905743632
0.007426450877963882,26.469288908076255
0.0074280422151770335,26.487581391615702
0.007429629914793456,26.50588651678506
0.007431213974335016,26.52420429232072
0.0074327943913289115,26.542534726965158
0.00743437116330764,26.560877829466868
0.007435944287809065,26.579233608580395
0.0074375137623763675,26.597602073066334
0.007439079584558071,26.615983231691335
0.007440641751908063,26.634377093228103
0.007442200261985585,26.65278366645541
0.007443755112355241,26.671202960158094
0.0074453063005869985,26.68963498312708
0.007446853824256221,26.708079744159313
0.007448397680943631,26.72653725205788
0.0074499378682353545,26.745007515631922
0.007451474383722921,26.763490543696676
0.007453007225003236,26.78198634507347
0.007454536389678642,26.800494928589735
0.007456061875356885,26.81901630307897
0.007457583679651117,26.837550477380816
0.007459101800179939,26.85609746034101
0.007460616234567382,26.874657260811404
0.007462126980442896,26.893229887649962
0.007463634035441405,26.911815349720772
0.00746513739720326,26.93041365589405
0.0074666370633742875,26.949024815046144
0.007468133031605771,26.967648836059528
0.007469625299554466,26.98628572782282
0.007471113864882598,27.0049354992308
0.007472598725257881,27.023598159184342
0.007474079878353522,27.042273716590522
0.007475557321848206,27.06096218036255
0.007477031053426141,27.079663559419803
0.007478501070777022,27.098377862687816
0.007479967371596066,27.117105099098314
0.0074814299535840125,27.135845277589144
0.007482888814447113,27.154598407104377
0.007484343951897162,27.17336449659425
0.007485795363651491,27.192143555015182
0.0074872430474329545,27.21093559132979
0.007488687000969983,27.229740614506873
0.007490127221996547,27.24855863352144
0.0074915637082521745,27.2673896573547
0.007492996457481968,27.286233694994056
0.0074944254674366014,27.305090755433152
0.007495850735872317,27.323960847671803
0.0074972722605509525,27.342843980716076
0.007498690039239938,27.361740163578258
0.007500104069712283,27.380649405276856
0.0075015143497466135,27.39957171483662
0.007502920877127157,27.418507101288522
0.007504323649643751,27.437455573669805
0.007505722665091864,27.456417141023906
0.007507117921272572,27.475391812400556
0.007508509415992597,27.494379596855726
0.0075098971470642945,27.513380503451646
0.007511281112305648,27.532394541256807
0.007512661309540301,27.55142171934597
0.007514037736597554,27.570462046800166
0.0075154103913123655,27.589515532706702
0.007516779271525342,27.60858218615916
0.007518144375082784,27.627662016257432
0.007519505699836645,27.646755032107645
0.007520863243644579,27.66586124282227
0.007522217004369926,27.684980657520054
0.007523566979881702,27.70411328532605
0.007524913168054637,27.723259135371613
0.007526255566769166,27.742418216794434
0.007527594173911424,27.76159053873846
0.007528928987373267,27.78077611035402
0.007530260005052268,27.799974940797725
0.0075315872248517286,27.819187039232542
0.007532910644680686,27.838412414827754
0.007534230262453914,27.857651076758984
0.007535546076091914,27.8769030342082
0.007536858083520957,27.896168296363708
0.00753816628267306,27.915446872420173
0.0075394706714859904,27.934738771578605
0.007540771247903289,27.954044003046395
0.0075420680098742705,27.97336257603725
0.00754336095535401,27.992694499771286
0.007544650082303374,28.012039783474982
0.007545935388689022,28.03139843638119
0.007547216872483383,28.050770467729137
0.00754849453166471,28.07015588676446
0.0075497683642170264,28.08955470273914
0.007551038368130189,28.108966924911584
0.007552304541399864,28.128392562546598
0.007553566882027521,28.147831624915383
0.00755482538802046,28.16728412129555
0.007556080057391823,28.18675006097111
0.007557330888160562,28.206229453232513
0.007558577878351477,28.22572230737661
0.007559821025995227,28.245228632706688
0.007561060329128298,28.264748438532465
0.0075622957857930375,28.28428173417006
0.007563527394037661,28.30382852894208
0.0075647551519162385,28.32338883217754
0.007565979057488717,28.34296265321192
0.00756719910882091,28.36255000138714
0.007568415303984517,28.3821508860516
0.007569627641057126,28.401765316560112
0.007570836118122203,28.421393302273998
0.0075720407332691185,28.441034852561028
0.007573241484593148,28.46068997679546
0.007574438370195458,28.48035868435802
0.0075756313881831325,28.500040984635916
0.007576820536669173,28.519736887022848
0.007578005813772504,28.539446400919008
0.007579187217617962,28.559169535731083
0.007580364746336329,28.57890630087226
0.007581538398064304,28.59865670576224
0.007582708170944544,28.61842075982721
0.007583874063125645,28.63819847249989
0.007585036072762145,28.65798985321952
0.0075861941980145476,28.677794911431857
0.007587348437049311,28.69761365658919
0.007588498788038854,28.71744609815035
0.007589645249161569,28.73729224558067
0.007590787818601826,28.757152108352056
0.007591926494549959,28.77702569594295
0.007593061275202305,28.796913017838353
0.00759419215876117,28.816814083529806
0.0075953191434348696,28.836728902515418
0.0075964422274377085,28.856657484299866
0.007597561408990001,28.876599838394384
0.0075986766863180505,28.89655597431679
0.007599788057654191,28.916525901591474
0.0076008955212367715,28.936509629749423
0.0076019990753101495,28.95650716832817
0.007603098718124716,28.976518526871878
0.007604194447936897,28.996543714931295
0.007605286263009142,29.01658274206377
0.007606374161609958,29.03663561783325
0.007607458142013871,29.05670235181032
0.007608538202501474,29.076782953572117
0.007609614341359419,29.096877432702456
0.007610686556880392,29.116985798791756
0.00761175484736316,29.137108061437058
0.007612819211112555,29.157244230242043
0.00761387964643947,29.177394314817022
0.0076149361516608845,29.197558324778957
0.007615988725099856,29.21773626975144
0.007617037365085526,29.23792815936474
0.007618082069953119,29.258134003255766
0.007619122838043962,29.27835381106806
0.007620159667705472,29.298587592451877
0.007621192557291175,29.318835357064113
0.0076222215051607025,29.339097114568343
0.007623246509679789,29.359372874634822
0.0076242675692203,29.379662646940503
0.007625284682160199,29.399966441168978
0.007626297846883593,29.42028426701058
0.007627307061780706,29.440616134162322
0.007628312325247906,29.460962052327922
0.007629313635687674,29.481322031217797
0.007630310991508658,29.50169608054908
0.007631304391125642,29.522084210045623
0.0076322938329595495,29.542486429437986
0.007633279315437475,29.562902748463465
0.007634260836992649,29.583333176866077
0.0076352383960644876,29.603777724396593
0.007636211991098557,29.62423640081248
0.007637181620546594,29.644709215877988
0.007638147282866517,29.665196179364102
0.007639108976522421,29.685697301048556
0.007640066699984576,29.706212590715847
0.007641020451729448,29.72674205815725
0.007641970230239682,29.74728571317075
0.0076429160340041324,29.76784356556116
0.007643857861517842,29.788415625140054
0.007644795711282051,29.809001901725775
0.00764572958180422,29.829602405143465
0.007646659471598009,29.85021714522505
0.007647585379183303,29.870846131809245
0.007648507303086191,29.891489374741575
0.007649425241838991,29.912146883874364
0.007650339193980257,29.93281866906676
0.007651249158054751,29.953504740184673
0.00765215513261349,29.974205107100893
0.0076530571162137144,29.994919779695
0.007653955107418913,30.01564876785341
0.007654849104798822,30.036392081469373
0.00765573910692942,30.057149730442973
0.007656625112392937,30.07792172468115
0.0076575071197778725,30.098708074097647
0.007658385127678971,30.119508788613103
0.007659259134697247,30.140323878155
0.007660129139439992,30.161153352657678
0.007660995140520753,30.18199722206234
0.00766185713655936,30.202855496317063
0.007662715126181929,30.223728185376803
0.007663569108020837,30.244615299203385
0.007664419080714776,30.26551684776553
0.00766526504290871,30.286432841038852
0.007666106993253889,30.307363289005824
0.007666944930407877,30.328308201655858
0.007667778853034534,30.349267588985256
0.007668608759804021,30.37024146099722
0.007669434649392801,30.39122982770188
0.007670256520483663,30.41223269911629
0.007671074371765695,30.433250085264383
0.007671888201934316,30.45428199617706
0.007672698009691253,30.47532844189214
0.007673503793744571,30.496389432454396
0.007674305552808657,30.517464977915516
0.0076751032856042295,30.538555088334157
0.007675896990858342,30.55965977377591
0.007676686667304393,30.58077904431333
0.007677472313682117,30.60191291002594
0.007678253928737591,30.62306138100022
0.007679031511223252,30.644224467329632
0.007679805059897869,30.66540217911458
0.007680574573526591,30.686594526462482
0.007681340050880908,30.707801519487735
0.007682101490738683,30.729023168311723
0.007682858891884131,30.75025948306282
0.007683612253107848,30.77151047387642
0.0076843615732067935,30.792776150894873
0.007685106850984304,30.814056524267585
0.0076858480852501024,30.835351604150965
0.007686585274820273,30.856661400708436
0.007687318418517307,30.87798592411044
0.007688047515170068,30.89932518453446
0.007688772563613814,30.920679192165004
0.007689493562690197,30.942047957193616
0.007690210511247268,30.963431489818895
0.007690923408139472,30.984829800246487
0.007691632252227669,31.006242898689063
0.007692337042379104,31.02767079536638
0.007693037777467452,31.049113500505257
0.007693734456372791,31.07057102433957
0.007694427077981606,31.092043377110276
0.007695115641186816,31.113530569065404
0.007695800144887754,31.13503261046008
0.0076964805879901664,31.156549511556474
0.00769715696940624,31.178081282623893
0.0076978292880545895,31.19962793393873
0.007698497542860256,31.221189475784467
0.007699161732754713,31.242765918451706
0.00769982185667589,31.264357272238158
0.007700477913568136,31.285963547448645
0.007701129902382252,31.307584754395116
0.007701777822075495,31.329220903396642
0.0077024216716115555,31.350872004779447
0.007703061449960583,31.372538068876835
0.007703697156099191,31.39421910602931
0.0077043287890104315,31.415915126584498
0.00770495634768383,31.437626140897176
0.00770557983111538,31.459352159329285
0.0077061992383075225,31.481093192249933
0.0077068145682691845,31.50284925003535
0.007707425820015753,31.524620343068985
0.007708032992569088,31.54640648174145
0.00770863608495754,31.568207676450534
0.00770923509621592,31.59002393760121
0.0077098300253855305,31.611855275605645
0.007710420871514155,31.633701700883204
0.0077110076336560735,31.655563223860447
0.007711590310872034,31.67743985497114
0.007712168902229294,31.699331604656265
0.007712743406801597,31.721238483364015
0.007713313823669186,31.743160501549823
0.007713880151918801,31.765097669676294
0.007714442390643686,31.787049998213316
0.007715000538943581,31.809017497637996
0.007715554595924745,31.8310001784347
0.007716104560699934,31.852998051094982
0.00771665043238842,31.87501112611771
0.007717192210115993,31.897039414008972
0.007717729893014943,31.91908292528214
0.007718263480224099,31.941141670457828
0.007718792970888795,31.963215660063938
0.00771931836416089,31.985304904635637
0.0077198396591987685,32.00740941471538
0.007720356855167352,32.029529200852906
0.0077208699512380735,32.05166427360524
0.007721378946588909,32.07381464353671
0.00772188384040437,32.09598032121895
0.0077223846318754934,32.118161317230864
0.00772288132019986,32.14035764215871
0.007723373904581594,32.162569306596055
0.00772386238423136,32.18479632114376
0.007724346758366363,32.20703869641005
0.0077248270262103525,32.22929644301044
0.007725303186993639,32.251569571567806
0.00772577523995307,32.273858092712366
0.007726243184332057,32.296162017081684
0.007726707019380555,32.31848135532067
0.007727166744355081,32.34081611808159
0.007727622358518716,32.36316631602408
0.0077280738611410936,32.38553195981512
0.007728521251498412,32.40791306012909
0.0077289645288734325,32.43030962764773
0.007729403692555487,32.452721673060175
0.007729838741840475,32.47514920706295
0.007730269676030858,32.49759224035993
0.007730696494435684,32.52005078366243
0.007731119196370565,32.54252484768916
0.007731537781157688,32.56501444316625
0.007731952248125822,32.587519580827184
0.007732362596610317,32.61004027141294
0.007732768825953094,32.63257652567187
0.00773317093550267,32.655128354359775
0.0077335689246141376,32.67769576823988
0.007733962792649176,32.700278778082854
0.00773435253897606,32.7228773946668
0.007734738162969642,32.74549162877728
0.007735119664011379,32.76812149120731
0.0077354970414893085,32.79076699275736
0.007735870294798079,32.81342814423536
0.007736239423338913,32.836104956456715
0.007736604426519652,32.858797440244324
0.007736965303754726,32.8815056064285
0.007737322054465161,32.904229465847116
0.007737674678078603,32.92696902934549
0.00773802317402929,32.949724307776485
0.007738367541758061,32.97249531200038
0.007738707780712378,32.99528205288503
0.007739043890346291,33.018084541305775
0.007739375870120479,33.04090278814548
0.007739703719502224,33.063736804294514
0.007740027437965423,33.0865866006508
0.00774034702499058,33.10945218811976
0.007740662480064829,33.13233357761438
0.0077409738026819035,33.15523078005517
0.0077412809923421725,33.178143806370194
0.007741584048552616,33.20107266749507
0.007741882970826833,33.22401737437298
0.007742177758685053,33.24697793795463
0.007742468411654119,33.269954369198345
0.007742754929267508,33.29294667906999
0.007743037311065318,33.31595487854303
0.007743315556594278,33.33897897859852
0.007743589665407743,33.362018990225046
0.0077438596370657,33.38507492441885
0.007744125471134761,33.40814679218375
0.007744387167188176,33.43123460453118
0.007744644724805834,33.45433837248016
0.007744898143574242,33.477458107057345
0.007745147423086556,33.500593819297016
0.007745392562942564,33.52374552024105
0.0077456335627487,33.54691322093899
0.007745870422118019,33.570096932447996
0.0077461031406702305,33.59329666583287
0.00774633171803168,33.61651243216607
0.007746556153835353,33.63974424252767
0.007746776447720886,33.66299210800546
0.007746992599334548,33.68625603969485
0.007747204608329257,33.70953604869895
0.007747412474364586,33.73283214612849
0.007747616197106737,33.75614434310193
0.007747815776228576,33.7794726507454
0.0077480112114096025,33.8028170801927
0.007748202502335976,33.82617764258536
0.0077483896487005035,33.84955434907257
0.007748572650202646,33.87294721081126
0.007748751506548506,33.89635623896604
0.007748926217450846,33.919781444709265
0.007749096782629083,33.94322283922099
0.007749263201809283,33.966680433689
0.007749425474724174,33.990154239308815
0.007749583601113126,34.01364426728371
0.007749737580722176,34.03715052882465
0.00774988741330402,34.06067303515039
0.007750033098618005,34.08421179748744
0.007750174636430135,34.10776682707007
0.007750312026513081,34.131338135140275
0.007750445268646164,34.15492573294785
0.007750574362615365,34.17852963175038
0.007750699308213338,34.20214984281319
0.007750820105239384,34.22578637740942
0.007750936753499469,34.24943924681999
0.007751049252806234,34.27310846233362
0.007751157602978958,34.29679403524682
0.007751261803843603,34.320495976863924
0.007751361855232792,34.34421429849707
0.0077514577569858,34.367949011466216
0.007751549508948584,34.39170012709915
0.007751637110973749,34.415467656731444
0.007751720562920574,34.43925161170657
0.0077517998646550075,34.463052003375786
0.0077518750160496565,34.486868843098236
0.007751946016983794,34.5107021422409
0.0077520128673433655,34.534551912178586
0.007752075567020979,34.55841816429399
0.00775213411591591,34.58230090997768
0.007752188513934105,34.60620016062808
0.007752238760988175,34.630115927651495
0.007752284856997398,34.65404822246212
0.007752326801887729,34.677997056482035
0.007752364595591774,34.7019624411412
0.007752398238048824,34.72594438787749
0.007752427729204832,34.74994290813669
0.007752453069012422,34.77395801337247
0.007752474257430882,34.79798971504646
0.007752491294426176,34.822038024628135
0.007752504179970935,34.84610295359497
0.007752512914044455,34.87018451343234
0.007752517496632705,34.89428271563359
0.007752517927728326,34.91839757169992
0.007752514207330622,34.94252909314058
0.007752506335445572,34.96667729147271
0.007752494312085821,34.990842178221456
0.0077524781372706845,35.01502376491989
0.007752457811026153,35.039222063109065
0.0077524333333848705,35.06343708433802
0.007752404704386167,35.08766884016377
0.0077523719240760345,35.11191734215131
0.007752334992507131,35.136182601873635
0.007752293909738789,35.16046463091173
0.007752248675837008,35.1847634408546
0.007752199290874452,35.20907904329926
0.0077521457549304595,35.23341144985069
0.007752088068091033,35.257760672121954
0.00775202623044884,35.2821267217341
0.007751960242103226,35.30650961031626
0.007751890103160189,35.33090934950551
0.00775181581373241,35.355325950947055
0.007751737373939222,35.3797594262941
0.0077516547839066394,35.40420978720794
0.0077515680437673234,35.428677045357894
0.007751477153660623,35.453161212421364
0.007751382113732531,35.477662300083814
0.007751282924135719,35.502180320038796
0.007751179585029527,35.526715283987926
0.0077510720965799414,35.55126720364092
0.007750960458959628,35.575836090715576
0.00775084467234791,35.60042195693782
0.007750724736930771,35.62502481404162
0.00775060065290086,35.64964467376911
0.007750472420457492,35.67428154787052
0.0077503400398066325,35.69893544810421
0.007750203511160915,35.723606386236625
0.007750062834739634,35.748294374042395
0.0077499180107687355,35.772999423304256
0.0077497690394808345,35.7977215458131
0.007749615921115199,35.82246075336796
0.007749458655917753,35.84721705777603
0.007749297244141083,35.87199047085265
0.007749131686044425,35.896781004421356
0.0077489619818936735,35.92158867031381
0.00774878813196138,35.94641348036989
0.007748610136526748,35.97125544643764
0.0077484279958756315,35.99611458037328
0.007748241710300545,36.020990894041276
0.00774805128010065,36.0458843993142
0.007747856705581753,36.07079510807291
0.00774765798705632,36.09572303220644
0.007747455124843468,36.12066818361208
0.00774724811926895,36.145630574195266
0.00774703697066518,36.17061021586972
0.007746821679371208,36.19560712055739
0.00774660224573274,36.220621300188455
0.007746378670102115,36.24565276670133
0.007746150952838331,36.2707015320427
0.007745919094307017,36.2957676081675
0.007745683094880445,36.32085100703891
0.007745442954937531,36.34595174062841
0.007745198674863834,36.371069820915714
0.007744950255051554,36.396205259888845
0.007744697695899511,36.4213580695441
0.007744440997813182,36.44652826188609
0.007744180161204677,36.47171584892765
0.007743915186492722,36.49692084269
0.007743646074102705,36.52214325520263
0.00774337282446663,36.54738309850336
0.007743095438023124,36.572640384638284
0.007742813915217466,36.59791512566187
0.007742528256501547,36.6232073336369
0.007742238462333888,36.64851702063449
0.0077419445331796495,36.67384419873411
0.0077416464695105975,36.699188880023556
0.007741344271805133,36.724551076599006
0.007741037940548283,36.74993080056496
0.007740727476231694,36.775328064034326
0.007740412879353621,36.80074287912835
0.007740094150418948,36.82617525797667
0.007739771289939182,36.85162521271733
0.007739444298432435,36.87709275549668
0.0077391131764234355,36.90257789846955
0.007738777924443529,36.92808065379914
0.007738438543030672,36.95360103365707
0.0077380950327294315,36.97913905022333
0.007737747394090977,37.00469471568636
0.0077373956276730995,37.03026804224302
0.007737039734040184,37.05585904209861
0.007736679713763219,37.08146772746684
0.007736315567419805,37.10709411056987
0.007735947295594141,37.13273820363831
0.0077355748988770165,37.15840001891124
0.007735198377865831,37.18407956863615
0.007734817733164581,37.209776865069045
0.0077344329653838435,37.235491920474374
0.007734044075140805,37.261224747125056
0.007733651063059237,37.28697535730254
0.007733253929769499,37.312743763296666
0.007732852675908548,37.338529977405855
0.007732447302119912,37.364334011937
0.007732037809053717,37.39015587920551
0.007731624197366674,37.41599559153526
0.007731206467722058,37.441853161258685
0.007730784620789743,37.46772860071674
0.007730358657246171,37.4936219222589
0.007729928577774366,37.51953313824317
0.007729494383063918,37.5454622610361
0.007729056073810999,37.571409303012786
0.007728613650718341,37.59737427655688
0.007728167114495253,37.62335719406058
0.007727716465857612,37.64935806792467
0.007727261705527848,37.67537691055849
0.007726802834234966,37.70141373437995
0.0077263398527145305,37.72746855181556
0.00772587276170866,37.75354137530039
0.007725401561966034,37.77963221727812
0.0077249262542418845,37.80574109020103
0.007724446839297993,37.83186800653004
0.007723963317902709,37.85801297873459
0.007723475690830903,37.88417601929283
0.007722983958864021,37.91035714069148
0.007722488122790035,37.93655635542592
0.007721988183403467,37.962773676000154
0.007721484141505376,37.98900911492681
0.007720975997903364,38.0152626847272
0.007720463753411565,38.041534397931244
0.007719947408850649,38.06782426707756
0.007719426965047817,38.09413230471342
0.007718902422836806,38.12045852339475
0.007718373783057867,38.1468029356862
0.0077178410465577885,38.17316555416103
0.007717304214189878,38.19954639140124
0.00771676328681396,38.22594545999752
0.007716218265296384,38.252362772549276
0.007715669150510011,38.278798341664555
0.007715115943334218,38.30525217996019
0.007714558644654892,38.3317243000617
0.007713997255364427,38.35821471460335
0.007713431776361729,38.3847234362281
0.007712862208552207,38.41125047758769
0.007712288552847766,38.43779585134257
0.007711710810166815,38.46435957016196
0.007711128981434266,38.49094164672382
0.00771054306758151,38.51754209371489
0.007709953069546445,38.54416092383065
0.007709358988273452,38.57079814977539
0.007708760824713396,38.59745378426217
0.007708158579823632,38.62412784001278
0.0077075522545680016,38.650820329757885
0.007706941849916809,38.67753126623689
0.0077063273668468504,38.70426066219807
0.007705708806341388,38.7310085303984
0.0077050861693901615,38.75777488360376
0.007704459456989378,38.784559734588846
0.007703828670141704,38.81136309613714
0.007703193809856276,38.83818498104101
0.007702554877148694,38.86502540210162
0.007701911873041007,38.891884372129
0.007701264798561728,38.918761903942034
0.007700613654745821,38.94565801036846
0.007699958442634694,38.97257270424489
0.007699299163276208,38.999505998416794
0.00769863581772467,39.026457905738546
0.00769796840704082,39.053428439073336
0.007697296932291843,39.08041761129333
0.007696621394551365,39.10742543527953
0.007695941794899429,39.13445192392187
0.007695258134422529,39.161497090119205
0.007694570414213564,39.18856094677923
0.007693878635371875,39.215643506818644
0.007693182799003219,39.24274478316304
0.007692482906219767,39.26986478874693
0.007691778958140108,39.29700353651379
0.007691070955889251,39.324161039416026
0.007690358900598601,39.351337310415005
0.007689642793405978,39.37853236248104
0.0076889226354556065,39.405746208593406
0.007688198427898105,39.43297886174037
0.007687470171890497,39.46023033491914
0.007686737868596192,39.487500641135966
0.007686001519184998,39.514789793405996
0.007685261124833107,39.54209780475344
0.0076845166867231,39.5694246882115
0.007683768206043932,39.596770456822384
0.007683015683990944,39.624135123637274
0.007682259121765853,39.65151870171643
0.007681498520576735,39.6789212041291
0.007680733881638055,39.706342643953576
0.007679965206170633,39.73378303427719
0.007679192495401647,39.761242388196315
0.0076784157505646435,39.78872071881638
0.007677634972899524,39.81621803925185
0.007676850163652532,39.84373436262629
0.007676061324076272,39.871269702072304
0.007675268455429697,39.89882407073158
0.007674471558978089,39.92639748175488
0.007673670635993075,39.95398994830211
0.007672865687752628,39.981601483542164
0.007672056715541039,40.00923210065312
0.007671243720648938,40.03688181282215
0.007670426704373276,40.06455063324554
0.007669605668017324,40.09223857512865
0.0076687806128906836,40.11994565168601
0.007667951540309256,40.14767187614129
0.007667118451595261,40.175417261727276
0.007666281348077235,40.2031818216859
0.007665440231090004,40.230965569268264
0.007664595101974703,40.2587685177346
0.007663745962078772,40.28659068035433
0.007662892812755926,40.31443207040603
0.00766203565536619,40.34229270117745
0.007661174491275867,40.37017258596554
0.007660309321857541,40.398071738076446
0.0076594401484900805,40.42599017082545
0.0076585669725586294,40.453927897537106
0.007657689795454598,40.48188493154514
0.007656808618575673,40.50986128619251
0.007655923443325803,40.537856974831406
0.007655034271115194,40.565872010823185
0.007654141103360314,40.5939064075385
0.007653243941483886,40.62196017835722
0.007652342786914877,40.65003333666847
0.007651437641088503,40.67812589587062
0.007650528505446227,40.70623786937131
0.007649615381435738,40.734369270587415
0.007648698270510973,40.762520112945126
0.007647777174132091,40.790690409879886
0.007646852093765482,40.81888017483642
0.007645923030883757,40.84708942126877
0.007644989986965751,40.87531816264026
0.007644052963496503,40.90356641242349
0.007643111961967279,40.93183418410041
0.007642166983875531,40.960121491162276
0.007641218030724936,40.98842834710969
0.00764026510402536,41.01675476545251
0.007639308205292861,41.04510075971002
0.007638347336049694,41.073466343410786
0.0076373824978243025,41.10185153009276
0.007636413692151305,41.13025633330323
0.007635440920571505,41.158680766598856
0.007634464184631886,41.187124843545654
0.0076334834858855895,41.215588577719025
0.007632498825891935,41.24407198270375
0.007631510206216397,41.27257507209401
0.007630517628430616,41.301097859493346
0.00762952109411238,41.329640358514744
0.007628520604845629,41.35820258278059
0.007627516162220453,41.38678454592263
0.00762650776783308,41.41538626158209
0.0076254954232858755,41.44400774340961
0.007624479130187336,41.47264900506527
0.007623458890152097,41.50131006021855
0.007622434704800903,41.529990922548414
0.007621406575760633,41.558691605743284
0.007620374504664278,41.58741212350102
0.007619338493150936,41.61615248952895
0.007618298542865816,41.6449127175439
0.007617254655460234,41.67369282127215
0.007616206832591597,41.702492814449464
0.007615155075923412,41.73131271082112
0.007614099387125271,41.76015252414188
0.007613039767872864,41.789012268176016
0.00761197621984794,41.81789195669733
0.007610908744738349,41.84679160348908
0.007609837344237995,41.87571122234412
0.007608762020046859,41.904650827064806
0.007607682773870986,41.93361043146304
0.007606599607422466,41.96259004936027
0.007605512522419465,41.991589694587475
0.007604421520586184,42.020609380985206
0.007603326603652869,42.0496491224036
0.007602227773355814,42.078708932702334
0.00760112503143734,42.107788825750674
0.007600018379645807,42.13688881542749
0.0075989078197356025,42.166008915621205
0.007597793353467128,42.19514914022988
0.00759667498260681,42.224309503161145
0.007595552708927079,42.25349001833227
0.007594426534206386,42.282690699670134
0.007593296460229173,42.31191156111125
0.0075921624887858915,42.34115261660172
0.00759102462167298,42.37041388009732
0.007589882860692863,42.39969536556347
0.007588737207653962,42.42899708697526
0.007587587664370664,42.45831905831737
0.007586434232663342,42.48766129358422
0.007585276914358333,42.517023806779854
0.007584115711287941,42.546406611918016
0.007582950625290427,42.57580972302213
0.007581781658210016,42.605233154125315
0.007580608811896875,42.63467691927037
0.007579432088207121,42.664141032509825
0.0075782514890028125,42.6936255079059
0.007577067016151939,42.72313035953054
0.007575878671528426,42.752655601465435
0.0075746864570121275,42.78220124780196
0.007573490374488812,42.811767312641294
0.007572290425850168,42.84135381009428
0.007571086612993795,42.870960754281576
0.007569878937823197,42.90058815933357
0.007568667402247778,42.93023603939046
0.007567452008182851,42.95990440860213
0.0075662327575496,42.98959328112831
0.007565009652275109,43.019302671138504
0.007563782694292334,43.049032592812
0.007562551885540117,43.07878306033789
0.007561317227963168,43.10855408791507
0.007560078723512053,43.13834568975224
0.007558836374143211,43.16815788006794
0.00755759018181893,43.19799067309051
0.007556340148507352,43.22784408305815
0.007555086276182459,43.257718124218876
0.007553828566824072,43.287612810830595
0.007552567022417855,43.31752815716098
0.0075513016449552965,43.34746417748764
0.007550032436433711,43.37742088609802
0.0075487593988562245,43.40739829728947
0.007547482534231785,43.4373964253692
0.007546201844575149,43.46741528465428
0.00754491733190687,43.4974548894717
0.007543628998253305,43.52751525415837
0.007542336845646601,43.55759639306107
0.007541040876124687,43.58769832053653
0.007539741091731287,43.617821050951385
0.007538437494515888,43.64796459868219
0.007537130086533753,43.678128978115446
0.0075358188698459155,43.708314203647596
0.007534503846519163,43.738520289685034
0.007533185018626036,43.768747250644104
0.007531862388244828,43.798995100951146
0.007530535957459581,43.82926385504238
0.007529205728360066,43.85955352736409
0.007527871703041793,43.88986413237252
0.0075265338836059984,43.92019568453393
0.007525192272159639,43.95054819832448
0.007523846870815388,43.98092168823045
0.007522497681691631,44.01131616874807
0.007521144706912457,44.04173165438359
0.007519787948607659,44.072168159653316
0.007518427408912716,44.10262569908355
0.007517063089968801,44.13310428721067
0.007515694993922774,44.16360393858106
0.007514323122927161,44.19412466775118
0.0075129474791401675,44.22466648928756
0.007511568064725669,44.255229417766756
0.007510184881853188,44.28581346777544
0.007508797932697911,44.31641865391037
0.007507407219440679,44.347044990778315
0.00750601274426796,44.37769249299623
0.007504614509371869,44.40836117519113
0.007503212516950157,44.43905105200017
0.0075018067692061915,44.46976213807053
0.007500397268348967,44.50049444805962
0.007498984016593091,44.531247996634924
0.007497567016158773,44.56202279847408
0.007496146269271836,44.59281886826487
0.007494721778163693,44.6236362207052
0.007493293545071349,44.65447487050317
0.007491861572237395,44.68533483237703
0.007490425861910006,44.71621612105519
0.00748898641634292,44.747118751276254
0.00748754323779545,44.778042737789
0.007486096328532472,44.80898809535243
0.007484645690824412,44.839954838735686
0.007483191326947255,44.870942982718155
0.007481733239182517,44.90195254208945
0.007480271429817259,44.93298353164939
0.0074788059011440785,44.964035966208
0.00747733665546109,44.99510986058557
0.007475863695071935,45.02620522961262
0.007474387022285765,45.057322088129936
0.00747290663941724,45.08846045098853
0.007471422548786522,45.119620333049696
0.007469934752719272,45.15080174918501
0.007468443253546633,45.18200471427629
0.00746694805360524,45.21322924321567
0.007465449155237204,45.24447535090557
0.007463946560790101,45.27574305225869
0.0074624402726169775,45.307032362198065
0.007460930293076342,45.33834329565705
0.007459416624532147,45.36967586757924
0.007457899269353804,45.401030092918646
0.007456378229916154,45.43240598663959
0.007454853508599475,45.46380356371674
0.007453325107789485,45.49522283913505
0.007451793029877305,45.52666382788993
0.007450257277259481,45.55812654498708
0.007448717852337974,45.589611005442606
0.00744717475752014,45.621117224282976
0.007445627995218735,45.65264521654505
0.007444077567851908,45.684194997276066
0.007442523477843187,45.715766581533686
0.007440965727621484,45.74735998438595
0.007439404319621081,45.778975220911335
0.00743783925628162,45.81061230619872
0.007436270540048109,45.84227125534742
0.007434698173370909,45.87395208346721
0.007433122158705722,45.90565480567824
0.0074315424985135934,45.93737943711117
0.007429959195260907,45.96912599290709
0.0074283722514193575,46.0008944882176
0.007426781669465982,46.03268493820467
0.007425187451883116,46.06449735804084
0.007423589601158409,46.0963317629091
0.007421988119784808,46.12818816800296
0.007420383010260567,46.160066588526384
0.0074187742750892105,46.19196703969388
0.007417161916779555,46.22388953673045
0.007415545937845695,46.25583409487163
0.007413926340806985,46.28780072936349
0.007412303128188051,46.31978945546261
0.00741067630251877,46.351800288436145
0.007409045866334263,46.38383324356181
0.007407411822174908,46.4158883361278
0.007405774172586307,46.44796558143295
0.0074041329201192906,46.480064994786666
0.0074024880673299225,46.51218659150892
0.00740083961677947,46.544330386930234
0.007399187571034422,46.576496396391775
0.007397531932666462,46.608684635245304
0.007395872704252473,46.640895118853166
0.007394209888374524,46.67312786258835
0.007392543487619874,46.70538288183447
0.00739087350458095,46.73766019198573
0.007389199941855352,46.769959808447034
0.007387522802045844,46.802281746633874
0.007385842087760348,46.83462602197244
0.007384157801611922,46.86699264989956
0.007382469946218789,46.899381645862725
0.007380778524204279,46.93179302532015
0.007379083538196879,46.96422680374064
0.007377384990830182,46.99668299660376
0.007375682884742899,47.029161619399765
0.007373977222578851,47.061662687629635
0.007372268006986959,47.09418621680498
0.007370555240621235,47.12673222244821
0.007368838926140791,47.15930072009244
0.007367119066209806,47.19189172528151
0.00736539566349754,47.22450525357001
0.00736366872067832,47.257141320523274
0.007361938240431535,47.28979994171741
0.007360204225441618,47.32248113273927
0.00735846667839806,47.355184909186484
0.007356725601995385,47.38791128666746
0.00735498099893315,47.42066028080139
0.007353232871915938,47.45343190721829
0.007351481223653351,47.48622618155895
0.0073497260568600046,47.51904311947494
0.007347967374255516,47.551882736628684
0.007346205178564496,47.58474504869344
0.007344439472516555,47.61763007135331
0.00734267025884628,47.65053782030314
0.007340897540293235,47.68346831124874
0.00733912131960196,47.7164215599067
0.007337341599521946,47.749397582004505
0.0073355583828076465,47.78239639328049
0.0073337716722184625,47.81541800948389
0.0073319814705187355,47.8484624463748
0.007330187780477737,47.88152971972423
0.007328390604869669,47.91461984531405
0.007326589946473656,47.94773283893708
0.007324785808073726,47.980868716397026
0.0073229781924588205,48.01402749350856
0.007321167102422776,48.04720918609719
0.007319352540764314,48.080413809999456
0.007317534510287052,48.1136413810628
0.007315713013799471,48.14689191514564
0.00731388805411493,48.18016542811729
0.00731205963405165,48.213461935858106
0.007310227756432698,48.246781454259384
0.007308392424085996,48.28012399922341
0.0073065536398443055,48.31348958666346
0.007304711406545215,48.34687823250379
0.0073028657270311475,48.38028995267969
0.007301016604149339,48.413724763137445
0.007299164040751835,48.44718267983436
0.007297308039695488,48.480663718738775
0.007295448603841948,48.514167895830056
0.007293585736057647,48.547695227098615
0.007291719439213804,48.58124572854596
0.007289849716186412,48.61481941618454
0.007287976569856229,48.64841630603799
0.007286100003108775,48.68203641414096
0.00728422001883432,48.71567975653923
0.007282336619927878,48.749346349289574
0.007280449809289201,48.783036208459954
0.007278559589822771,48.8167493501294
0.00727666596443779,48.850485790388056
0.007274768936048182,48.8842455453372
0.007272868507572571,48.91802863108921
0.007270964681934281,48.951835063767625
0.007269057462061333,48.98566485950711
0.007267146850886429,49.01951803445349
0.0072652328513469495,49.053394604763746
0.007263315466384948,49.08729458660601
0.007261394698947133,49.12121799615965
0.007259470551984877,49.15516484961509
0.007257543028454195,49.189135163174065
0.0072556121313157385,49.22312895304945
0.007253677863534794,49.257146235465335
0.007251740228081275,49.29118702665705
0.007249799227929711,49.32525134287107
0.007247854866059238,49.35933920036516
0.007245907145453595,49.39345061540832
0.007243956069101115,49.427585604280765
0.007242001639994719,49.461744183273986
0.007240043861131907,49.49592636869072
0.007238082735514746,49.530132176844965
0.007236118266149869,49.564361624062
0.0072341504560484715,49.5986147266784
0.007232179308226282,49.632891501041996
0.007230204825703582,49.667191963511954
0.007228227011505183,49.70151613045875
0.00722624586866042,49.735864018264095
0.007224261400203147,49.770235643321115
0.00722227360917172,49.804631022034215
0.007220282498609009,49.839050170819185
0.00721828807156237,49.87349310610307
0.007216290331083651,49.90795984432435
0.007214289280229168,49.94245040193284
0.007212284922059722,49.97696479538971
0.0072102772596405644,50.01150304116753
0.007208266296041408,50.04606515575023
0.007206252034336413,50.08065115563314
0.007204234477604176,50.11526105732301
0.007202213628927728,50.149894877337964
0.007200189491394525,50.18455263220756
0.007198162068096433,50.21923433847278
0.007196131362129729,50.25394001268603
0.007194097376595095,50.28866967141119
0.0071920601145976015,50.323423331223495
0.007190019579246702,50.35820100870973
0.007187975773656228,50.393002720468104
0.007185928700944377,50.42782848310832
0.007183878364233715,50.46267831325151
0.0071818247666511495,50.49755222753033
0.007179767911327944,50.53245024258892
0.007177707801399692,50.56737237508295
0.007175644440006318,50.60231864167956
0.0071735778302920656,50.63728905905742
0.007171507975405494,50.672283643906745
0.007169434878499467,50.70730241292927
0.007167358542731144,50.742345382838266
0.007165278971261974,50.777412570358564
0.007163196167257689,50.81250399222655
0.007161110133888286,50.84761966519021
0.007159020874328043,50.88275960600901
0.007156928391755476,50.91792383145409
0.007154832689353363,50.95311235830815
0.007152733770308721,50.988325203365484
0.007150631637812789,51.02356238343202
0.00714852629506105,51.05882391532524
0.007146417745253184,51.09410981587429
0.007144305991593089,51.12942010191996
0.007142191037288866,51.164754790314646
0.007140072885552806,51.20011389792241
0.007137951539601375,51.23549744161896
0.00713582700265523,51.27090543829167
0.007133699277939188,51.30633790483958
0.007131568368682221,51.34179485817342
0.007129434278117459,51.377276315215596
0.007127297009482184,51.412782292900204
0.00712515656601779,51.448312808173085
0.007123012950969819,51.483867877991706
0.0071208661675879244,51.51944751932532
0.007118716219125867,51.5550517491549
0.007116563108841517,51.59068058447316
0.007114406839996833,51.626334042284505
0.007112247415857862,51.66201213960514
0.0071100848396947304,51.69771489346303
0.0071079191147816285,51.73344232089789
0.0071057502443968145,51.76919443896122
0.007103578231822597,51.8049712647163
0.007101403080345327,51.8407728152382
0.007099224793255395,51.8765991076138
0.0070970433738472205,51.91245015894178
0.007094858825419239,51.948325986332634
0.0070926711512739,51.984226606908685
0.007090480354717659,52.020152037804095
0.007088286439060956,52.05610229616489
0.007086089407618233,52.09207739914885
0.007083889263707901,52.12807736392572
0.007081686010652342,52.16410220767706
0.007079479651777899,52.200151947596346
0.0070772701904148715,52.236226600888855
0.0070750576298975,52.27232618477182
0.007072841973563965,52.30845071647436
0.007070623224756373,52.3446002132375
0.00706840138682075,52.38077469231417
0.0070661764631070375,52.41697417096923
0.007063948456969072,52.45319866647948
0.007061717371764592,52.489448196133644
0.00705948321085522,52.525722777232396
0.007057245977606456,52.56202242708838
0.007055005675387667,52.59834716302619
0.007052762307572084,52.63469700238243
0.007050515877536788,52.6710719625056
0.007048266388662711,52.70747206075626
0.007046013844334607,52.74389731450696
0.007043758247941068,52.780347741142236
0.0070414996028745,52.816823358058684
0.007039237912531122,52.853324182664835
0.007036973180310955,52.88985023238132
0.007034705409617804,52.926401524640795
0.007032434603859271,52.962978076887964
0.007030160766446728,52.99957990657958
0.007027883900795311,53.03620703118446
0.007025604010323924,53.072859468183495
0.007023321098455212,53.109537235069666
0.007021035168615565,53.146240349348034
0.007018746224235116,53.18296882853575
0.007016454268747702,53.21972269016208
0.007014159305590895,53.256501951768435
0.0070118613382059705,53.29330663090827
0.007009560370037894,53.33013674514723
0.007007256404535332,53.3669923120631
0.007004949445150627,53.40387334924582
0.0070026394953398,53.44077987429741
0.007000326558562528,53.47771190483215
0.006998010638282151,53.51466945847643
0.006995691737965655,53.55165255286887
0.006993369861083665,53.588661205660244
0.006991045011110433,53.62569543451353
0.006988717191523836,53.662755257103925
0.006986386405805363,53.69984069111883
0.006984052657440106,53.73695175425787
0.006981715949916752,53.77408846423292
0.00697937628672758,53.81125083876805
0.006977033671368438,53.84843889559964
0.0069746881073387505,53.8856526524763
0.006972339598141503,53.92289212715887
0.006969988147283228,53.960157337420505
0.006967633758274006,53.99744830104664
0.006965276434627449,54.034765035835015
0.006962916179860699,54.07210755959561
0.006960552997494409,54.109475890150776
0.006958186891052748,54.14687004533515
0.006955817864063376,54.184290042995706
0.006953445920057454,54.22173590099175
0.006951071062569612,54.259207637194926
0.00694869329513797,54.29670526948923
0.006946312621304099,54.33422881577103
0.0069439290446130335,54.37177829394903
0.006941542568613248,54.409353721944335
0.006939153196856666,54.44695511769044
0.006936760932898632,54.484582499133246
0.006934365780297911,54.52223588423099
0.006931967742616689,54.559915290954365
0.006929566823420545,54.597620737286505
0.00692716302627846,54.63535224122294
0.0069247563547627875,54.67310982077168
0.00692234681244928,54.71089349395308
0.006919934402917039,54.74870327880004
0.006917519129748528,54.78653919335791
0.006915100996529569,54.824401255684485
0.00691268000684932,54.86228948385006
0.006910256164300267,54.9002038959374
0.006907829472478232,54.93814451004178
0.006905399934982341,54.976111344270976
0.006902967555415026,55.01410441674528
0.00690053233738202,55.052123745597505
0.006898094284492345,55.090169348973
0.006895653400358301,55.12824124502966
0.006893209688595458,55.16633945193789
0.006890763152822648,55.20446398788067
0.00688831379666195,55.2426148710536
0.006885861623738698,55.2807921196648
0.006883406637681452,55.31899575193495
0.006880948842122,55.35722578609738
0.00687848824069535,55.395482240397996
0.006876024837039711,55.433765133095314
0.006873558634796492,55.47207448246047
0.006871089637610303,55.51041030677722
0.006868617849128925,55.548772624341964
0.006866143273003309,55.58716145346375
0.00686366591288758,55.62557681246426
0.006861185772439007,55.66401871967786
0.006858702855318006,55.702487193451574
0.006856217165188134,55.7409822521451
0.006853728705716074,55.77950391413088
0.0068512374805716255,55.818052197793925
0.006848743493427695,55.85662712153208
0.0068462467479602955,55.89522870375584
0.006843747247848527,55.93385696288848
0.006841244996774574,55.9725119173659
0.006838739998423689,56.01119358563684
0.006836232256484203,56.04990198616275
0.006833721774647481,56.08863713741786
0.0068312085566079464,56.12739905788914
0.006828692606063067,56.166187766076355
0.006826173926713323,56.20500328049204
0.006823652522262226,56.243845619661535
0.006821128396416295,56.28271480212299
0.00681860155288504,56.32161084642734
0.006816071995380979,56.360533771138364
0.006813539727619601,56.39948359483269
0.006811004753319375,56.438460336099695
0.006808467076201732,56.4774640135417
0.006805926699991059,56.51649464577384
0.006803383628414694,56.555552251424146
0.006800837865202903,56.59463684913345
0.006798289414088892,56.633748457555534
0.006795738278808777,56.672887095357055
0.006793184463101593,56.712052781217565
0.006790627970709265,56.75124553382952
0.006788068805376616,56.79046537189831
0.006785506970851358,56.82971231414223
0.006782942470884067,56.86898637929253
0.006780375309228191,56.908287586093394
0.006777805489640028,56.94761595330197
0.0067752330158787274,56.98697149968836
0.006772657891706271,57.02635424403564
0.006770080120887473,57.065764205139885
0.006767499707189964,57.1052014018101
0.006764916654384189,57.14466585286834
0.006762330966243389,57.184157577149676
0.006759742646543595,57.223676593502205
0.006757151699063629,57.263222920786944
0.0067545581275850804,57.30279657787807
0.0067519619358923,57.34239758366275
0.006749363127772404,57.38202595704121
0.006746761707015243,57.421681716926734
0.006744157677413407,57.46136488224568
0.006741551042762218,57.5010754719375
0.006738941806859715,57.54081350495469
0.006736329973506646,57.5805790002629
0.006733715546506454,57.62037197684085
0.006731098529665283,57.660192453680395
0.006728478926791945,57.70004044978649
0.006725856741697931,57.73991598417729
0.006723231978197406,57.77981907588397
0.006720604640107173,57.819749743950965
0.006717974731246684,57.859708007435835
0.00671534225543803,57.89969388540935
0.006712707216505926,57.939707396955356
0.006710069618277706,57.97974856117098
0.006707429464583309,58.01981739716653
0.006704786759255276,58.0599139240655
0.006702141506128736,58.10003816100462
0.006699493709041394,58.14019012713383
0.006696843371833533,58.18036984161631
0.006694190498347993,58.2205773236285
0.006691535092430168,58.26081259236005
0.006688877157927997,58.30107566701391
0.006686216698691951,58.341366566806286
0.006683553718575021,58.38168531096671
0.006680888221432727,58.42203191873788
0.006678220211123083,58.462406409375916
0.0066755496915066,58.50280880215019
0.0066728766664462804,58.54323911634344
0.006670201139807611,58.58369737125164
0.006667523115458537,58.62418358618417
0.006664842597269469,58.66469778046373
0.006662159589113268,58.705239973426394
0.006659474094865233,58.74581018442158
0.006656786118403103,58.78640843281208
0.006654095663607029,58.82703473797407
0.006651402734359582,58.86768911929712
0.006648707334545736,58.90837159618419
0.0066460094680528626,58.949082188051655
0.0066433091387707146,58.989820914329314
0.0066406063505914225,59.03058779446039
0.006637901107409482,59.07138284790156
0.006635193413121753,59.112206094122875
0.0066324832716274365,59.153057552607926
0.00662977068682808,59.193937242853735
0.006627055662627545,59.23484518437083
0.006624338202932038,59.275781396683136
0.006621618311650055,59.31674589932816
0.0066188959926924045,59.35773871185687
0.006616171249972183,59.39875985383375
0.006613444087404775,59.439809344836824
0.006610714508907835,59.48088720445762
0.006607982518401286,59.52199345230122
0.006605248119807298,59.56312810798625
0.006602511317050296,59.60429119114489
0.0065997721140569334,59.6454827214229
0.006597030514756099,59.6867027184796
0.006594286523078892,59.72795120198792
0.0065915401429586275,59.76922819163439
0.006588791378330813,59.81053370711906
0.006586040233133153,59.85186776815571
0.006583286711305526,59.89323039447167
0.006580530816789976,59.93462160580798
0.006577772553530729,59.9760414219192
0.006575011925474144,60.01748986257363
0.006572248936568731,60.058966947553245
0.006569483590765132,60.10047269665363
0.006566715892016117,60.142007129684096
0.006563945844276566,60.18357026646762
0.006561173451503468,60.22516212684089
0.006558398717655905,60.2667827306543
0.006555621646695049,60.30843209777196
0.0065528422425841495,60.35011024807171
0.006550060509288521,60.39181720144513
0.006547276450775539,60.43355297779756
0.006544490071014632,60.47531759704804
0.006541701373977261,60.51711107912943
0.006538910363636927,60.55893344398835
0.006536117043969138,60.60078471158525
0.006533321418951433,60.64266490189425
0.006530523492563339,60.68457403490339
0.0065277232687863795,60.7265121306145
0.006524920751604067,60.7684792090432
0.006522115945001878,60.81047529021898
0.006519308852967267,60.852500394185135
0.006516499479489634,60.89455454099885
0.0065136878285603295,60.93663775073114
0.006510873904172643,60.9787500434669
0.006508057710321784,61.020891439304926
0.00650523925100489,61.06306195835786
0.0065024185302209984,61.105261620752295
0.00649959555197105,61.14749044662872
0.006496770320257876,61.18974845614148
0.006493942839086189,61.232035669458924
0.006491113112462571,61.27435210676331
0.006488281144395463,61.31669778825089
0.0064854469388951645,61.35907273413176
0.006482610499973814,61.401476964630085
0.006479771831645385,61.44391049998397
0.006476930937925671,61.486373360445526
0.006474087822832285,61.528865566280835
0.006471242490384646,61.571387137769996
0.006468394944603968,61.61393809520712
0.006465545189513248,61.65651845890035
0.006462693229137266,61.69912824917186
0.006459839067502559,61.74176748635785
0.00645698270863744,61.78443619080861
0.006454124156571955,61.827134382888474
0.006451263415337896,61.86986208297587
0.0064484004889687856,61.91261931146323
0.006445535381499867,61.95540608875718
0.006442668096968094,61.99822243527839
0.006439798639412119,62.041068371461705
0.006436927012872296,62.083943917755974
0.006434053221390651,62.12684909462429
0.006431177269010893,62.169783922543836
0.00642829915977839,62.21274842200597
0.0064254188977401665,62.2557426135162
0.006422536486944889,62.29876651759419
0.006419651931442868,62.34182015477381
0.006416765235286034,62.38490354560311
0.00641387640252794,62.42801671064434
0.006410985437223737,62.47115967047396
0.006408092343430186,62.514332445682655
0.00640519712520563,62.55753505687536
0.006402299786609997,62.60076752467116
0.006399400331704781,62.644029869703495
0.006396498764553036,62.68732211262002
0.006393595089219371,62.7306442740827
0.006390689309769935,62.77399637476767
0.00638778143027241,62.81737843536546
0.0063848714547960015,62.86079047658088
0.006381959387411428,62.90423251913302
0.006379045232190916,62.947704583755296
0.006376128993208178,62.99120669119548
0.0063732106745384215,63.03473886221564
0.006370290280258326,63.07830111759223
0.006367367814446037,63.12189347811604
0.006364443281181159,63.165515964592245
0.00636151668454475,63.20916859784037
0.006358588028619291,63.252851398694354
0.0063556573174887035,63.29656438800256
0.006352724555238335,63.34030758662766
0.0063497897459549296,63.38408101544683
0.006346852893726638,63.427884695351665
0.006343914002643001,63.47171864724822
0.006340973076794948,63.515582892056884
0.006338030120274772,63.55947745071262
0.006335085137176135,63.603402344164834
0.006332138131594051,63.64735759337738
0.006329189107624882,63.69134321932863
0.006326238069366316,63.73535924301143
0.006323285020917377,63.77940568543315
0.006320329966378399,63.82348256761567
0.006317372909851026,63.86758991059541
0.006314413855438199,63.911727735423305
0.006311452807244148,63.955896063164865
0.0063084897693743746,64.00009491490016
0.006305524745935662,64.04432431172376
0.0063025577410360445,64.08858427474489
0.006299588758784812,64.13287482508736
0.006296617803292491,64.17719598388952
0.006293644878670839,64.22154777230442
0.006290669989032841,64.26593021149962
0.006287693138492697,64.31034332265737
0.006284714331165801,64.35478712697457
0.0062817335711687515,64.39926164566273
0.006278750862619322,64.44376689994806
0.006275766209636471,64.48830291107141
0.006272779616340317,64.53286970028832
0.006269791086852138,64.577467288869
0.006266800625294356,64.6220956980984
0.0062638082357905365,64.66675494927614
0.0062608139224653685,64.71144506371658
0.006257817689444661,64.75616606274885
0.006254819540855338,64.80091796771669
0.006251819480825421,64.84570079997872
0.006248817513484017,64.89051458090826
0.006245813642961322,64.93535933189348
0.006242807873388603,64.98023507433717
0.006239800208898189,65.02514182965707
0.006236790653623462,65.07007961928565
0.0062337792116988495,65.1150484646702
0.0062307658872598135,65.16004838727284
0.006227750684442844,65.2050794085705
0.006224733607385442,65.25014155005499
0.006221714660226119,65.29523483323294
0.006218693847104384,65.34035927962587
0.006215671172160734,65.38551491077013
0.006212646639536644,65.430701748217
0.0062096202533745625,65.47591981353263
0.006206592017817887,65.52116912829811
0.006203561937010983,65.56644971410935
0.006200530015099142,65.61176159257728
0.006197496256228599,65.65710478532773
0.006194460664546499,65.70247931400152
0.006191423244200915,65.7478852002543
0.0061883839993408145,65.79332246575683
0.0061853429341160665,65.83879113219474
0.006182300052677416,65.88429122126874
0.006179255359176494,65.92982275469446
0.0061762088577657906,65.97538575420258
0.006173160552598662,66.02098024153878
0.0061701104478293035,66.06660623846376
0.006167058547612758,66.11226376675329
0.0061640048561048865,66.15795284819816
0.006160949377462386,66.20367350460423
0.0061578921158427485,66.24942575779245
0.006154833075404278,66.29520962959879
0.00615177226030607,66.34102514187437
0.006148709674707999,66.38687231648537
0.0061456453227707155,66.43275117531313
0.006142579208655633,66.47866174025408
0.006139511336524925,66.52460403321977
0.006136441710541505,66.5705780761369
0.006133370334869025,66.61658389094735
0.006130297213671867,66.66262149960814
0.006127222351115127,66.70869092409146
0.006124145751364612,66.7547921863847
0.00612106741858683,66.80092530849045
0.006117987356948976,66.84709031242649
0.006114905570618927,66.8932872202258
0.0061118220637652295,66.93951605393664
0.006108736840557101,66.98577683562245
0.006105649905164399,67.03206958736199
0.0061025612617576375,67.07839433124914
0.00609947091450796,67.1247510893932
0.006096378867587132,67.17113988391867
0.006093285125167536,67.21756073696541
0.0060901896914221714,67.26401367068844
0.006087092570524622,67.31049870725822
0.006083993766649066,67.3570158688605
0.006080893283970261,67.40356517769635
0.006077791126663531,67.4501466559822
0.006074687298904767,67.49676032594978
0.006071581804870407,67.54340620984625
0.00606847464873743,67.59008432993413
0.0060653658346833525,67.6367947084913
0.006062255366886211,67.68353736781103
0.0060591432495245585,67.73031233020204
0.006056029486777453,67.77711961798845
0.006052914082824448,67.82395925350981
0.006049797041845583,67.87083125912106
0.006046678368021383,67.91773565719264
0.006043558065532829,67.96467247011044
0.00604043613856137,68.01164172027586
0.006037312591288904,68.05864343010568
0.006034187427897767,68.10567762203225
0.0060310606525707305,68.1527443185034
0.006027932269490984,68.1998435419825
0.006024802282842136,68.24697531494841
0.006021670696808196,68.29413965989554
0.006018537515573567,68.34133659933384
0.006015402743323045,68.38856615578881
0.006012266384241792,68.43582835180155
0.006009128442515345,68.48312320992868
0.006005988922329603,68.53045075274247
0.006002847827870798,68.57781100283079
0.005999705163325526,68.625203982797
0.005996560932880694,68.67262971526024
0.005993415140723541,68.7200882228552
0.0059902677910416155,68.7675795282322
0.005987118888022768,68.81510365405732
0.0059839684358551515,68.86266062301212
0.00598081643872719,68.91025045779399
0.005977662900827601,68.95787318111596
0.005974507826345355,69.00552881570673
0.005971351219469687,69.05321738431073
0.005968193084390077,69.10093890968813
0.005965033425296253,69.14869341461478
0.005961872246378164,69.19648092188231
0.005958709551825989,69.24430145429808
0.005955545345830111,69.29215503468522
0.005952379632581124,69.34004168588265
0.005949212416269809,69.38796143074507
0.005946043701087142,69.43591429214287
0.005942873491224268,69.4839002929624
0.0059397017908725,69.53191945610577
0.005936528604223306,69.57997180449091
0.005933353935468316,69.62805736105153
0.005930177788799283,69.67617614873728
0.0059270001684081025,69.72432819051365
0.0059238210784867875,69.77251350936197
0.0059206405232274635,69.82073212827947
0.005917458506822362,69.86898407027928
0.0059142750334638065,69.91726935839041
0.005911090107344209,69.96558801565783
0.005907903732656055,70.01394006514238
0.0059047159135919005,70.06232552992087
0.0059015266543443615,70.11074443308605
0.005898335959106098,70.15919679774665
0.005895143832069811,70.20768264702735
0.005891950277428245,70.25620200406877
0.005888755299374154,70.30475489202759
0.0058855589021003085,70.35334133407646
0.005882361089799482,70.4019613534041
0.005879161866664453,70.45061497321514
0.0058759612368879804,70.49930221673033
0.005872759204662796,70.54802310718645
0.005869555774181611,70.59677766783636
0.005866350949637087,70.64556592194896
0.005863144735221839,70.69438789280922
0.0058599371351284275,70.74324360371824
0.005856728153549342,70.79213307799321
0.0058535177946769995,70.84105633896742
0.005850306062703729,70.89001340999029
0.005847092961821766,70.93900431442738
0.005843878496223243,70.98802907566045
0.005840662670100185,71.03708771708726
0.005837445487644493,71.08618026212193
0.005834226953047936,71.13530673419463
0.005831007070502145,71.18446715675184
0.005827785844198614,71.23366155325607
0.005824563278328667,71.2828899471862
0.0058213393770834695,71.3321523620373
0.005818114144654014,71.38144882132063
0.005814887585231103,71.43077934856376
0.0058116597030053565,71.48014396731045
0.005808430502167191,71.5295427011208
0.005805199986906809,71.57897557357116
0.0058019681614142,71.62844260825415
0.005798735029879123,71.67794382877874
0.005795500596491104,71.72747925877017
0.005792264865439421,71.77704892187008
0.005789027840913098,71.82665284173638
0.005785789527100902,71.8762910420433
0.0057825499281913256,71.92596354648153
0.0057793090483725775,71.97567037875805
0.005776066891832577,72.02541156259633
0.005772823462758959,72.07518712173606
0.005769578765339033,72.1249970799335
0.005766332803759804,72.17484146096123
0.005763085582207952,72.22472028860831
0.005759837104869824,72.27463358668022
0.005756587375931421,72.32458137899891
0.005753336399578401,72.37456368940276
0.005750084179996053,72.42458054174665
0.005746830721369305,72.47463195990194
0.005743576027882708,72.52471796775647
0.005740320103720424,72.57483858921464
0.005737062953066224,72.62499384819728
0.0057338045801034725,72.67518376864189
0.005730544989015128,72.72540837450232
0.005727284183983723,72.77566768974914
0.0057240221691913645,72.82596173836941
0.005720758948819714,72.87629054436684
0.005717494527050001,72.9266541317616
0.005714228908062985,72.97705252459053
0.005710962096038968,73.02748574690715
0.005707694095157782,73.07795382278148
0.005704424909598772,73.12845677630025
0.005701154543540796,73.17899463156684
0.005697883001162211,73.22956741270123
0.005694610286640872,73.28017514384013
0.005691336404154111,73.33081784913688
0.005688061357878742,73.38149555276155
0.005684785151991038,73.43220827890092
0.005681507790666737,73.48295605175846
0.0056782292780810225,73.53373889555434
0.0056749496184085235,73.58455683452551
0.005671668815823296,73.63540989292567
0.00566838687449882,73.6862980950253
0.005665103798607994,73.73722146511156
0.00566181959232312,73.78818002748848
0.005658534259815901,73.83917380647688
0.005655247805257423,73.89020282641437
0.005651960232818159,73.94126711165536
0.005648671546667947,73.99236668657116
0.005645381750975999,74.04350157554983
0.005642090849910873,74.09467180299633
0.005638798847640478,74.14587739333251
0.005635505748332056,74.19711837099707
0.005632211556152182,74.24839476044559
0.005628916275266754,74.29970658615056
0.005625619909840976,74.35105387260143
0.0056223224640393615,74.40243664430446
0.005619023942025717,74.45385492578293
0.005615724347963136,74.50530874157708
0.0056124236860139835,74.55679811624411
0.005609121960339911,74.60832307435808
0.005605819175101815,74.65988364051016
0.005602515334459849,74.71147983930847
0.005599210442573416,74.76311169537813
0.005595904503601148,74.8147792333613
0.00559259752170091,74.86648247791715
0.005589289501029784,74.91822145372188
0.0055859804457440605,74.96999618546879
0.005582670359999233,75.02180669786817
0.00557935924794999,75.07365301564748
0.005576047113750206,75.12553516355119
0.005572733961552929,75.17745316634091
0.005569419795510374,75.22940704879538
0.005566104619773925,75.28139683571038
0.005562788438494112,75.33342255189892
0.005559471255820603,75.3854842221911
0.005556153075902207,75.43758187143425
0.005552833902886861,75.48971552449275
0.005549513740921617,75.54188520624827
0.005546192594152638,75.59409094159965
0.0055428704667251855,75.64633275546291
0.005539547362783616,75.69861067277131
0.0055362232864713725,75.75092471847536
0.005532898241930973,75.80327491754277
0.005529572233304005,75.85566129495852
0.005526245264731112,75.9080838757249
0.005522917340351992,75.9605426848614
0.0055195884643053856,76.01303774740485
0.0055162586407290675,76.06556908840942
0.005512927873759841,76.11813673294647
0.005509596167533528,76.17074070610481
0.005506263526184958,76.22338103299055
0.0055029299538479634,76.27605773872715
0.005499595454655371,76.32877084845538
0.005496260032738992,76.38152038733345
0.005492923692229616,76.43430638053695
0.005489586437256999,76.48712885325885
0.005486248271949864,76.53998783070953
0.005482909200435874,76.59288333811682
0.00547956922684165,76.64581540072594
0.0054762283552927385,76.69878404379959
0.005472886589913623,76.75178929261791
0.005469543934827701,76.80483117247854
0.005466200394157283,76.85790970869655
0.005462855972023582,76.91102492660457
0.005459510672546705,76.96417685155272
0.005456164499845653,77.01736550890854
0.005452817458038298,77.07059092405724
0.005449469551241386,77.12385312240151
0.005446120783570524,77.17715212936164
0.005442771159140178,77.23048797037538
0.0054394206820636585,77.28386067089815
0.00543606935645311,77.33727025640296
0.0054327171864195145,77.39071675238038
0.005429364176072669,77.44420018433865
0.00542601032952119,77.4977205778036
0.005422655650872498,77.5512779583187
0.005419300144232811,77.60487235144511
0.005415943813707138,77.65850378276158
0.005412586663399269,77.71217227786464
0.005409228697411771,77.76587786236841
0.005405869919845971,77.81962056190477
0.005402510334801956,77.87340040212335
0.005399149946378571,77.92721740869136
0.005395788758673389,77.9810716072939
0.0053924267757827285,78.03496302363374
0.005389064001801622,78.0888916834315
0.005385700440823836,78.14285761242542
0.005382336096941832,78.19686083637166
0.00537897097424678,78.25090138104414
0.0053756050768285464,78.30497927223459
0.005372238408775676,78.35909453575258
0.005368870974175399,78.41324719742546
0.005365502777113613,78.46743728309852
0.005362133821674876,78.52166481863483
0.005358764111942405,78.57592982991538
0.00535539365199806,78.63023234283902
0.00535202244592234,78.68457238332252
0.005348650497794374,78.73894997730058
0.005345277811691917,78.79336515072572
0.005341904391691337,78.8478179295685
0.00533853024186761,78.90230833981741
0.005335155366294305,78.95683640747892
0.005331779769043596,79.01140215857734
0.005328403454186227,79.06600561915513
0.005325026425791525,79.12064681527268
0.005321648687927383,79.17532577300838
0.005318270244660254,79.23004251845866
0.005314891100055144,79.28479707773798
0.005311511258175604,79.33958947697883
0.005308130723083721,79.39441974233179
0.005304749498840111,79.4492878999655
0.00530136758950391,79.50419397606667
0.005297984999132772,79.55913799684014
0.00529460173178285,79.61411998850882
0.005291217791508801,79.6691399773138
0.005287833182363772,79.72419798951421
0.00528444790839939,79.77929405138741
0.005281061973665758,79.83442818922887
0.005277675382211443,79.88960042935234
0.00527428813808348,79.94481079808956
0.005270900245327347,80.00005932179063
0.005267511707986969,80.0553460268238
0.005264122530104712,80.11067093957556
0.005260732715721365,80.16603408645061
0.005257342268876138,80.22143549387194
0.00525395119360666,80.27687518828075
0.005250559493948961,80.33235319613657
0.005247167173937473,80.38786954391713
0.005243774237605016,80.44342425811857
0.0052403806889827955,80.49901736525524
0.005236986532100387,80.55464889185993
0.005233591770985745,80.61031886448357
0.0052301964096651745,80.66602730969565
0.005226800452163336,80.72177425408391
0.005223403902503237,80.77755972425447
0.005220006764706218,80.83338374683194
0.00521660904279196,80.88924634845912
0.005213210740778458,80.9451475557974
0.005209811862682023,81.00108739552657
0.005206412412517276,81.05706589434479
0.005203012394297137,81.11308307896873
0.005199611812032823,81.1691389761335
0.005196210669733827,81.22523361259269
0.0051928089714079265,81.28136701511839
0.00518940672106117,81.33753921050118
0.005186003922697866,81.39375022555014
0.005182600580320578,81.4500000870929
0.0051791966979301204,81.50628882197567
0.00517579227952555,81.56261645706307
0.005172387329104149,81.61898301923846
0.005168981850661432,81.67538853540366
0.0051655758481911306,81.73183303247916
0.0051621693256851875,81.78831653740397
0.005158762287133747,81.84483907713577
0.005155354736525152,81.9014006786509
0.005151946677845934,81.95800136894427
0.005148538115080805,82.0146411750295
0.005145129052212653,82.07132012393886
0.005141719493222531,82.12803824272329
0.005138309442089655,82.18479555845245
0.005134898902791388,82.2415920982147
0.0051314878793032445,82.29842788911708
0.00512807637559887,82.35530295828544
0.005124664395650048,82.4122173328643
0.005121251943426674,82.46917104001705
0.005117839022896777,82.52616410692565
0.005114425638026478,82.58319656079105
0.0051110117927800095,82.64026842883288
0.00510759749111969,82.6973797382897
0.005104182737005936,82.75453051641871
0.005100767534397235,82.81172079049608
0.005097351887250151,82.86895058781683
0.005093935799519311,82.92621993569479
0.005090519275157405,82.9835288614627
0.0050871023181151675,83.04087739247217
0.005083684932341384,83.09826555609372
0.005080267121782871,83.15569337971681
0.00507684889038448,83.21316089074978
0.005073430242089081,83.27066811661994
0.005070011180837561,83.32821508477356
0.005066591710568814,83.3858018226759
0.005063171835219741,83.4434283578111
0.005059751558725231,83.50109471768239
0.005056330885018162,83.55880092981198
0.005052909818029393,83.61654702174111
0.005049488361687753,83.67433302103008
0.005046066519920044,83.73215895525811
0.005042644296651019,83.79002485202363
0.005039221695803388,83.84793073894407
0.005035798721297803,83.90587664365596
0.005032375377052858,83.96386259381492
0.0050289516669850725,84.0218886170957
0.005025527595008893,84.07995474119217
0.005022103165036686,84.1380609938173
0.005018678380978722,84.1962074027033
0.005015253246743178,84.25439399560145
0.0050118277662361274,84.31262080028226
0.005008401943361529,84.37088784453547
0.005004975782021233,84.42919515616988
0.005001549286114955,84.48754276301366
0.004998122459540283,84.54593069291417
0.004994695306192668,84.604358973738
0.0049912678299654165,84.66282763337095
0.004987840034749678,84.72133669971818
0.00498441192443445,84.77988620070408
0.004980983502906555,84.83847616427236
0.004977554774050653,84.89710661838603
0.004974125741749215,84.95577759102746
0.004970696409882534,85.01448911019828
0.004967266782328706,85.07324120391955
0.004963836862963625,85.13203390023166
0.0049604066556609835,85.19086722719439
0.004956976164292256,85.24974121288689
0.004953545392726699,85.30865588540773
0.004950114344831342,85.36761127287494
0.00494668302447098,85.42660740342586
0.004943251435508172,85.48564430521739
0.004939819581803223,85.54472200642587
0.0049363874672141836,85.60384053524713
0.004932955095596854,85.66299991989635
0.0049295224708047584,85.72220018860838
0.004926089596689148,85.78144136963749
0.004922656477098997,85.84072349125752
0.004919223115880989,85.9000465817618
0.004915789516879515,85.95941066946327
0.004912355683936666,86.0188157826944
0.004908921620892226,86.07826194980724
0.004905487331583663,86.13774919917346
0.00490205281984613,86.19727755918429
0.004898618089512445,86.25684705825064
0.004895183144413098,86.31645772480304
0.004891747988376242,86.3761095872916
0.004888312625227676,86.43580267418615
0.004884877058790851,86.49553701397622
0.004881441292886855,86.55531263517098
0.00487800533133441,86.61512956629936
0.004874569177949873,86.67498783590989
0.004871132836547211,86.73488747257093
0.004867696310938011,86.79482850487058
0.004864259604931465,86.85481096141667
0.004860822722334371,86.91483487083678
0.004857385666951115,86.97490026177834
0.004853948442583679,87.03500716290851
0.004850511053031622,87.09515560291429
0.004847073502092078,87.15534561050251
0.004843635793559756,87.21557721439983
0.004840197931226921,87.27585044335275
0.004836759918883395,87.33616532612773
0.004833321760316559,87.3965218915109
0.004829883459311325,87.45692016830849
0.004826445019650152,87.51736018534655
0.004823006445113021,87.57784197147112
0.004819567739477449,87.638365555548
0.00481612890651846,87.69893096646312
0.004812689950008599,87.75953823312233
0.00480925087371791,87.82018738445139
0.004805811681413936,87.88087844939614
0.004802372376861722,87.94161145692235
0.0047989329638237896,88.00238643601584
0.004795493446060146,88.06320341568248
0.004792053827328271,88.12406242494815
0.004788614111383114,88.18496349285881
0.004785174301977087,88.24590664848047
0.004781734402860052,88.30689192089928
0.004778294417779326,88.36791933922146
0.004774854350479671,88.42898893257328
0.0047714142047032785,88.49010073010122
0.00476797398418978,88.55125476097189
0.004764533692676221,88.6124510543721
0.004761093333897075,88.67368963950868
0.004757652911584225,88.7349705456088
0.004754212429466958,88.79629380191976
0.004750771891271964,88.85765943770909
0.004747331300723325,88.91906748226454
0.004743890661542514,88.98051796489408
0.004740449977448381,89.04201091492598
0.004737009252157158,89.10354636170874
0.004733568489382441,89.16512433461116
0.004730127692835195,89.22674486302233
0.00472668686622374,89.28840797635165
0.004723246013253742,89.3501137040289
0.00471980513762823,89.41186207550403
0.004716364243047555,89.47365312024752
0.004712923333209407,89.53548686775017
0.004709482411808805,89.59736334752314
0.004706041482538095,89.65928258909794
0.00470260054908693,89.72124462202657
0.004699159615142278,89.78324947588142
0.004695718684388408,89.84529718025532
0.00469227776050689,89.90738776476154
0.004688836847176582,89.96952125903383
0.004685395948073637,90.03169769272641
0.004681955066871478,90.093917095514
0.004678514207240806,90.15617949709181
0.004675073372849595,90.21848492717561
0.004671632567363078,90.28083341550166
0.004668191794443745,90.34322499182682
0.004664751057751334,90.4056596859285
0.004661310360942839,90.46813752760458
0.004657869707672484,90.53065854667372
0.004654429101591729,90.59322277297505
0.00465098854634926,90.65583023636843
0.004647548045590991,90.7184809667342
0.004644107602960049,90.7811749939735
0.004640667222096769,90.84391234800805
0.004637226906638696,90.90669305878029
0.004633786660220572,90.96951715625335
0.0046303464864743335,91.03238467041102
0.0046269063890291015,91.09529563125787
0.0046234663715111835,91.15825006881919
0.004620026437544062,91.22124801314098
0.0046165865907483875,91.28428949429006
0.0046131468347419815,91.347374542354
0.00460970717313982,91.41050318744118
0.004606267609554034,91.47367545968079
0.0046028281475939065,91.53689138922276
0.004599388790865862,91.60015100623795
0.0045959495429734555,91.66345434091807
0.00459251040751738,91.72680142347568
0.004589071388095456,91.79019228414413
0.004585632488302621,91.8536269531778
0.004582193711730925,91.9171054608519
0.004578755061969534,91.9806278374626
0.004575316542604713,92.04419411332698
0.004571878157219826,92.10780431878308
0.004568439909395333,92.17145848418991
0.004565001802708776,92.23515663992747
0.004561563840734783,92.29889881639672
0.004558126027045059,92.36268504401966
0.004554688365208377,92.42651535323931
0.004551250858790574,92.49038977451977
0.0045478135113545546,92.55430833834606
0.004544376326460273,92.6182710752244
0.004540939307664734,92.68227801568204
0.004537502458521981,92.74632919026742
0.004534065782583107,92.81042462954986
0.00453062928339623,92.87456436412002
0.004527192964506496,92.93874842458965
0.004523756829456079,93.00297684159162
0.004520320881784163,93.06724964578
0.00451688512502695,93.13156686783002
0.004513449562717646,93.19592853843812
0.004510014198386458,93.26033468832199
0.004506579035560588,93.32478534822049
0.004503144077764232,93.38928054889374
0.00449970932851857,93.45382032112313
0.004496274791341762,93.51840469571134
0.00449284046974894,93.58303370348234
0.0044894063672522135,93.64770737528129
0.004485972487360652,93.71242574197478
0.0044825388335802815,93.77718883445075
0.004479105409414085,93.84199668361846
0.0044756722183619995,93.90684932040841
0.004472239263920896,93.97174677577264
0.004468806549584594,94.03668908068452
0.004465374078843838,94.10167626613881
0.004461941855186308,94.16670836315173
0.0044585098820966035,94.23178540276086
0.004455078163056243,94.29690741602533
0.004451646701543658,94.36207443402566
0.004448215501034192,94.42728648786385
0.004444784565000085,94.49254360866345
0.004441353896910479,94.55784582756948
0.004437923500231409,94.62319317574847
0.004434493378425796,94.68858568438856
0.004431063534953448,94.75402338469931
0.004427633973271047,94.81950630791195
0.004424204696832151,94.88503448527929
0.0044207757090871805,94.95060794807577
0.0044173470134834265,95.0162267275973
0.004413918613465034,95.08189085516155
0.004410490512473001,95.1476003621078
0.0044070627139451745,95.21335527979699
0.004403635221316246,95.2791556396117
0.004400208038017741,95.34500147295626
0.004396781167478024,95.41089281125663
0.004393354613122288,95.47682968596055
0.004389928378372543,95.54281212853748
0.004386502466647626,95.60884017047857
0.004383076881363186,95.67491384329684
0.004379651625931674,95.74103317852702
0.004376226703762358,95.80719820772556
0.004372802118261296,95.87340896247088
0.004369377872831344,95.9396654743631
0.00436595397087215,96.00596777502429
0.004362530415780144,96.07231589609819
0.004359107210948538,96.13870986925059
0.004355684359767323,96.20514972616908
0.004352261865623254,96.27163549856317
0.004348839731899859,96.33816721816429
0.004345417961977422,96.40474491672578
0.0043419965592329905,96.47136862602292
0.004338575527040359,96.53803837785297
0.004335154868770071,96.60475420403516
0.004331734587789416,96.6715161364107
0.004328314687462419,96.7383242068428
0.004324895171149837,96.80517844721673
0.004321476042209156,96.87207888943979
0.004318057303994596,96.93902556544121
0.004314638959857084,97.00601850717244
0.004311221013144271,97.07305774660695
0.004307803467200512,97.14014331574035
0.004304386325366876,97.20727524659024
0.004300969590981128,97.27445357119646
0.004297553267377732,97.34167832162098
0.004294137357887844,97.40894952994789
0.004290721865839309,97.47626722828348
0.004287306794556656,97.5436314487562
0.004283892147361089,97.61104222351675
0.004280477927570491,97.678499584738
0.004277064138499416,97.7460035646151
0.004273650783459081,97.8135541953654
0.004270237865757365,97.88115150922853
0.004266825388698803,97.94879553846644
0.004263413355584583,98.0164863153634
0.0042600017697125465,98.08422387222579
0.00425659063437717,98.15200824138256
0.004253179952869574,98.21983945518488
0.004249769728477513,98.28771754600636
0.004246359964485375,98.35564254624282
0.004242950664174169,98.42361448831262
0.004239541830821533,98.4916334046565
0.004236133467701715,98.55969932773758
0.004232725578085581,98.62781229004142
0.004229318165240604,98.69597232407607
0.004225911232430865,98.76417946237198
0.004222504782917043,98.83243373748215
0.0042190988199564145,98.90073518198204
0.004215693346802848,98.9690838284696
0.004212288366706798,99.03747970956537
0.0042088838829153034,99.10592285791245
0.004205479898671988,99.17441330617632
0.0042020764172170455,99.24295108704523
0.0041986734417872405,99.31153623322993
0.004195270975615902,99.3801687774639
0.004191869021932935,99.44884875250298
0.004188467583964788,99.5175761911259
0.004185066664934471,99.58635112613393
0.004181666268061544,99.65517359035104
0.004178266396562115,99.72404361662386
0.00417486705364883,99.79296123782174
0.0041714682425308776,99.86192648683675
0.004168069966413978,99.93093939658365
0.004164672228500383,100.0
0.004161275031988869,100.06910833004609
0.004157878380074737,100.138264419705
0.004154482275949805,100.20746830198259
0.004151086722802403,100.27672000990756
0.004147691723817374,100.3460195765314
0.004144297282176068,100.41536703492847
0.004140903401056333,100.48476241819596
0.004137510083632518,100.55420575945395
0.004134117333075469,100.62369709184541
0.0041307251525525114,100.69323644853633
0.0041273335452274755,100.76282386271528
0.004123942514260663,100.83245936759408
0.004120552062808851,100.90214299640743
0.004117162194025299,100.97187478241297
0.004113772911059734,101.04165475889131
0.0041103842170583495,101.11148295914612
0.0041069961151638055,101.18135941650402
0.004103608608515213,101.25128416431481
0.004100221700248158,101.32125723595098
0.0040968353934946605,101.39127866480845
0.004093449691383194,101.46134848430609
0.004090064597038676,101.53146672788583
0.004086680113582465,101.60163342901278
0.0040832962441323594,101.67184862117512
0.004079912991802587,101.7421123378842
0.004076530359703808,101.81242461267452
0.004073148350943103,101.88278547910377
0.004069766968623983,101.95319497075283
0.004066386215846369,102.02365312122575
0.004063006095706604,102.09415996414984
0.004059626611297437,102.16471553317565
0.004056247765708031,102.23531986197696
0.004052869562023941,102.30597298425086
0.004049492003327135,102.37667493371768
0.004046115092695971,102.44742574412108
0.004042738833205199,102.51822544922805
0.004039363227925964,102.5890740828289
0.004035988279925791,102.65997167873729
0.004032613992268593,102.73091827079026
0.004029240368014657,102.8019138928482
0.004025867410220646,102.87295857879498
0.004022495121939599,102.94405236253779
0.0040191235062209145,103.01519527800741
0.0040157525661103696,103.08638735915777
0.004012382304650092,103.15762863996652
0.004009012724878568,103.22891915443475
0.004005643829830642,103.30025893658701
0.004002275622537508,103.37164802047137
0.003998908106026706,103.44308644015945
0.003995541283322123,103.51457422974637
0.003992175157443984,103.58611142335087
0.003988809731408848,103.65769805511533
0.003985445008229622,103.72933415920544
0.00398208099091553,103.8010197698108
0.003978717682472128,103.87275492114452
0.003975355085901294,103.94453964744339
0.00397199320420123,104.01637398296783
0.003968632040366451,104.08825796200196
0.00396527159738779,104.16019161885357
0.00396191187825239,104.23217498785417
0.003958552885943699,104.30420810335899
0.0039551946234414725,104.37629099974703
0.0039518370937217644,104.44842371142099
0.003948480299756927,104.52060627280743
0.003945124244515608,104.5928387183566
0.003941768930962745,104.66512108254267
0.003938414362059566,104.73745339986353
0.00393506054076358,104.80983570484098
0.003931707470028583,104.88226803202063
0.0039283551528046445,104.95475041597203
0.003925003592038114,105.02728289128855
0.003921652790671606,105.09986549258751
0.003918302751644016,105.17249825451012
0.003914953477890495,105.24518121172156
0.003911604972342461,105.31791439891097
0.003908257237927591,105.39069785079143
0.0039049102775698167,105.46353160210013
0.003901564094189335,105.53641568759798
0.00389821869070258,105.60935014207017
0.0038948740700222376,105.68233500032589
0.003891530235057241,105.75537029719833
0.0038881871887127624,105.82845606754478
0.0038848449338902144,105.90159234624662
0.003881503473487244,105.97477916820932
0.003878162810397726,106.04801656836261
0.003874822947511779,106.12130458166001
0.0038714838877157384,106.19464324307953
0.0038681456338921626,106.26803258762322
0.003864808188919834,106.34147265031736
0.0038614715556737527,106.41496346621241
0.003858135737025134,106.48850507038307
0.0038548007358414024,106.56209749792826
0.0038514665549861985,106.63574078397116
0.003848133197319364,106.70943496365925
0.0038448006656969474,106.78318007216424
0.0038414689629711943,106.85697614468222
0.003838138091990553,106.93082321643357
0.0038348080555996628,107.00472132266297
0.0038314788566393594,107.07867049863954
0.0038281504979466663,107.15267077965672
0.0038248229823547946,107.22672220103232
0.0038214963126931385,107.30082479810861
0.0038181704917872733,107.37497860625226
0.003814845522458957,107.44918366085439
0.003811521407526116,107.52343999733056
0.00380819814980286,107.59774765112083
0.0038048757520994605,107.67210665768972
0.0038015542172223625,107.7465170525263
0.0037982335479741732,107.82097887114412
0.003794913747153657,107.89549214908143
0.003791594817555759,107.97005692190066
0.0037882767619715585,108.04467322518921
0.0037849595831883007,108.11934109455889
0.0037816432839893797,108.19406056564618
0.0037783278671543407,108.26883167411215
0.003775013335458874,108.34365445564254
0.0037716996916748184,108.41852894594774
0.0037683869385701447,108.49345518076294
0.003765075078908981,108.56843319584766
0.003761764115451577,108.64346302698652
0.003758454050954319,108.7185447099887
0.0037551448881697294,108.7936782806882
0.003751836629846457,108.86886377494369
0.0037485292787292753,108.94410122863871
0.0037452228375590897,109.01939067768154
0.00374191730907292,109.09473215800531
0.0037386126960039065,109.17012570556797
0.0037353090010813113,109.2455713563523
0.0037320062270305063,109.32106914636599
0.0037287043765729774,109.39661911164157
0.00372540345242632,109.47222128823651
0.003722103457304239,109.54787571223316
0.0037188043939165396,109.62358241973885
0.0037155062649691334,109.69934144688584
0.0037122090731640327,109.77515282983134
0.003708912821199347,109.85101660475758
0.00370561751176928,109.92693280787178
0.0037023231475641315,110.00290147540619
0.003699029731270289,110.07892264361809
0.0036957372655702335,110.15499634878982
0.003692445753142529,110.2311226272288
0.0036891551966618257,110.30730151526753
0.0036858655987988495,110.38353304926375
0.003682576962220422,110.45981726559997
0.003679289289589426,110.5361542006842
0.003676002583564829,110.61254389094945
0.003672716846801668,110.68898637285399
0.003669432081951051,110.76548168288122
0.003666148291660158,110.84202985753976
0.0036628654785722317,110.91863093336349
0.0036595836453265818,110.99528494691153
0.0036563027945585784,111.07199193476835
0.0036530229288996604,111.1487519335434
0.003649744050977315,111.22556497987173
0.003646466163415089,111.30243111041365
0.0036431892688325836,111.37935036185476
0.0036399133698454523,111.45632277090603
0.0036366384690653987,111.53334837430377
0.003633364569100173,111.61042720880975
0.0036300916725535747,111.68755931121106
0.0036268197820254417,111.76474471832027
0.0036235489001116583,111.84198346697538
0.003620279029404149,111.91927559403983
0.003617010172490875,111.99662113640255
0.003613742331955832,112.07402013097797
0.0036104755103790504,112.15147261470601
0.003607209710336596,112.22897862455213
0.003603944934400559,112.30653819750734
0.0036006811851390643,112.38415137058821
0.0035974184651162587,112.4618181808369
0.003594156776892314,112.53953866532115
0.0035908961230234275,112.61731286113432
0.0035876365060618144,112.69514080539543
0.0035843779285557056,112.77302253524913
0.003581120393049359,112.85095808786573
0.0035778639020830377,112.92894750044128
0.003574608458193019,113.00699081019758
0.0035713540639116035,113.08508805438184
0.00356810072176709,113.16323927026737
0.003564848434283785,113.24144449515312
0.0035615972039820076,113.31970376636379
0.003558347033378078,113.3980171212499
0.003555097924984319,113.47638459718777
0.003551849881309054,113.55480623157956
0.003548602904856603,113.6332820618534
0.003545356998127295,113.71181212546291
0.0035421121636174456,113.79039645988796
0.0035388684038193635,113.86903510263421
0.0035356257212213536,113.94772809123324
0.0035323841183077095,114.02647546324255
0.003529143597558715,114.10527725624561
0.003525904161450643,114.18413350785187
0.003522665812455752,114.26304425569674
0.0035194285530422815,114.34200953744168
0.003516192385674457,114.42102939077415
0.0035129573128124853,114.50010385340765
0.0035097233369125493,114.57923296308178
0.003506490460426816,114.6584167575622
0.003503258685803424,114.73765527464063
0.0035000280154864893,114.81694855213497
0.0034967984519160985,114.89629662788923
0.003493569997528313,114.97569953977356
0.0034903426547551637,115.0551573256843
0.0034871164260246506,115.13467002354399
0.003483891313760741,115.21423767130135
0.00348066732038337,115.29386030693131
0.003477444448308432,115.3735379684351
0.0034742226999477906,115.45327069384018
0.0034710020777092673,115.53305852120029
0.003467782583996642,115.61290148859558
0.003464564221209666,115.69279963413217
0.003461346991744032,115.7727529959429
0.0034581308979913985,115.85276161218677
0.0034549159423393734,115.93282552104924
0.003451702127171523,116.01294476074207
0.0034484894548673603,116.09311936950353
0.0034452779278023537,116.1733493855982
0.003442067548347915,116.25363484731731
0.0034388583188714144,116.33397579297818
0.0034356502417361634,116.41437226092492
0.0034324433193014146,116.49482428952808
0.003429237553922371,116.57533191718471
0.003426032947950175,116.65589518231836
0.0034228295037319117,116.73651412337918
0.0034196272236106094,116.81718877884386
0.0034164261099252297,116.8979191872157
0.00341322616501068,116.97870538702462
0.0034100273911977994,117.05954741682713
0.0034068297908133637,117.1404453152064
0.0034036333661800846,117.2213991207723
0.003400438119616604,117.30240887216134
0.0033972440534375003,117.38347460803672
0.003394051169953281,117.4645963670884
0.003390859471470383,117.54577418803308
0.0033876689602911716,117.62700810961418
0.0033844796387139434,117.7082981706019
0.0033812915090329168,117.78964440979328
0.0033781045735382376,117.87104686601212
0.0033749188345159795,117.95250557810907
0.0033717342942481353,118.03402058496162
0.0033685509550126225,118.11559192547415
0.003365368819083279,118.19721963857789
0.003362187888729858,118.27890376323114
0.0033590081662180473,118.36064433841874
0.0033558296538094396,118.44244140315281
0.003352652353761549,118.52429499647235
0.003349476268327803,118.60620515744331
0.003346301399757551,118.68817192515866
0.0033431277502960492,118.77019533873838
0.003339955322184476,118.85227543732945
0.003336784117659915,118.93441226010597
0.003333614138955362,119.01660584626919
0.0033304453882997344,119.09885623504708
0.003327277867917845,119.18116346569511
0.003324111580030426,119.26352757749575
0.0033209465268541115,119.34594860975862
0.0033177827106014458,119.42842660182049
0.00331462013348088,119.51096159304532
0.00331145879769677,119.5935536228243
0.003308298705449376,119.67620273057581
0.003305139858934865,119.75890895574548
0.0033019822603453045,119.84167233780622
0.0032988259118686674,119.92449291625819
0.003295670815688824,120.00737073062885
0.0032925169739855503,120.090305820473
0.0032893643889345186,120.17329822537278
0.0032862130627073025,120.25634798493765
0.003283062997471377,120.33945513880445
0.003279914195390111,120.42261972663744
0.0032767666586227713,120.50584178812828
0.0032736203893245254,120.58912136299602
0.0032704753896464303,120.67245849098725
0.003267331661735445,120.75585321187593
0.0032641892077344193,120.83930556546356
0.003261048029782098,120.92281559157915
0.0032579081300131143,121.00638333007933
0.003254769510558009,121.09000882084791
0.0032516321735431984,121.17369210379667
0.003248496121091001,121.25743321886479
0.003245361355319621,121.3412322060191
0.0032422278783431533,121.42508910525403
0.0032390956922715864,121.50900395659166
0.0032359647992107944,121.59297680008169
0.0032328352012625417,121.67700767580155
0.0032297069005244768,121.76109662385647
0.0032265798990901502,121.84524368437903
0.0032234541990489828,121.9294488975299
0.0032203298024862906,122.01371230349737
0.0032172067114832723,122.09803394249757
0.0032140849281170176,122.18241385477434
0.0032109644544604968,122.26685208059936
0.0032078452925825666,122.3513486602722
0.0032047274445479684,122.43590363412018
0.0032016109124173285,122.52051704249855
0.003198495698247152,122.60518892579046
0.003195381804089837,122.68991932440693
0.0031922692319936562,122.77470827878692
0.003189157984002766,122.85955582939735
0.0031860480621572077,122.9444620167331
0.003182939468492902,123.02942688131701
0.0031798322050416517,123.11445046369995
0.003176726273831141,123.19953280446084
0.0031736216768849363,123.28467394420659
0.003170518416222481,123.3698739235722
0.0031674164938591026,123.45513278322075
0.0031643159118060035,123.54045056384341
0.0031612166720702698,123.62582730615951
0.003158118776654867,123.71126305091646
0.003155022227558638,123.79675783888986
0.0031519270267762996,123.88231171088366
0.0031488331762984626,123.96792470772954
0.003145740678111602,124.05359687028783
0.003142649534198073,124.13932823944701
0.0031395597465361134,124.22511885612371
0.0031364713170998365,124.31096876126296
0.0031333842478592313,124.39687799583798
0.003130298540780168,124.48284660085038
0.003127214197824386,124.5688746173302
0.0031241312209495196,124.65496208633543
0.0031210496121090625,124.7411090489529
0.003117969373252391,124.82731554629758
0.0031148905063247616,124.913581619513
0.003111813013267301,124.999907309771
0.003108736896017019,125.08629265827194
0.003105662156506798,125.17273770624465
0.003102588796665399,125.2592424949464
0.0030995168184174576,125.34580706566304
0.0030964462236834885,125.43243145970892
0.0030933770143798784,125.51911571842693
0.0030903091924188958,125.60585988318856
0.003087242759708683,125.69266399539386
0.0030841777181532574,125.77952809647151
0.003081114069652513,125.86645222787884
0.003078051816102224,125.95343643110178
0.0030749909593940357,126.04048074765498
0.003071931501415472,126.12758521908175
0.0030688734440499376,126.21474988695412
0.0030658167891767073,126.30197479287284
0.0030627615386709358,126.38925997846742
0.003059707694403654,126.47660548539616
0.0030566552582417706,126.5640113553461
0.0030536042320480684,126.65147763003311
0.003050554617681208,126.73900435120207
0.0030475064169957367,126.82659156062623
0.0030444596318420667,126.91423930010815
0.0030414142640664927,127.00194761147915
0.003038370315511186,127.08971653659945
0.0030353277880141986,127.1775461173582
0.0030322866834094574,127.2654363956735
0.0030292470035267697,127.35338741349243
0.003026208750191816,127.44139921279115
0.0030231719252261685,127.52947183557448
0.0030201365304472665,127.61760532387665
0.0030171025676684325,127.70579971976079
0.0030140700386988677,127.79405506531911
0.003011038945343654,127.88237140267293
0.0030080092894037513,127.97074877397266
0.003004981072676004,128.05918722139782
0.0030019542969531303,128.14768678715714
0.0029989289640237385,128.23624751348842
0.002995905075672311,128.32486944265878
0.002992882633679213,128.41355261696444
0.0029898616398206946,128.50229707873086
0.0029868420958688835,128.59110287031285
0.0029838240035917974,128.67997003409437
0.0029808073647533285,128.76889861248873
0.0029777921811132576,128.85788864793858
0.0029747784544272475,128.9469401829158
0.0029717661864468465,129.03605325992174
0.0029687553789194848,129.12522792148707
0.0029657460335884797,129.21446421017183
0.0029627381521930367,129.30376216856547
0.0029597317364682438,129.39312183928692
0.0029567267881450724,129.48254326498457
0.002953723308950387,129.5720264883362
0.0029507213006069316,129.6615715520493
0.0029477207648333516,129.75117849886044
0.002944721703344169,129.8408473715361
0.002941724117849797,129.9305782128723
0.0029387280100565383,130.02037106569443
0.002935733381666588,130.11022597285765
0.0029327402343780258,130.20014297724668
0.002929748569884832,130.29012212177588
0.002926758389876868,130.38016344938927
0.0029237696960398916,130.47026700306063
0.0029207824900555593,130.56043282579313
0.0029177967736014115,130.65066096061997
0.0029148125483508883,130.74095145060403
0.0029118298159733214,130.83130433883792
0.002908848578133938,130.921719668444
0.0029058688364938627,131.0121974825745
0.0029028905927101145,131.10273782441138
0.0028999138484356096,131.19334073716655
0.002896938605319165,131.28400626408168
0.0028939648650054936,131.37473444842837
0.002890992629135207,131.46552533350817
0.0028880218993448175,131.55637896265247
0.0028850526772667365,131.64729537922267
0.0028820849645292794,131.7382746266101
0.00287911876275666,131.8293167482361
0.002876154073569,131.92042178755196
0.0028731908985823182,132.0115897880391
0.002870229239408543,132.1028207932089
0.002867269097655504,132.19411484660287
0.0028643104749269373,132.28547199179258
0.0028613533728224882,132.37689227237968
0.002858397792937706,132.46837573199605
0.002855443736864051,132.5599224143036
0.0028524912061888893,132.65153236299452
0.0028495402024954924,132.74320562179128
0.002846590727363062,132.83494223444615
0.00284364278236669,132.92674224474206
0.0028406963690773895,133.01860569649207
0.0028377514890620854,133.1105326335395
0.0028348081438836167,133.202523099758
0.0028318663351007385,133.29457713905148
0.002828926064268118,133.3866947953543
0.002825987332936342,133.47887611263118
0.0028230501426519217,133.5711211348769
0.0028201144949572756,133.66342990611705
0.0028171803913907456,133.7558024704075
0.002814247833486599,133.84823887183455
0.002811316822775017,133.94073915451497
0.002808387360782109,134.03330336259603
0.0028054594490299037,134.12593154025555
0.002802533089036358,134.21862373170177
0.0027996082823153515,134.3113799811736
0.0027966850303766905,134.40420033294043
0.0027937633347261117,134.49708483130235
0.0027908431968652766,134.59003352058994
0.0027879246182917782,134.68304644516448
0.002785007600499138,134.77612364941794
0.0027820921449768134,134.8692651777729
0.0027791782532101883,134.9624710746827
0.002776265926680587,135.05574138463135
0.0027733551668652637,135.14907615213363
0.002770445975237411,135.2424754217351
0.002767538353266158,135.33593923801203
0.0027646323024165705,135.42946764557163
0.002761727824149657,135.5230606890518
0.0027588249199223635,135.61671841312133
0.0027559235911875785,135.71044086247994
0.0027530238393941296,135.80422808185833
0.0027501256659867987,135.8980801160177
0.0027472290724063018,135.99199700975058
0.002744334060089308,136.08597880788034
0.002741440630468429,136.18002555526135
0.0027385487849722295,136.27413729677892
0.0027356585250252205,136.36831407734945
0.0027327698520478658,136.4625559419203
0.002729882767456575,136.55686293547012
0.002726997272663731,136.65123510300816
0.0027241133690776506,136.74567248957518
0.0027212310581026145,136.84017514024305
0.0027183503411388607,136.9347431001146
0.002715471219582586,137.029376414324
0.002712593694825945,137.1240751280365
0.002709717768257058,137.21883928644863
0.002706843441260004,137.31366893478813
0.002703970715214826,137.408564118314
0.0027010995914975356,137.50352488231644
0.002698230071480104,137.59855127211713
0.0026953621565304797,137.6936433330689
0.002692495848012572,137.78880111055602
0.0026896311472862666,137.88402464999405
0.0026867680557074165,137.97931399683
0.002683906574627852,138.07466919654226
0.002681046705395374,138.17009029464066
0.0026781884493537653,138.26557733666644
0.0026753318078427805,138.3611303681924
0.0026724767821981565,138.45674943482274
0.0026696233737516085,138.55243458219326
0.0026667715838308366,138.6481858559712
0.002663921413759519,138.74400330185549
0.0026610728648573255,138.83988696557648
0.0026582259384399023,138.93583689289642
0.0026553806358188986,139.03185312960866
0.0026525369583019387,139.12793572153865
0.002649694907192642,139.2240847145434
0.00264685448379062,139.32030015451159
0.002644015689391482,139.41658208736357
0.002641178525286824,139.51293055905148
0.002638342992764248,139.6093456155592
0.0026355090931073463,139.70582730290238
0.0026326768275957107,139.80237566712864
0.002629846197504949,139.89899075431694
0.0026270172041066545,139.9956726105786
0.0026241898486684327,140.09242128205656
0.002621364132453894,140.18923681492572
0.0026185400567226564,140.28611925539286
0.002615717622730345,140.38306864969675
0.0026128968317286035,140.480085044108
0.0026100776849650796,140.5771684849293
0.0026072601836834366,140.67431901849534
0.002604444329123358,140.7715366911727
0.002601630122520541,140.8688215493602
0.002598817565106702,140.96617363948857
0.0025960066581095812,141.0635930080207
0.002593197402752938,141.16107970145154
0.0025903898002565557,141.25863376630826
0.002587583851836247,141.35625524915008
0.002584779558703848,141.45394419656844
0.002581976922067225,141.55170065518703
0.0025791759431302787,141.64952467166168
0.002576376623092938,141.74741629268047
0.0025735789631511677,141.84537556496383
0.0025707829644969703,141.94340253526437
0.002567988628318383,142.0414972503671
0.0025651959557994844,142.1396597570893
0.0025624049481203933,142.23789010228074
0.002559615606457279,142.33618833282324
0.0025568279319823457,142.43455449563132
0.0025540419258638486,142.5329886376518
0.0025512575892660903,142.63149080586408
0.0025484749233494254,142.73006104727986
0.002545693929270261,142.8286994089434
0.0025429146081810566,142.92740593793147
0.0025401369612303264,143.0261806813535
0.0025373609895626478,143.1250236863511
0.002534586694318652,143.2239350000988
0.002531814076635036,143.32291466980368
0.0025290431376445554,143.42196274270538
0.0025262738784760357,143.52107926607619
0.0025235063002543652,143.6202642872211
0.0025207404041005053,143.71951785347775
0.002517976191131484,143.81884001221658
0.0025152136624604056,143.9182308108407
0.002512452819196449,144.01769029678596
0.0025096936624448684,144.117218517521
0.0025069361933069954,144.21681552054733
0.0025041804128802456,144.31648135339924
0.002501426322258113,144.41621606364384
0.0024986739225301815,144.5160196988812
0.002495923214782115,144.61589230674417
0.0024931742000956713,144.7158339348986
0.002490426879548696,144.8158446310433
0.0024876812542151266,144.91592444290993
0.0024849373251649956,145.0160734182633
0.002482195093464434,145.11629160490105
0.002479454560175669,145.21657905065402
0.0024767157263570283,145.316935803386
0.0024739785930629433,145.41736191099386
0.0024712431613439453,145.51785742140777
0.0024685094322466827,145.61842238259055
0.0024657774068139043,145.71905684253863
0.0024630470860844723,145.8197608492814
0.0024603184710933587,145.92053445088155
0.0024575915628716537,146.0213776954349
0.002454866362446563,146.1222906310705
0.002452142870841415,146.22327330595073
0.002449421089075649,146.32432576827136
0.0024467010181648454,146.425448066261
0.0024439826591206946,146.5266402481821
0.0024412660129510184,146.62790236233027
0.0024385510806597746,146.7292344570345
0.0024358378632470448,146.83063658065714
0.0024331263617090484,146.93210878159408
0.002430416577038141,147.03365110827454
0.0024277085102228173,147.13526360916129
0.0024250021622477112,147.23694633275048
0.002422297534093599,147.3386993275719
0.0024195946267374048,147.44052264218882
0.0024168934411521984,147.54241632519805
0.002414193978307197,147.64438042523005
0.0024114962391677723,147.74641499094884
0.0024088002246954493,147.84852007105204
0.0024061059358479074,147.950695714271
0.0024034133735789873,148.0529419693707
0.002400722538838689,148.15525888514983
0.0023980334325731747,148.25764651044082
0.0023953460557247707,148.36010489410984
0.0023926604092319747,148.46263408505678
0.00238997649402945,148.5652341322154
0.0023872943110480353,148.66790508455324
0.002384613861214742,148.7706469910717
0.002381935145452754,148.87345990080613
0.0023792581646814455,148.9763438628254
0.00237658291981636,149.07929892623272
0.0023739094117692333,149.18232514016506
0.0023712376414479807,149.28542255379335
0.0023685676097567076,149.38859121632254
0.002365899317595714,149.4918311769915
0.0023632327658614873,149.59514248507324
0.0023605679554467135,149.69852518987474
0.002357904887240271,149.80197934073726
0.0023552435621272535,149.9055049870356
0.0023525839809889404,150.00910217817932
0.0023499261447028235,150.1127709636118
0.0023472700541426004,150.21651139281067
0.00234461571017818,150.32032351528773
0.002341963113675682,150.42420738058902
0.002339312265497441,150.52816303829482
0.002336663166502009,150.63219053801964
0.002334015817544156,150.7362899294123
0.0023313702194748777,150.84046126215594
0.0023287263731413877,150.94470458596805
0.0023260842793871345,151.0490199506004
0.002323443939051791,151.15340740583926
0.002320805352971262,151.2578670015052
0.0023181685219776866,151.3623987874533
0.0023155334468994444,151.46700281357298
0.0023129001285611475,151.57167912978832
0.0023102685677836585,151.67642778605773
0.0023076387653840767,151.78124883237425
0.0023050107221757516,151.8861423187654
0.002302384438968283,151.99110829529332
0.0022997599165675187,152.09614681205474
0.0022971371557755664,152.201257919181
0.0022945161573907835,152.30644166683825
0.002291896922207799,152.4116981052268
0.002289279451017492,152.5170272845822
0.002286663744607011,152.62242925517455
0.0022840498037597734,152.72790406730857
0.002281437629255464,152.83345177132387
0.0022788272218700403,152.93907241759484
0.0022762185823757366,153.04476605653062
0.002273611711541063,153.15053273857524
0.002271006610130806,153.2563725142077
0.0022684032789060506,153.36228543394148
0.0022658017186241493,153.4682715483254
0.002263201930038753,153.57433090794305
0.0022606039138997986,153.68046356341299
0.0022580076709535174,153.78666956538876
0.0022554132019424415,153.89294896455888
0.0022528205076053956,153.99930181164697
0.00225022958867751,154.10572815741165
0.0022476404458902158,154.2122280526466
0.002245053079971254,154.31880154818066
0.0022424674916446743,154.42544869487773
0.002239883681630838,154.53216954363694
0.0022373016506464206,154.63896414539255
0.002234721399404418,154.745832551114
0.0022321429286141447,154.852774811806
0.002229566238981238,154.95979097850847
0.002226991331207661,155.06688110229663
0.002224418205991706,155.17404523428098
0.002221846864027998,155.28128342560734
0.002219277306007493,155.38859572745693
0.0022167095326174864,155.49598219104624
0.002214143544541611,155.60344286762725
0.0022115793424598443,155.71097780848729
0.0022090169270485072,155.81858706494916
0.002206456298980265,155.92627068837132
0.0022038974589241467,156.0340287301472
0.002201340407545522,156.14186124170624
0.00219878514550612,156.24976827451326
0.002196231673464031,156.35774988006867
0.0021936799920737036,156.4658061099084
0.002191130101985957,156.57393701560414
0.0021885820038479733,156.68214264876303
0.0021860356983033034,156.79042306102818
0.002183491185991881,156.89877830407787
0.002180948467550004,157.00720842962653
0.002178407543610359,157.11571348942422
0.002175868414802008,157.22429353525678
0.0021733310817504004,157.33294861894575
0.0021707955450773727,157.44167879234857
0.002168261805401151,157.5504841073585
0.002165729863336356,157.65936461590462
0.002163199719494006,157.76832036995197
0.002160671374481515,157.8773514215014
0.0021581448289027024,157.98645782258978
0.0021556200833577907,158.09563962528995
0.0021530971384434087,158.20489688171068
0.0021505759947526015,158.31422964399675
0.002148056652874822,158.42363796432906
0.002145539113395944,158.53312189492448
0.0021430233768982574,158.64268148803598
0.0021405094439604783,158.7523167959527
0.002137997315157745,158.86202787099987
0.0021354869910616254,158.97181476553888
0.002132978472240122,159.0816775319673
0.002130471759257667,159.19161622271895
0.0021279668526751334,159.30163089026385
0.0021254637530498323,159.4117215871083
0.0021229624609355154,159.52188836579504
0.002120462976882393,159.63213127890262
0.002117965301437113,159.74245037904646
0.0021154694351427777,159.85284571887811
0.0021129753785389476,159.96331735108558
0.00211048313216164,160.07386532839325
0.002107992696543333,160.18448970356192
0.0021055040722129715,160.29519052938892
0.0021030172596959635,160.40596785870812
0.002100532259514198,160.51682174438955
0.0020980490721860252,160.62775223934017
0.0020955676982262793,160.73875939650333
0.00209308813814627,160.84984326885905
0.002090610392453794,160.9610039094239
0.0020881344616531326,161.07224137125115
0.002085660346245054,161.18355570743063
0.0020831880467268205,161.29494697108893
0.002080717563592188,161.4064152153894
0.002078248897331414,161.517960493532
0.0020757820484312546,161.6295828587536
0.0020733170173749703,161.74128236432773
0.00207085380464233,161.85305906356484
0.0020683924107096126,161.9649130098122
0.002065932836049611,162.07684425645388
0.0020634750811316387,162.1888528569109
0.0020610191464215223,162.30093886464124
0.0020585650323816183,162.4131023331397
0.002056112739470805,162.5253433159382
0.0020536622681444935,162.6376618666055
0.0020512136188546226,162.75005803874754
0.0020487667920496755,162.86253188600713
0.002046321788174667,162.97508346206433
0.0020438786076711563,163.0877128206362
0.002041437250977246,163.20042001547708
0.0020389977185275945,163.31320510037798
0.002036560010753406,163.4260681291676
0.002034124128082441,163.53900915571165
0.0020316900709390156,163.6520282339131
0.002029257839744012,163.76512541771208
0.0020268274349148734,163.87830076108617
0.0020243988568656134,163.99155431805005
0.0020219721060068126,164.1048861426559
0.002019547182745628,164.2182962889933
0.002017124087485802,164.33178481118875
0.002014702820627646,164.44535176340668
0.00201228338256806,164.5589971998488
0.002009865773700529,164.6727211747542
0.002007449994415136,164.78652374239954
0.0020050360450985486,164.9004049570989
0.0020026239261340365,165.014364873204
0.0020002136379014684,165.12840354510402
0.0019978051807773172,165.24252102722582
0.0019953985551346607,165.3567173740338
0.0019929937613431905,165.47099264003003
0.001990590799769209,165.58534687975424
0.001988189670775636,165.69978014778385
0.0019857903747220102,165.81429249873403
0.0019833929119644966,165.92888398725765
0.001980997282855883,166.04355466804535
0.0019786034877455885,166.1583045958256
0.001976211526979669,166.27313382536468
0.001973821400900813,166.3880424114667
0.0019714331098483503,166.50303040897364
0.001969046654158253,166.61809787276542
0.001966662034163141,166.73324485775984
0.0019642792501922855,166.84847141891268
0.0019618983025716085,166.96377761121772
0.0019595191916236864,167.07916348970687
0.001957141917667764,167.1946291094496
0.0019547664810197446,167.3101745255539
0.001952392881992194,167.4257997931657
0.0019500211208943567,167.54150496746905
0.0019476511980321437,167.65729010368617
0.0019452831137081465,167.77315525707735
0.001942916868221636,167.88910048294116
0.0019405524618685628,168.0051258366145
0.0019381898949415782,168.121231373472
0.0019358291677300092,168.23741714892714
0.0019334702805198821,168.35368321843143
0.001931113233593922,168.47002963747477
0.001928758027231552,168.58645646158539
0.0019264046617089002,168.70296374632986
0.0019240531372988056,168.8195515473132
0.0019217034542708148,168.93621992017887
0.0019193556128911896,169.0529689206087
0.0019170096134229094,169.16979860432306
0.0019146654561256764,169.28670902708083
0.0019123231412559141,169.40370024467944
0.0019099826690667813,169.52077231295482
0.001907644039808162,169.63792528778154
0.0019053072537266774,169.75515922507276
0.0019029723110656888,169.87247418078027
0.0019006392120652978,169.9898702108946
0.001898307956962351,170.10734737144486
0.0018959785459904484,170.22490571849897
0.0018936509793799387,170.34254530816355
0.0018913252573579274,170.46026619658403
0.0018890013801482804,170.57806843994462
0.0018866793479716262,170.69595209446834
0.00188435916104536,170.81391721641708
0.001882040819583643,170.93196386209183
0.0018797243237974218,171.05009208783193
0.0018774096738944093,171.16830195001612
0.0018750968700791022,171.28659350506203
0.0018727859125527806,171.4049668094262
0.0018704768015135147,171.52342191960426
0.0018681695371561644,171.64195889213082
0.001865864119672384,171.76057778357955
0.001863560549250624,171.8792786505635
0.0018612588260761439,171.99806154973416
0.0018589589503310044,172.1169265377828
0.001856660922194073,172.23587367143972
0.0018543647418410327,172.35490300747435
0.0018520704094443807,172.47401460269538
0.0018497779251734358,172.59320851395074
0.0018474872891943376,172.71248479812772
0.0018451985016700574,172.8318435121528
0.0018429115627603917,172.95128471299194
0.0018406264726219732,173.07080845765034
0.0018383432314082726,173.19041480317267
0.0018360618392696006,173.31010380664304
0.0018337822963531137,173.42987552518497
0.0018315046028028142,173.54973001596144
0.0018292287587595626,173.66966733617497
0.0018269547643610692,173.7896875430676
0.001824682619741906,173.9097906939209
0.0018224123250335056,174.02997684605614
0.00182014388036417,174.15024605683405
0.0018178772858590685,174.27059838365508
0.001815612541640247,174.39103388395935
0.0018133496478266278,174.51155261522666
0.0018110886045340125,174.63215463497656
0.001808829411875088,174.7528400007683
0.001806572069959427,174.87360877020112
0.0018043165788935048,174.99446100091353
0.0018020629387806798,175.11539675058444
0.001799811149721216,175.23641607693233
0.0017975612118122767,175.35751903771572
0.0017953131251479348,175.47870569073294
0.0017930668898191696,175.5999760938223
0.0017908225059138805,175.72133030486208
0.00178857997351688,175.84276838177055
0.0017863392927098985,175.9642903825062
0.0017841004635716017,176.085896365067
0.001781863486177574,176.20758638749157
0.001779628360600338,176.3293605078585
0.0017773950869093475,176.45121878428643
0.0017751636651709992,176.57316127493422
0.0017729340954486337,176.6951880380009
0.0017707063778025353,176.81729913172578
0.00176848051228994,176.9394946143883
0.0017662564989650432,177.0617745443083
0.0017640343378789918,177.18413897984584
0.0017618140290798989,177.30658797940134
0.0017595955726128405,177.42912160141563
0.0017573789685198635,177.5517399043698
0.0017551642168399876,177.6744429467855
0.0017529513176092082,177.79723078722472
0.0017507402708605048,177.92010348428994
0.0017485310766238362,178.04306109662423
0.0017463237349261537,178.16610368291103
0.0017441182457913964,178.28923130187448
0.0017419146092405003,178.41244401227922
0.0017397128252914034,178.53574187293052
0.0017375128939590436,178.6591249426743
0.001735314815255366,178.78259328039715
0.0017331185891893265,178.9061469450263
0.0017309242157668924,179.02978599553
0.0017287316949910565,179.1535104909166
0.0017265410268618288,179.27732049023584
0.0017243522113762435,179.401216052578
0.001722165248528366,179.5251972370743
0.001719980138309294,179.6492641028968
0.0017177968807071625,179.7734167092584
0.0017156154757071462,179.897655115413
0.0017134359232914655,180.0219793806555
0.0017112582234393926,180.1463895643214
0.0017090823761272459,180.27088572578762
0.0017069083813284018,180.395467924472
0.001704736239013295,180.52013621983343
0.0017025659491494277,180.64489067137188
0.0017003975117013664,180.76973133862845
0.0016982309266307472,180.8946582811854
0.0016960661938962853,181.0196715586661
0.001693903313453771,181.14477123073522
0.0016917422852560776,181.26995735709858
0.0016895831092531687,181.39522999750332
0.0016874257853920927,181.52058921173787
0.0016852703136169957,181.6460350596319
0.0016831166938691188,181.77156760105657
0.0016809649260868076,181.89718689592425
0.0016788150102055098,182.02289300418886
0.0016766669461577878,182.14868598584562
0.0016745207338733123,182.27456590093135
0.0016723763732788728,182.40053280952424
0.001670233864298379,182.52658677174406
0.0016680932068528665,182.65272784775215
0.0016659544008604987,182.77895609775135
0.0016638174462365706,182.9052715819862
0.0016616823428935168,183.03167436074276
0.001659549090740906,183.15816449434905
0.0016574176896854598,183.28474204317416
0.0016552881396310402,183.41140706762948
0.0016531604404786623,183.53815962816796
0.0016510345921264995,183.66499978528432
0.0016489105944698828,183.79192759951508
0.0016467884474013065,183.91894313143862
0.0016446681508104325,184.04604644167517
0.0016425497045840897,184.17323759088706
0.0016404331086062945,184.30051663977795
0.0016383183627582299,184.427883649094
0.0016362054669182655,184.55533867962325
0.001634094420961958,184.68288179219564
0.0016319852247620545,184.81051304768323
0.0016298778781884955,184.9382325070001
0.001627772381108423,185.06604023110242
0.0016256687333861784,185.19393628098857
0.0016235669348833096,185.321920717699
0.0016214669854585763,185.4499936023163
0.00161936888496795,185.57815499596546
0.0016172726332646199,185.7064049598135
0.0016151782301990015,185.83474355506988
0.0016130856756187315,185.96317084298622
0.001610994969368677,186.09168688485656
0.0016089061112909402,186.22029174201728
0.0016068191012248597,186.34898547584714
0.001604733939007014,186.47776814776734
0.0016026506244712318,186.60663981924148
0.0016005691574485863,186.7356005517757
0.0015984895377674068,186.86465040691854
0.0015964117652532772,186.99378944626125
0.0015943358397290455,187.12301773143744
0.0015922617610148204,187.2523353241235
0.0015901895289279831,187.3817422860385
0.0015881191432831911,187.51123867894364
0.001586050603892372,187.6408245646434
0.0015839839105647366,187.77050000498474
0.00158191906310678,187.90026506185737
0.0015798560613222892,188.0301197971938
0.0015777949050123402,188.1600642729693
0.0015757355939753066,188.290098551202
0.0015736781280068632,188.42022269395287
0.001571622506899985,188.550436763326
0.0015695687304449679,188.68074082146774
0.0015675167984294078,188.81113493056804
0.0015654667106382207,188.94161915285963
0.0015634184668536445,189.0721935506182
0.0015613720668552402,189.20285818616256
0.0015593275104198961,189.33361312185448
0.0015572847973218372,189.4644584200989
0.0015552439273326195,189.59539414334392
0.0015532049002211423,189.7264203540807
0.0015511677157536488,189.8575371148436
0.00154913237369373,189.9887444882103
0.0015470988738023291,190.12004253680163
0.0015450672158377448,190.25143132328174
0.0015430373995556387,190.38291091035805
0.0015410094247090345,190.51448136078133
0.001538983291048324,190.64614273734574
0.0015369589983212717,190.7778951028888
0.0015349365462730181,190.90973852029148
0.001532915934646083,191.04167305247822
0.001530897163180373,191.1736987624169
0.001528880231613181,191.30581571311896
0.0015268651396791917,191.43802396763934
0.0015248518871104869,191.5703235890766
0.001522840473636544,191.7027146405731
0.0015208308989842572,191.83519718531423
0.001518823162877916,191.96777128652963
0.0015168172650392273,192.10043700749245
0.0015148132051873136,192.23319441151955
0.0015128109830387171,192.36604356197162
0.0015108105983074052,192.498984522253
0.0015088120507047715,192.63201735581202
0.0015068153399396464,192.76514212614074
0.00150482046571829,192.89835889677528
0.001502827427744412,193.03166773129516
0.001500836225719156,193.16506869332437
0.0014988468593411226,193.2985618465307
0.0014968593283063594,193.43214725462596
0.001494873632308372,193.56582498136592
0.0014928897710381269,193.69959509055047
0.0014909077441840543,193.8334576460236
0.0014889275514320544,193.96741271167335
0.0014869491924654967,194.101460351432
0.0014849726669652326,194.23560062927595
0.0014829979746095899,194.36983360922582
0.0014810251150743823,194.50415935534653
0.001479054088032912,194.6385779317472
0.0014770848931559728,194.7730894025813
0.0014751175301118595,194.9076938320466
0.001473151998566363,195.04239128438527
0.0014711882981827816,195.17718182388387
0.0014692264286219217,195.31206551487335
0.0014672663895421018,195.4470424217292
0.0014653081805991593,195.58211260887134
0.001463351801446451,195.7172761407642
0.0014613972517348607,195.8525330819168
0.0014594445311128003,195.98788349688266
0.0014574936392262134,196.12332745026004
0.001455544575718581,196.25886500669193
0.001453597340230931,196.39449623086546
0.0014516519324018302,196.53022118751306
0.001449708351867398,196.66603994141164
0.0014477665982613054,196.80195255738292
0.0014458266712147824,196.93795910029343
0.001443888570356619,197.07405963505448
0.001441952295313172,197.2102542266223
0.0014400178457083675,197.3465429399982
0.0014380852211637095,197.4829258402277
0.0014361544212982743,197.61940299240203
0.0014342254457287208,197.75597446165713
0.0014322982940692954,197.89264031317396
0.0014303729659318359,198.0294006121785
0.001428449460925772,198.16625542394186
0.0014265277786581316,198.3032048137802
0.001424607918733546,198.4402488470549
0.0014226898807542525,198.57738758917242
0.0014207736643200978,198.71462110558443
0.001418859269028546,198.8519494617879
0.0014169466944746766,198.98937272332506
0.0014150359402511933,199.12689095578335
0.0014131270059484266,199.2645042247956
0.001411219891154336,199.40221259603996
0.001409314595454519,199.54001613524002
0.001407411118432208,199.6779149081648
0.0014055094596682844,199.81590898062868
0.0014036096187412706,199.9539984184916
0.0014017115952273433,200.09218328765903
0.001399815388700334,200.2304636540819
0.0013979209987317325,200.36883958375677
0.001396028424890695,200.50731114272583
0.0013941376667440425,200.64587839707687
0.001392248723856266,200.7845414129436
0.0013903615957895385,200.9233002565048
0.0013884762821037067,201.06215499398556
0.0013865927823563053,201.20110569165658
0.0013847110961025533,201.34015241583435
0.0013828312228953642,201.47929523288119
0.001380953162285347,201.61853420920525
0.00137907691382081,201.75786941126066
0.0013772024770477638,201.89730090554755
0.0013753298515099374,202.0368287586115
0.0013734590367487625,202.17645303704467
0.0013715900323033891,202.31617380748497
0.0013697228377106893,202.45599113661646
0.001367857452505259,202.59590509116924
0.0013659938762194239,202.73591573791953
0.0013641321083832435,202.87602314368965
0.0013622721485245124,203.01622737534817
0.0013604139961687675,203.15652849980984
0.0013585576508392905,203.29692658403567
0.0013567031120571122,203.43742169503292
0.001354850379341017,203.5780138998552
0.0013529994522075489,203.71870326560236
0.0013511503301710112,203.85948985942076
0.0013493030127434726,204.0003737485031
0.0013474574994347727,204.14135500008848
0.0013456137897525258,204.2824336814625
0.0013437718832021214,204.42360985995725
0.0013419317792867354,204.56488360295143
0.0013400934775073267,204.70625497787015
0.0013382569773626458,204.84772405218524
0.0013364222783492368,204.98929089341513
0.0013345893799614427,205.1309555691249
0.0013327582816914083,205.2727181469263
0.001330928983029086,205.41457869447805
0.0013291014834622425,205.55653727948504
0.0013272757824764547,205.69859396969946
0.001325451879555119,205.84074883292018
0.0013236297741794547,205.983001936993
0.001321809465828512,206.12535334981047
0.001319990953979169,206.26780313931212
0.0013181742381061397,206.41035137348445
0.0013163593176819786,206.55299812036094
0.0013145461921770796,206.69574344802226
0.0013127348610596958,206.83858742459552
0.0013109253237959199,206.9815301182556
0.0013091175798497058,207.12457159722416
0.0013073116286828673,207.26771192977012
0.0013055074697550808,207.41095118420952
0.0013037051025238933,207.55428942890563
0.0013019045264447207,207.697726732269
0.0013001057409708606,207.84126316275734
0.001298308745553487,207.98489878887582
0.0012965135396416595,208.1286336791769
0.001294720122682327,208.2724679022603
0.001292928494120331,208.4164015267733
0.001291138653398409,208.56043462141062
0.0012893505999572025,208.70456725491437
0.001287564333235256,208.84879949607415
0.001285779852669023,208.99313141372718
0.0012839971576928712,209.13756307675825
0.0012822162477390856,209.28209455409967
0.0012804371222378719,209.4267259147315
0.0012786597806173645,209.57145722768138
0.0012768842223036248,209.7162885620247
0.0012751104467206486,209.86121998688455
0.0012733384532903705,210.00625157143182
0.0012715682414326658,210.15138338488524
0.0012697998105653543,210.2966154965115
0.0012680331601042155,210.44194797562457
0.001266268289462973,210.587380891587
0.0012645051980533127,210.73291431380898
0.0012627438852848827,210.87854831174872
0.0012609843505652974,211.0242829549124
0.0012592265933001447,211.17011831285427
0.001257470612892984,211.31605445517664
0.0012557164087453531,211.4620914515301
0.0012539639802567797,211.6082293716128
0.0012522133268247702,211.7544682851716
0.0012504644478448289,211.90080826200148
0.0012487173427104515,212.0472493719455
0.0012469720108131339,212.19379168489513
0.0012452284515423768,212.34043527079004
0.0012434866642856875,212.48718019961828
0.0012417466484285847,212.63402654141626
0.001240008403354606,212.7809743662688
0.0012382719284453059,212.92802374430912
0.0012365372230802641,213.07517474571895
0.001234804286637088,213.22242744072852
0.0012330731184914182,213.36978189961653
0.0012313437180169295,213.51723819271035
0.0012296160845853413,213.66479639038585
0.0012278902175664138,213.81245656306763
0.0012261661163279576,213.9602187812289
0.0012244437802358345,214.10808311539157
0.0012227232086539658,214.2560496361263
0.00122100440094433,214.40411841405256
0.0012192873564669752,214.55228951983855
0.001217572074580015,214.70056302420136
0.001215858554639638,214.84893899790694
0.001214146796000109,214.99741751177012
0.0012124367980137721,215.14599863665495
0.0012107285600310635,215.29468244347373
0.0012090220814005047,215.44346900318845
0.0012073173614687099,215.5923583868099
0.0012056143995803916,215.74135066539802
0.001203913195078366,215.89044591006174
0.0012022137473035512,216.03964419195927
0.0012005160555949817,216.18894558229783
0.0011988201192897976,216.33835015233424
0.0011971259377232671,216.48785797337376
0.0011954335102287732,216.6374691167717
0.001193742836137827,216.78718365393243
0.0011920539147800694,216.93700165630963
0.0011903667454832793,217.08692319540634
0.00118868132757337,217.23694834277515
0.0011869976603743992,217.3870771700179
0.001185315743208571,217.53730974878613
0.0011836355753962404,217.6876461507807
0.0011819571562559162,217.83808644775215
0.001180280485104269,217.98863071150055
0.0011786055612561298,218.1392790138756
0.0011769323840244979,218.29003142677666
0.0011752609527205422,218.4408880221528
0.0011735912666536084,218.59184887200277
0.0011719233251312198,218.74291404837507
0.001170257127459086,218.89408362336806
0.0011685926729411017,219.04535766912986
0.0011669299608793534,219.19673625785848
0.0011652689905741228,219.34821946180182
0.0011636097613238925,219.4998073532577
0.0011619522724253463,219.65150000457393
0.00116029652317338,219.80329748814827
0.0011586425128610974,219.95519987642857
0.0011569902407798176,220.10720724191293
0.0011553397062190854,220.2593196571489
0.0011536909084666623,220.41153719473485
0.0011520438468085442,220.56385992731904
0.0011503985205289539,220.7162879276
0.0011487549289103535,220.86882126832649
0.0011471130712334438,221.0214600222975
0.0011454729467771701,221.17420426236242
0.0011438345548187272,221.32705406142085
0.0011421978946335573,221.48000949242314
0.0011405629654953704,221.63307062836927
0.0011389297666761263,221.7862375423104
0.0011372982974460519,221.93951030734794
0.0011356685570736442,222.09288899663383
0.0011340405448256711,222.24637368337054
0.0011324142599671804,222.3999644408111
0.0011307897017614967,222.55366134225923
0.0011291668694702309,222.7074644610693
0.0011275457623532833,222.86137387064633
0.0011259263796688467,223.01538964444612
0.0011243087206734088,223.16951185597517
0.0011226927846217627,223.32374057879085
0.0011210785707670024,223.4780758865013
0.0011194660783605318,223.6325178527656
0.0011178553066520686,223.78706655129366
0.0011162462548896467,223.9417220558464
0.001114638922319621,224.09648444023566
0.0011130333081866735,224.2513537783243
0.0011114294117338132,224.40633014402624
0.0011098272322023826,224.5614136113065
0.0011082267688320617,224.71660425418116
0.001106628020860872,224.8719021467175
0.0011050309875251776,225.027307363034
0.0011034356680596979,225.18281997730026
0.001101842061697497,225.3384400637375
0.0011002501676700065,225.49416769661747
0.0010986599852070111,225.6500029502639
0.0010970715135366627,225.8059458990518
0.0010954847518854858,225.9619966174074
0.0010938996994783745,226.1181551798085
0.0010923163555386017,226.2744216607843
0.0010907347192878215,226.4307961349155
0.0010891547899460707,226.58727867683464
0.0010875765667317842,226.74386936122508
0.0010860000488617813,226.90056826282253
0.0010844252355512822,227.05737545641404
0.0010828521260139072,227.21429101683844
0.0010812807194616838,227.37131501898625
0.0010797110151050462,227.5284475377997
0.0010781430121528468,227.68568864827287
0.00107657670981235,227.84303842545165
0.001075012107289245,228.00049694443373
0.0010734492037876452,228.15806428036882
0.0010718879985100929,228.31574050845848
0.0010703284906575653,228.47352570395623
0.0010687706794294742,228.63141994216767
0.0010672145640236777,228.78942329845034
0.0010656601436364738,228.947535848214
0.0010641074174626126,229.10575766692037
0.0010625563846952978,229.2640888300834
0.0010610070445261888,229.42252941326927
0.0010594593961454064,229.58107949209628
0.001057913438741539,229.73973914223507
0.0010563691715016416,229.8985084394085
0.0010548265936112435,230.05738745939183
0.001053285704254351,230.2163762780127
0.0010517465026134514,230.37547497115105
0.0010502089878695134,230.5346836147396
0.001048673159202006,230.69400228476277
0.0010471390157888794,230.85343105725826
0.0010456065568065856,231.01297000831605
0.0010440757814300775,231.17261921407865
0.001042546688832811,231.33237875074133
0.0010410192781867545,231.49224869455185
0.001039493548662386,231.6522291218108
0.0010379694994286993,231.81232010887166
0.001036447129653215,231.97252173214
0.0010349264385019713,232.13283406807489
0.0010334074251395408,232.293257193188
0.0010318900887290245,232.45379118404387
0.001030374428432061,232.61443611726
0.0010288604434088304,232.77519206950674
0.0010273481328180558,232.93605911750757
0.001025837495817009,233.09703733803886
0.0010243285315615165,233.2581268079301
0.0010228212392059581,233.41932760406382
0.0010213156179032742,233.58063980337582
0.0010198116668049704,233.7420634828549
0.0010183093850611189,233.90359871954317
0.0010168087718203638,234.06524559053597
0.001015309826229929,234.22700417298185
0.0010138125474356123,234.3888745440828
0.0010123169345817992,234.55085678109404
0.001010822986811461,234.71295096132425
0.001009330703266162,234.8751571621355
0.0010078400830860594,235.0374754609434
0.0010063511254099133,235.19990593521695
0.0010048638293750855,235.36244866247873
0.0010033781941175435,235.52510372030497
0.0010018942187718677,235.6878711863254
0.0010004119024712515,235.85075113822367
0.0009989312443475116,236.01374365373647
0.000997452243531084,236.17684881065483
0.0009959748991510322,236.34006668682335
0.0009944992103350495,236.5033973601404
0.0009930251762094646,236.66684090855827
0.0009915527958992438,236.83039741008304
0.0009900820685279977,236.99406694277465
0.0009886129932179812,237.1578495847471
0.0009871455690900978,237.3217454141686
0.0009856797952639109,237.48575450926057
0.0009842156708576362,237.64987694829927
0.0009827531949881511,237.8141128096148
0.0009812923667710028,237.97846217159147
0.0009798331853204043,238.14292511266763
0.0009783756497492428,238.3075017113359
0.0009769197591690834,238.47219204614316
0.0009754655126901718,238.63699619569056
0.0009740129094214374,238.80191423863354
0.0009725619484705023,238.96694625368195
0.0009711126289436772,239.13209231960002
0.0009696649499459713,239.29735251520637
0.0009682189105810939,239.46272691937415
0.000966774509951458,239.62821561103095
0.0009653317471581848,239.79381866915898
0.0009638906213011092,239.95953617279497
0.0009624511314787801,240.12536820103034
0.0009610132767884663,240.29131483301109
0.0009595770563261604,240.457376147938
0.0009581424691865822,240.62355222506648
0.0009567095144631815,240.7898431437068
0.0009552781912481473,240.95624898322401
0.0009538484986324025,241.12276982303803
0.0009524204357056133,241.28940574262384
0.0009509940015561976,241.4561568215107
0.000949569195271318,241.6230231392835
0.0009481460159368922,241.79000477558196
0.0009467244626375992,241.9571018101007
0.0009453045344568757,242.12431432258958
0.0009438862304769265,242.29164239285348
0.0009424695497787246,242.45908610075242
0.0009410544914420177,242.62664552620166
0.0009396410545453262,242.79432074917193
0.000938229238165961,242.96211184968843
0.0009368190413800083,243.13001890783246
0.0009354104632623467,243.2980420037404
0.0009340035028866445,243.46618121760403
0.0009325981593253717,243.6344366296705
0.0009311944316497919,243.80280832024246
0.0009297923189299758,243.97129636967804
0.0009283918202348011,244.13990085839092
0.0009269929346319559,244.30862186685033
0.0009255956611879444,244.47745947558113
0.0009241999989680879,244.64641376516383
0.0009228059470365338,244.81548481623457
0.0009214135044562526,244.98467270948532
0.0009200226702890459,245.15397752566372
0.0009186334435955497,245.32339934557328
0.0009172458234352374,245.49293825007328
0.0009158598088664226,245.662594320079
0.0009144753989462674,245.83236763656151
0.0009130925927307804,246.0022582805479
0.0009117113892748228,246.17226633312126
0.0009103317876321138,246.34239187542067
0.0009089537868552316,246.5126349886414
0.0009075773859956183,246.68299575403464
0.0009062025841035863,246.85347425290792
0.0009048293802283148,247.0240705666251
0.0009034577734178647,247.1947847766056
0.0009020877627191706,247.36561696432574
0.0009007193471780507,247.536567211318
0.0008993525258392124,247.70763559917114
0.0008979872977462513,247.87882220953037
0.0008966236619416561,248.05012712409732
0.000895261617466815,248.22155042462998
0.000893901163362015,248.3930921929432
0.0008925422986664528,248.5647525109076
0.0008911850224182313,248.73653146045106
0.0008898293336543647,248.90842912355797
0.0008884752314107855,249.0804455822692
0.0008871227147223448,249.25258091868247
0.0008857717826228185,249.42483521495214
0.0008844224341449082,249.59720855328942
0.0008830746683202499,249.76970101596226
0.0008817284841794114,249.9423126852955
0.0008803838807519003,250.11504364367087
0.0008790408570661661,250.28789397352708
0.0008776994121496028,250.4608637573597
0.000876359545028558,250.63395307772143
0.0008750212547283291,250.80716201722194
0.0008736845402731708,250.98049065852803
0.0008723494006862997,251.15393908436363
0.0008710158349898956,251.3275073775098
0.0008696838422051072,251.50119562080485
0.0008683534213520532,251.67500389714436
0.000867024571449831,251.8489322894811
0.0008656972915165139,252.02298088082526
0.0008643715805691588,252.19714975424438
0.0008630474376238094,252.37143899286338
0.0008617248616954984,252.54584867986463
0.0008604038517982507,252.72037889848826
0.0008590844069450957,252.89502973203116
0.0008577665261480557,253.06980126384855
0.0008564502084181612,253.24469357735293
0.0008551354527654496,253.4197067560146
0.0008538222581989706,253.59484088336137
0.0008525106237267911,253.7700960429789
0.0008512005483559951,253.94547231851055
0.0008498920310926881,254.1209697936578
0.0008485850709420074,254.29658855217912
0.0008472796669081141,254.4723286778917
0.0008459758179942084,254.6481902546704
0.0008446735232025234,254.82417336644798
0.0008433727815343351,255.0002780972153
0.0008420735919899638,255.17650453102118
0.0008407759535687783,255.35285275197253
0.0008394798652691972,255.52932284423449
0.0008381853260886982,255.70591489203022
0.000836892335023815,255.88262897964117
0.0008356008910701442,256.059465191407
0.0008343109932223492,256.23642361172574
0.0008330226404741617,256.4135043250537
0.00083173583181839,256.59070741590534
0.0008304505662469159,256.76803296885396
0.0008291668427507035,256.9454810685309
0.0008278846603198001,257.12305179962624
0.0008266040179433409,257.30074524688854
0.0008253249146095529,257.4785614951248
0.000824047349305756,257.65650062920076
0.0008227713210183724,257.8345627340408
0.0008214968287329219,258.0127478946279
0.0008202238714340322,258.19105619600396
0.0008189524481054397,258.36948772326934
0.0008176825577299897,258.5480425615838
0.0008164141992896535,258.72672079616495
0.0008151473717655122,258.9055225122902
0.0008138820741377741,259.08444779529555
0.0008126183053857739,259.26349673057604
0.0008113560644879765,259.4426694035856
0.0008100953504219803,259.62196589983745
0.0008088361621645228,259.80138630490364
0.0008075784986914807,259.9809307044156
0.0008063223589778743,260.1605991840639
0.0008050677419978762,260.34039182959793
0.0008038146467248051,260.52030872682684
0.0008025630721311397,260.7003499616188
0.0008013130171885131,260.88051561990164
0.0008000644808677229,261.06080578766216
0.0007988174621387308,261.2412205509469
0.0007975719599706686,261.4217599958617
0.0007963279733318405,261.6024242085719
0.0007950855011897253,261.78321327530256
0.0007938445425109853,261.9641272823381
0.0007926050962614613,262.14516631602277
0.0007913671614061835,262.32633046276027
0.0007901307369093708,262.5076198090143
0.0007888958217344358,262.689034441308
0.0007876624148439878,262.8705744462246
0.0007864305151998388,263.05223991040697
0.0007852001217630021,263.23403092055787
0.0007839712334936989,263.4159475634401
0.0007827438493513625,263.5979899258763
0.0007815179682946394,263.7801580947491
0.0007802935892813927,263.96245215700134
0.0007790707112687107,264.14487219963576
0.0007778493332129031,264.3274183097153
0.0007766294540695085,264.51009057436306
0.0007754110727932952,264.6928890807627
0.0007741941883382716,264.87581391615714
0.0007729787996576811,265.05886516785057
0.0007717649057040086,265.24204292320724
0.0007705525054289852,265.4253472696516
0.0007693415977835912,265.6087782946687
0.0007681321817180581,265.7923360858039
0.0007669242561818728,265.9760207306633
0.000765717820123782,266.1598323169136
0.0007645128724917975,266.3437709322813
0.0007633094122331926,266.5278366645544
0.0007621074382945116,266.7120296015812
0.0007609069496215704,266.8963498312709
0.0007597079451594639,267.0807974415933
0.0007585104238525639,267.2653725205789
0.0007573143846445255,267.4500751563194
0.0007561198264782904,267.6349054369669
0.0007549267482960902,267.81986345073483
0.0007537351490394489,268.00494928589734
0.0007525450276491866,268.19016303078973
0.0007513563830654255,268.3755047738082
0.0007501692142275885,268.5609746034101
0.000748983520074406,268.74657260811404
0.0007477992995439178,268.9322988764996
0.0007466165515734765,269.11815349720774
0.0007454352750997543,269.3041365589405
0.0007442554690587403,269.4902481504614
0.0007430771323857474,269.6764883605953
0.0007419002640154163,269.8628572782282
0.0007407248628817166,270.0493549923079
0.0007395509279179513,270.2359815918433
0.0007383784580567624,270.42273716590506
0.0007372074522301288,270.6096218036254
0.000736037909369373,270.79663559419816
0.0007348698284051688,270.9837786268783
0.0007337032082675341,271.17105099098313
0.0007325380478858427,271.35845277589146
0.0007313743461888264,271.5459840710438
0.0007302121021045752,271.73364496594246
0.000729051314560542,271.92143555015184
0.0007278919824835479,272.10935591329786
0.0007267341047997803,272.29740614506903
0.0007255776804348078,272.4855863352147
0.0007244227083135681,272.67389657354727
0.0007232691873603807,272.8623369499408
0.0007221171164989487,273.0509075543317
0.0007209664946523612,273.23960847671816
0.0007198173207430967,273.4284398071609
0.0007186695936930282,273.6174016357827
0.0007175233124234235,273.8064940527687
0.0007163784758549498,273.99571714836634
0.000715235082907678,274.1850710128854
0.0007140931325010838,274.374555736698
0.0007129526235540526,274.56417141023906
0.0007118135549848837,274.75391812400557
0.0007106759257112907,274.94379596855725
0.0007095397346504065,275.13380503451646
0.0007084049807187864,275.3239454125681
0.0007072716628324113,275.51421719345973
0.0007061397799066901,275.7046204680017
0.0007050093308564657,275.895155327067
0.0007038803145960148,276.0858218615916
0.0007027527300390518,276.2766201625742
0.0007016265760987347,276.4675503210763
0.0007005018516876646,276.65861242822257
0.000699378555717892,276.8498065752004
0.0006982566871009157,277.0411328532606
0.0006971362447476966,277.23259135371626
0.0006960172275686462,277.4241821679443
0.0006948996344736386,277.6159053873846
0.0006937834643720129,277.80776110354014
0.0006926687161725742,277.9997494079773
0.0006915553887836013,278.1918703923254
0.0006904434811128436,278.3841241482775
0.000689332992067528,278.57651076758987
0.0006882239205543613,278.76903034208226
0.0006871162654795355,278.9616829636374
0.0006860100257487284,279.154468724202
0.0006849052002671057,279.34738771578634
0.0006838017879393271,279.5404400304641
0.0006826997876695478,279.73362576037266
0.0006815991983614225,279.926944997713
0.0006805000189181072,280.12039783474995
0.0006794022482422657,280.31398436381204
0.0006783058852360676,280.50770467729154
0.000677210928801196,280.7015588676446
0.0006761173778388476,280.8955470273914
0.0006750252312497378,281.08966924911584
0.0006739344879341019,281.283925625466
0.0006728451467917023,281.4783162491538
0.0006717572067218256,281.67284121295546
0.0006706706666232906,281.8675006097111
0.0006695855253944486,282.06229453232515
0.000668501781933189,282.2572230737661
0.0006674194351369386,282.4522863270669
0.0006663384839026707,282.6474843853245
0.0006652589271269016,282.8428173417005
0.0006641807637056977,283.0382852894206
0.0006631039925346774,283.2338883217753
0.0006620286125090152,283.429626532119
0.0006609546225234402,283.62550001387154
0.000659882021472251,283.821508860516
0.0006588108082493037,284.01765316560113
0.0006577409817480237,284.21393302274
0.0006566725408614076,284.4103485256103
0.000655605484482026,284.6068997679546
0.0006545398115020246,284.8035868435802
0.0006534755208131321,285.00040984635916
0.0006524126113066561,285.1973688702288
0.000651351081873495,285.39446400919036
0.0006502909314041324,285.5916953573111
0.0006492321587886441,285.78906300872285
0.0006481747629167038,285.98656705762255
0.0006471187426775806,286.1842075982722
0.0006460640969601459,286.38198472499903
0.0006450108246528746,286.57989853219533
0.0006439589246438501,286.7779491143187
0.0006429083958207641,286.97613656589203
0.0006418592370709239,287.1744609815035
0.0006408114472812519,287.3729224558067
0.0006397650253382889,287.57152108352057
0.0006387199701281995,287.7702569594295
0.0006376762805367726,287.9691301783835
0.0006366339554494248,288.16814083529806
0.0006355929937512067,288.3672890251542
0.0006345533943268003,288.56657484299865
0.000633515156060526,288.76599838394384
0.0006324782778363442,288.9655597431679
0.0006314427585378585,289.1652590159147
0.0006304085970483178,289.3650962974941
0.0006293757922506233,289.56507168328153
0.0006283443430273245,289.76518526871865
0.0006273142482606279,289.96543714931283
0.0006262855068323968,290.1658274206378
0.0006252581176241584,290.36635617833264
0.0006242320795171,290.5670235181032
0.0006232073913920791,290.7678295357212
0.0006221840521296206,290.96877432702456
0.0006211620606099235,291.16985798791757
0.0006201414157128618,291.37108061437056
0.0006191221163179872,291.5724423024204
0.0006181041613045347,291.77394314817053
0.0006170875495514252,291.97558324778987
0.0006160722799372634,292.17736269751475
0.0006150583513403462,292.3792815936477
0.0006140457626386624,292.5813400325578
0.0006130345127098994,292.7835381106808
0.0006120246004314414,292.98587592451895
0.0006110160246803756,293.18835357064125
0.0006100087843334931,293.3909711456836
0.0006090028782672935,293.59372874634835
0.0006079983053579869,293.796626469405
0.0006069950644814959,293.99966441168976
0.0006059931545134618,294.2028426701058
0.0006049925743292427,294.4061613416232
0.0006039933228039199,294.6096205232792
0.0006029953988122995,294.813220312178
0.0006019988012289145,295.01696080549084
0.0006010035289280311,295.22084210045625
0.0006000095807836464,295.42486429437986
0.0005990169556694955,295.6290274846346
0.0005980256524590513,295.83333176866074
0.0005970356700255303,296.03777724396576
0.0005960470072418931,296.24236400812464
0.0005950596629808471,296.44709215877975
0.0005940736361148533,296.65196179364085
0.0005930889255161216,296.8569730104857
0.000592105530056624,297.06212590715865
0.0005911234486080864,297.2674205815725
0.0005901426800419977,297.4728571317075
0.0005891632232296139,297.6784356556116
0.000588185077041956,297.8841562514005
0.000587208240349816,298.09001901725776
0.0005862327120237588,298.29602405143464
0.0005852584909341258,298.5021714522505
0.0005842855759510342,298.70846131809276
0.0005833139659443894,298.91489374741604
0.0005823436597838746,299.12146883874397
0.0005813746563389622,299.32818669066774
0.0005804069544789144,299.5350474018469
0.000579440553072785,299.7420510710091
0.0005784754509894258,299.94919779695016
0.0005775116470974835,300.1564876785343
0.0005765491402654078,300.36392081469387
0.0005755879293614503,300.5714973044299
0.0005746280132536706,300.7792172468115
0.0005736693908099366,300.98708074097647
0.0005727120608979267,301.19508788613103
0.0005717560223851373,301.40323878155
0.0005708012741388789,301.61153352657675
0.0005698478150262835,301.8199722206234
0.0005688956439143053,302.0285549631706
0.0005679447596697235,302.237281853768
0.0005669951611591476,302.44615299203383
0.0005660468472490158,302.6551684776553
0.0005650998168056008,302.8643284103884
0.0005641540686950114,303.0736328900581
0.0005632096017831956,303.2830820165584
0.0005622664149359428,303.49267588985236
0.0005613245070188866,303.70241460997204
0.0005603838768975082,303.912298277019
0.0005594445234371404,304.12232699116294
0.0005585064455029651,304.3325008526438
0.0005575696419600204,304.5428199617706
0.0005566341116732036,304.75328441892145
0.0005556998535072711,304.96389432454396
0.000554766866326843,305.1746497791552
0.0005538351489964045,305.3855508833416
0.0005529047003803091,305.5965977377594
0.0005519755193427834,305.8077904431336
0.0005510476047479269,306.0191291002597
0.0005501209554597141,306.2306138100025
0.0005491955703419998,306.4422446732965
0.0005482714482585198,306.65402179114596
0.0005473485880728948,306.865945264625
0.0005464269886486314,307.07801519487754
0.0005455066488491278,307.2902316831174
0.0005445875675376725,307.50259483062837
0.0005436697435774494,307.7151047387642
0.0005427531758315394,307.9277615089487
0.0005418378631629245,308.14056524267585
0.0005409238044344872,308.35351604150964
0.0005400109985090184,308.56661400708435
0.000539099444249214,308.7798592411044
0.0005381891405176813,308.9932518453446
0.0005372800861769406,309.20679192165005
0.0005363722800894279,309.42047957193614
0.0005354657211174957,309.63431489818896
0.0005345604081234206,309.84829800246473
0.0005336563399693996,310.06242898689044
0.0005327535155175562,310.2767079536636
0.0005318519336299428,310.4911350050524
0.0005309515931685424,310.7057102433956
0.0005300524929952694,310.9204337711029
0.0005291546319719807,311.1353056906542
0.0005282580089604651,311.3503261046008
0.000527362622822455,311.5654951155647
0.0005264684724196267,311.78081282623896
0.0005255755566136015,311.9962793393873
0.0005246838742659517,312.2118947578447
0.0005237934242381991,312.42765918451704
0.0005229042053918181,312.6435727223819
0.0005220162165882435,312.85963547448677
0.0005211294566888652,313.07584754395145
0.000520243924555035,313.29220903396674
0.0005193596190480702,313.5087200477946
0.0005184765390292529,313.7253806887685
0.0005175946833598341,313.9421910602933
0.0005167140509010368,314.15915126584514
0.000515834640514057,314.3762614089719
0.0005149564510600667,314.593521593293
0.0005140794814002186,314.8109319224993
0.0005132037303956447,315.0284925003535
0.0005123291969074614,315.24620343068983
0.000511455879796771,315.4640648174145
0.0005105837779246641,315.6820767645053
0.0005097128901522228,315.9002393760121
0.0005088432153405236,316.11855275605643
0.0005079747523506375,316.33701700883205
0.0005071075000436348,316.55563223860446
0.0005062414572805856,316.7743985497114
0.0005053766229225646,316.99331604656265
0.0005045129958306507,317.21238483364016
0.0005036505748659333,317.43160501549806
0.0005027893588895106,317.65097669676277
0.0005019293467624935,317.87049998213297
0.0005010705373460081,318.0901749763801
0.0005002129295012009,318.310001784347
0.0004993565220892369,318.5299805109498
0.0004985013139713032,318.7501112611771
0.0004976473040086122,318.97039414008975
0.0004967944910624043,319.1908292528214
0.0004959428739939489,319.4114167045783
0.0004950924516645479,319.63215660063935
0.0004942432229355374,319.8530490463567
0.0004933951866682934,320.07409414715414
0.0004925483417242271,320.2952920085294
0.0004917026869647935,320.51664273605275
0.0004908582212514903,320.7381464353674
0.000490014943445864,320.9598032121897
0.0004891728524095076,321.18161317230886
0.0004883319470040665,321.40357642158733
0.00048749222609123906,321.62569306596066
0.00048665368853277927,321.84796321143773
0.0004858163331904993,322.0703869641005
0.0004849801589262734,322.29296443010435
0.0004841451646020364,322.5156957156781
0.0004833113490797897,322.7385809271237
0.0004824787112216013,322.9616201708169
0.00048164724988960985,323.1848135532067
0.00048081696394602474,323.4081611808159
0.00047998785225313224,323.63166316024075
0.0004791599136732931,323.8553195981512
0.0004783331470689481,324.0791306012909
0.00047750755130261885,324.30309627647733
0.00047668312523691105,324.52721673060176
0.00047585986773451534,324.75149207062935
0.00047503777765821293,324.9759224035991
0.00047421685387087295,325.2005078366241
0.00047339709523545756,325.42524847689174
0.00047257850061502673,325.65014443166245
0.00047176106887273375,325.8751958082719
0.00047094479887183516,326.10040271412936
0.0004701296894756865,326.3257652567187
0.0004693157395477488,326.5512835435977
0.00046850294795158895,326.7769576823988
0.0004676913135508827,327.0027877808285
0.00046688083520941587,327.228773946668
0.00046607151179108816,327.4549162877732
0.0004652633421599161,327.6812149120735
0.000464456325180031,327.9076699275739
0.0004636504597156849,328.13428144235394
0.0004628457446312511,328.3610495645675
0.0004620421787912297,328.58797440244336
0.00046123976106024467,328.81505606428516
0.0004604384903030494,329.0422946584713
0.00045963836538452787,329.26969029345514
0.0004588393851696978,329.49724307776484
0.0004580415485237116,329.7249531200038
0.00045724485431185833,329.9528205288503
0.0004564493013995691,330.18084541305774
0.00045565488865241473,330.4090278814548
0.00045486161493611026,330.6373680429452
0.00045406947911651754,330.865866006508
0.0004532784800596463,331.09452188119764
0.0004524886166316563,331.32333577614384
0.00045169988769886186,331.5523078005517
0.00045091229212773024,331.78143806370196
0.0004501258287848862,332.01072667495066
0.000449340496537114,332.2401737437296
0.0004485562942513587,332.46977937954614
0.00044777322079472836,332.69954369198325
0.00044699127503449875,332.92946679069973
0.0004462104558381097,333.1595487854305
0.00044543076207317575,333.3897897859852
0.0004446521926074795,333.62018990225044
0.0004438747463089784,333.8507492441885
0.00044309842204580635,334.0814679218375
0.00044232321868627666,334.31234604531176
0.0004415491350988817,334.5433837248016
0.00044077617015229675,334.77458107057345
0.00044000432271538086,335.00593819297046
0.00043923359165718204,335.2374552024109
0.0004384639758469362,335.4691322093903
0.0004376954741540691,335.7009693244803
0.0004369280854482,335.93296665832895
0.00043616180859914377,336.1651243216608
0.00043539664247691195,336.3974424252769
0.0004346325859517148,336.62992108005477
0.00043386963789396576,336.86256039694865
0.00043310779717428,337.0953604869895
0.0004323470626634783,337.3283214612849
0.00043158743323258917,337.5614434310193
0.0004308289077528506,337.79472650745396
0.0004300714850957117,338.028170801927
0.0004293151641328369,338.26177642585355
0.00042855994373610436,338.4955434907257
0.00042780582277761065,338.7294721081126
0.0004270528001296721,338.96356238966047
0.0004263008746648262,339.1978144470927
0.000425550045255836,339.4322283922099
0.0004248003107756883,339.66680433689
0.0004240516700975988,339.9015423930881
0.0004233041220950125,340.1364426728369
0.0004225576656416066,340.3715052882463
0.00042181229961129197,340.6067303515037
0.00042106802287821373,340.84211797487455
0.0004203248343167596,341.0776682707007
0.00041958273280155234,341.31338135140277
0.00041884171720745807,341.54925732947856
0.0004181017864095868,341.78529631750376
0.0004173629392832934,342.0214984281319
0.00041662517470418244,342.2578637740942
0.00041588849154810663,342.49439246819986
0.00041515288869116944,342.7310846233365
0.0004144183650097315,342.96794035246853
0.00041368491938040535,343.2049597686396
0.00041295255068006195,343.44214298497104
0.00041222125778583364,343.6794901146625
0.00041149103957511185,343.91700127099165
0.00041076189492555244,344.1546765673146
0.0004100338227150761,344.39251611706584
0.0004093068218218709,344.63052003375805
0.00040858089112439516,344.8686884309825
0.0004078560295013764,345.107021422409
0.0004071322358318163,345.34551912178586
0.0004064095089949911,345.58418164293994
0.00040568784787045403,345.8230090997768
0.00040496725133803686,346.0620016062808
0.00040424771827785136,346.30115927651497
0.0004035292475702939,346.5404822246212
0.00040281183809604313,346.7799705648203
0.00040209548873606463,347.019624411412
0.0004013801983716128,347.2594438787749
0.00040066596588423124,347.4994290813669
0.0003999527901557554,347.7395801337247
0.00039924067006831613,347.9798971504644
0.0003985296045043386,348.2203802462812
0.00039781959234654545,348.46102953594954
0.00039711063247795824,348.7018451343236
0.0003964027237819022,348.94282715633585
0.00039569586514200426,349.1839757169992
0.0003949900554421957,349.42529093140575
0.0003942852935667151,349.6667729147272
0.00039358157840010987,349.9084217822146
0.000392878908827238,350.1502376491989
0.00039217728373326866,350.39222063109065
0.0003914767020036877,350.6343708433802
0.00039077716252429353,350.8766884016381
0.00039007866418120664,351.11917342151344
0.00038938120586086325,351.3618260187367
0.0003886847864500224,351.6046463091177
0.00038798940483576754,351.8476344085464
0.0003872950599055054,352.09079043299283
0.00038660175054697053,352.3341144985071
0.0003859094756482255,352.57760672121975
0.00038521823409766416,352.82126721734124
0.0003845280247840112,353.0650961031626
0.0003838388465963274,353.3090934950551
0.00038315069842400755,353.55325950947054
0.0003824635791567848,353.797594262941
0.00038177748768473117,354.0420978720794
0.00038109242289825995,354.2867704535789
0.00038040838368812705,354.5316121242136
0.0003797253689454344,354.77662300083813
0.00037904337756162847,355.0218032003879
0.00037836240842850454,355.26715283987926
0.00037768246043820797,355.5126720364092
0.0003770035324832355,355.75836090715575
0.0003763256234564368,356.00421956937805
0.0003756487322510179,356.25024814041603
0.0003749728577605405,356.496446737691
0.0003742979988789253,356.74281547870504
0.00037362415450045174,356.98935448104214
0.00037295132351976507,357.2360638623663
0.00037227950483187015,357.48294374042393
0.0003716086973321396,357.72999423304253
0.0003709388999163122,357.977215458131
0.0003702701114804959,358.2246075336796
0.00036960233092116874,358.47217057776027
0.00036893555713518134,358.71990470852654
0.0003682697890197569,358.9678100442139
0.0003676050254724979,359.2158867031385
0.0003669412653913803,359.46413480369927
0.00036627850767476046,359.71255446437675
0.000365616751221375,359.9611458037332
0.0003649559949303425,360.2099089404129
0.0003642962377011671,360.4588439931422
0.0003636374784337368,360.7079510807293
0.0003629797160283275,360.9572303220647
0.000362322949385604,361.2066818361208
0.0003616671774066216,361.4563057419527
0.00036101239899282746,361.7061021586972
0.0003603586130460641,361.9560712055739
0.0003597058184685675,362.2062130018845
0.00035905401416297205,362.4565276670133
0.0003584031990323104,362.70701532042705
0.00035775337198001584,362.957676081675
0.00035710453190992264,363.20851007038914
0.00035645667772627094,363.4595174062841
0.0003558098083337041,363.7106982091571
0.0003551639226372728,363.9620525988884
0.0003545190195424364,364.213580695441
0.0003538750979550642,364.46528261886067
0.0003532321567814366,364.71715848927636
0.0003525901949282487,364.96920842689985
0.0003519492113026081,365.2214325520265
0.000351309204812042,365.4738309850336
0.0003506701743644929,365.7264038463828
0.0003500321188683236,365.97915125661865
0.0003493950372323177,366.23207333636896
0.00034875892836568306,366.4851702063449
0.00034812379117805015,366.7384419873411
0.00034748962457947574,366.9918888002356
0.0003468564274804434,367.2455107659904
0.00034622419879186736,367.49930800565
0.0003455929374250914,367.75328064034363
0.00034496264229189093,368.0074287912839
0.0003443333123044751,368.2617525797671
0.0003437049463754884,368.51625212717346
0.00034307754341801177,368.770927554967
0.00034245110234556395,369.0257789846957
0.00034182562207210485,369.2808065379916
0.0003412011015120342,369.5360103365707
0.0003405775395801948,369.7913905022333
0.00033995493519187365,370.0469471568636
0.0003393332872628039,370.3026804224302
0.00033871259470916496,370.5585904209861
0.00033809285644758696,370.8146772746684
0.0003374740713951485,371.0709411056987
0.00033685623846938043,371.32738203638314
0.0003362393565882672,371.5840001891124
0.00033562342467024754,371.8407956863615
0.00033500844163421615,372.09776865069045
0.00033439440639952694,372.3549192047437
0.0003337813178859913,372.61224747125056
0.00033316917501388204,372.86975357302515
0.00033255797670393386,373.12743763296646
0.0003319477218773451,373.38529977405835
0.0003313384094557777,373.6433401193702
0.0003307300383613642,373.9015587920551
0.00033012260751670103,374.1599559153526
0.00032951611584485543,374.4185316125869
0.00032891056226936526,374.6772860071674
0.0003283059457142403,374.936219222589
0.0003277022651039654,375.1953313824317
0.0003270995193634993,375.45462261036096
0.00032649770741827714,375.71409303012786
0.000325896828194212,375.97374276556917
0.00032529688061769805,376.2335719406062
0.0003246978636156091,376.49358067924715
0.00032409977611530066,376.75376910558526
0.0003235026170446122,377.01413734379986
0.00032290638533186866,377.2746855181558
0.00032231107990588083,377.53541375300404
0.0003217166996959477,377.79632217278134
0.00032112324363185697,378.05741090201053
0.0003205307106438883,378.3186800653004
0.00031993909966281184,378.5801297873459
0.0003193484096198918,378.8417601929283
0.0003187586394468869,379.1035714069148
0.0003181697880760523,379.3655635542592
0.00031758185444013984,379.62773676000154
0.00031699483747240167,379.89009114926813
0.00031640873610658905,380.15262684727196
0.00031582354927695494,380.4153439793124
0.0003152392759182553,380.6782426707756
0.00031465591496575046,380.9413230471342
0.00031407346535520587,381.20458523394757
0.00031349192602289546,381.46802935686185
0.0003129112959055998,381.7316555416101
0.0003123315739406097,381.9954639140122
0.00031175275906572704,382.259454599975
0.0003111748502192645,382.52362772549276
0.0003105978463400523,382.78798341664555
0.00031002174636743195,383.0525217996019
0.0003094465492412622,383.31724300061705
0.0003088722539019195,383.5821471460335
0.00030829885929029894,383.84723436228103
0.00030772636434781583,384.1125047758769
0.00030715476801640787,384.3779585134257
0.00030658406923853346,384.64359570162
0.00030601426695717806,384.9094164672386
0.00030544536011584985,385.1754209371493
0.00030487734765858416,385.4416092383069
0.0003043102285299456,385.7079814977543
0.0003037440016750265,385.9745378426219
0.00030317866603945013,386.241278400128
0.0003026142205693715,386.50820329757903
0.0003020506642114787,386.7753126623691
0.00030148799591299353,387.04260662198067
0.00030092621462167473,387.31008530398395
0.0003003653192858163,387.57774883603764
0.00029980530885425103,387.84559734588845
0.00029924618227635056,388.1136309613715
0.00029868793850202735,388.38184981041013
0.00029813057648173504,388.6502540210162
0.0002975740951664718,388.91884372129
0.0002970184935077782,389.1876190394203
0.0002964637704577413,389.45658010368464
0.00029590992496899437,389.7257270424489
0.0002953569559947188,389.99505998416794
0.0002948048624886444,390.2645790573852
0.0002942536434050531,390.5342843907332
0.0002937032976987765,390.8041761129331
0.00029315382432519983,391.0742543527951
0.00029260522224026106,391.3445192392189
0.00029205749040045546,391.61497090119207
0.0002915106277628335,391.88560946779234
0.0002909646332850027,392.15643506818645
0.0002904195059251298,392.4274478316304
0.0002898752446419411,392.6986478874693
0.00028933184839472436,392.9700353651379
0.0002887893161433294,393.24161039416026
0.0002882476468481682,393.51337310415045
0.000287706839470221,393.78532362481076
0.0002871668929710302,394.05746208593445
0.0002866278063127062,394.32978861740406
0.0002860895784579277,394.6023033491918
0.0002855522083699419,394.87500641135983
0.00028501569501256796,395.14789793406015
0.000284480037350195,395.42097804753456
0.00028394523434778523,395.6942468821152
0.00028341128497087493,395.96770456822384
0.0002828781881855746,396.2413512363728
0.0002823459429585723,396.5151870171643
0.0002818145482571319,396.78921204129097
0.0002812840030490958,397.06342643953576
0.00028075430630288624,397.3378303427719
0.00028022545698750583,397.61242388196314
0.00027969745407253866,397.88720718816376
0.0002791702965281515,398.1621803925185
0.000278643983325096,398.43734362626293
0.0002781185134347078,398.712697020723
0.0002775938858289087,398.98824070731575
0.0002770700994802078,399.26397481754884
0.00027654715336170266,399.5398994830209
0.0002760250464470796,399.81601483542147
0.00027550377771061663,400.09232100653105
0.0002749833461271814,400.36881812822173
0.00027446375067223663,400.6455063324554
0.00027394499032183656,400.92238575128647
0.0002734270640526305,401.1994565168601
0.000272909970841865,401.4767187614129
0.0002723937096673818,401.75417261727273
0.0002718782795076212,402.03181821685905
0.0002713636793416226,402.3096556926826
0.0002708499081490244,402.58768517734643
0.00027033696491006893,402.8659068035437
0.0002698248486055977,403.14432070406065
0.00026931355821705654,403.4229270117749
0.00026880309272649507,403.70172585965577
0.00026829345111656865,403.98071738076464
0.00026778463237053866,404.2599017082547
0.00026727663547227327,404.53927897537125
0.0002667694594062504,404.81884931545164
0.00026626310315755594,405.09861286192535
0.0002657575657118864,405.3785697483141
0.0002652528460555501,405.6587201082319
0.00026474894317546723,405.939064075385
0.0002642458560591713,406.2196017835722
0.00026374358369481117,406.50033336668474
0.00026324212507114995,406.78125895870625
0.00026274147917756767,407.0623786937131
0.0002622416450040614,407.34369270587416
0.0002617426215412469,407.6252011294513
0.00026124440778035863,407.90690409879886
0.0002607470027132525,408.18880174836426
0.0002602504053324049,408.4708942126877
0.0002597546146309144,408.7531816264024
0.0002592596296025031,409.0356641242347
0.00025876544924151714,409.31834184100387
0.0002582720725429268,409.60121491162295
0.0002577794985023318,409.88428347109686
0.0002572877261159556,410.1675476545251
0.0002567967543806505,410.45100759710016
0.0002563065822938984,410.73466343410786
0.0002558172088538102,411.0185153009276
0.00025532863305912913,411.3025633330323
0.00025484085390922864,411.58680766598854
0.000254353870404116,411.8712484354565
0.0002538676815444307,412.15588577719063
0.00025338228633144897,412.4407198270379
0.0002528976837670814,412.7257507209405
0.0002524138728538748,413.01097859493393
0.00025193085259501345,413.2964035851479
0.00025144862199432023,413.58202582780615
0.00025096718005625685,413.86784545922654
0.00025048652578592474,414.15386261582114
0.0002500066581890679,414.4400774340963
0.00024952757627207063,414.7264900506527
0.00024904927904196043,415.0131006021855
0.00024857176550640864,415.29990922548416
0.00024809503467373105,415.5869160574328
0.0002476190855528893,415.87412123501014
0.0002471439171534901,416.1615248952895
0.00024666952848578945,416.449127175439
0.00024619591856068975,416.73692821272147
0.000245723086389743,417.02492814449465
0.0002452510309851509,417.31312710821123
0.00024477975135976557,417.6015252414188
0.00024430924652709166,417.89012268176015
0.00024383951550128536,418.1789195669731
0.0002433705572971563,418.4679160348906
0.00024290237093016828,418.75711222344097
0.0002424349554164401,419.04650827064785
0.00024196830977274558,419.3361043146306
0.00024150243301651782,419.6259004936027
0.0002410373241658446,419.91589694587475
0.00024057298223947328,420.20609380985206
0.00024010940625681,420.496491224036
0.0002396465952379212,420.7870893270233
0.0002391845482035334,421.07788825750674
0.00023872326417503649,421.3688881542749
0.00023826274217448042,421.6600891562125
0.0002378029812245812,421.9514914022992
0.00023734398034871664,422.2430950316119
0.00023688573857092997,422.5349001833232
0.00023642825491593128,422.8269069967018
0.0002359715284090957,423.11911561111276
0.00023551555807646647,423.4115261660174
0.00023506034294475478,423.70413880097334
0.00023460588204134036,423.9969536556349
0.00023415217439427295,424.2899708697526
0.00023369921903227325,424.58319058317375
0.00023324701498473235,424.87661293584216
0.00023279556128171384,425.1702380677985
0.00023234485695395379,425.46406611918013
0.00023189490103286216,425.7580972302213
0.00023144569255052278,426.0523315412531
0.00023099723053969558,426.34676919270373
0.00023054951403381552,426.64141032509826
0.0002301025420669943,426.936255079059
0.0002296563136740211,427.23130359530546
0.00022921082789036315,427.5265560146543
0.00022876608375216643,427.8220124780196
0.00022832208029625745,428.11767312641274
0.00022787881656014195,428.41353810094256
0.00022743629158200745,428.7096075428155
0.0002269945044007223,429.0058815933359
0.00022655345405583926,429.3023603939046
0.00022611313958759347,429.59904408602125
0.00022567356003690362,429.8959328112831
0.00022523471444537357,430.193026711385
0.0002247966018552928,430.49032592812
0.0002243592213096366,430.7878306033789
0.00022392257185206759,431.08554087915064
0.00022348665252693486,431.3834568975228
0.00022305146237927863,431.6815788006798
0.00022261700045482537,431.97990673090555
0.00022218326579999238,432.2784408305819
0.00022175025746188704,432.5771812421892
0.0002213179744883078,432.87612810830615
0.0002208864159277459,433.17528157160996
0.00022045558082938395,433.47464177487655
0.00022002546824309807,433.7742088609805
0.00021959607721945844,434.0739829728949
0.0002191674068097297,434.373964253692
0.00021873945606587118,434.67415284654277
0.00021831222404053937,434.974548894717
0.00021788570978708609,435.2751525415836
0.00021745991235956095,435.5759639306107
0.00021703483081271125,435.8769832053653
0.00021661046420198298,436.1782105095138
0.0002161868115835208,436.4796459868219
0.0002157638720141705,436.78128978115444
0.0002153416445514771,437.083142036476
0.00021492012825368733,437.38520289685033
0.00021449932217974943,437.68747250644105
0.0002140792253893144,437.98995100951123
0.0002136598369427357,438.2926385504236
0.00021324115590107176,438.59553527364073
0.00021282318132608358,438.8986413237255
0.00021240591228023902,439.2019568453393
0.00021198934782671022,439.50548198324486
0.0002115734870293754,439.8092168823045
0.00021115832895282093,440.1131616874806
0.00021074387266233928,440.4173165438359
0.0002103301172239315,440.72168159653313
0.00020991706170430733,441.0262569908356
0.00020950470517088556,441.3310428721067
0.00020909304669179432,441.63603938581105
0.00020868208533587448,441.9412466775123
0.0002082718201726756,442.24666489287597
0.0002078622502724597,442.552294177668
0.0002074533747062009,442.85813467775483
0.00020704519254558648,443.16418653910387
0.0002066377028630164,443.4704499077834
0.000206230904731606,443.77692492996255
0.00020582479722518397,444.0836117519115
0.00020541937941829453,444.39051052000167
0.0002050146503861978,444.6976213807053
0.00020461060920486988,445.0049444805962
0.0002042072549510037,445.31247996634926
0.00020380458670201044,445.62022798474084
0.00020340260353601824,445.9281886826487
0.0002030013045318744,446.236362207052
0.00020260068876914476,446.54474870503174
0.0002022007553281152,446.8533483237703
0.00020180150328979213,447.1621612105519
0.00020140293173590218,447.4711875127625
0.00020100503974889325,447.78042737789
0.0002006078264119353,448.08988095352413
0.0002002112908089206,448.3995483873566
0.00019981543202446416,448.7094298271813
0.00019942024914390425,449.0195254208942
0.0001990257412533035,449.3298353164939
0.00019863190743944954,449.64035966208
0.0001982387467898538,449.9510986058557
0.0001978462583927538,450.2620522961262
0.0001974544413371127,450.57322088129933
0.00019706329471262112,450.88460450988526
0.00019667281760969574,451.196203330497
0.00019628300911948124,451.50801749185007
0.0001958938683338499,451.8200471427633
0.00019550539434540342,452.13229243215716
0.00019511758624747244,452.4447535090561
0.00019473044313411623,452.7574305225874
0.0001943439641001249,453.0703236219811
0.00019395814824101868,453.3834329565707
0.00019357299465304906,453.69675867579264
0.0001931885024331985,454.0103009291867
0.0001928046706791827,454.3240598663961
0.00019242149848944863,454.6380356371674
0.0001920389849631764,454.95222839135056
0.00019165712920027979,455.2666382788993
0.00019127593030140628,455.5812654498708
0.00019089538736793743,455.89611005442606
0.00019051549950199046,456.2111722428298
0.00019013626580641703,456.52645216545045
0.00018975768538480466,456.8419499727607
0.00018937975734147717,457.1576658153368
0.00018900248078149496,457.4735998438595
0.00018862585481065514,457.7897522091133
0.00018824987853549328,458.10612306198715
0.00018787455106328193,458.4227125534742
0.00018749987150203242,458.7395208346719
0.00018712583896049483,459.05654805678216
0.0001867524525481586,459.37379437111144
0.00018637971137525194,459.6912599290711
0.00018600761455274566,460.00894488217597
0.00018563616119234865,460.32684938204665
0.00018526535040651158,460.64497358040836
0.00018489518130842658,460.963317629091
0.0001845256530120271,461.2818816800296
0.00018415676463198998,461.6006658852638
0.00018378851528373367,461.9196703969387
0.00018342090408341924,462.23889536730496
0.000183053930147953,462.5583409487168
0.00018268759259498343,462.87800729363533
0.0001823218905429035,463.1978945546266
0.00018195682311085185,463.518002884362
0.00018159238941871096,463.8383324356183
0.00018122858858710936,464.1588833612782
0.00018086541973742106,464.47965581432976
0.00018050288199176668,464.8006499478669
0.0001801409744730128,465.12186591508924
0.00017977969630477385,465.4433038693023
0.00017941904661141094,465.76496396391775
0.00017905902451803313,466.086846352453
0.0001786996291504973,466.40895118853166
0.00017834085963540914,466.73127862588353
0.0001779827151001227,467.05382881834464
0.00017762519467274209,467.37660191985736
0.00017726829748212025,467.6995980844703
0.00017691202265786006,468.0228174663388
0.00017655636933031494,468.3462602197244
0.0001762013366305887,468.6699264989956
0.00017584692369053596,468.9938164586273
0.0001754931296427634,469.31793025320127
0.00017513995362062874,469.6422680374061
0.00017478739475824167,469.9668299660374
0.00017443545219046402,470.2916161939979
0.00017408412505291157,470.6166268762963
0.00017373341248195148,470.9418621680498
0.00017338331361470543,471.2673222244821
0.0001730338275890481,471.5930072009244
0.0001726849535436085,471.91891725281505
0.00017233669061776977,472.24505253570004
0.00017198903795166936,472.5714132052328
0.00017164199468620094,472.8979994171741
0.0001712955599630116,473.2248113273932
0.0001709497329245062,473.5518490918653
0.00017060451271384367,473.8791128666751
0.00017025989847493965,474.20660280801445
0.000169915889352467,474.53431907218334
0.0001695724844918545,474.8622618155897
0.00016922968303928842,475.1904311947496
0.00016888748414171253,475.5188273662871
0.00016854588694682797,475.8474504869347
0.00016820489060309431,476.17630071353307
0.00016786449425972876,476.50537820303146
0.00016752469706670807,476.83468311248737
0.0001671854981747671,477.164215599067
0.00016684689673540006,477.493975820045
0.00016650889190086062,477.82396393280493
0.00016617148282416192,478.1541800948389
0.00016583466865907704,478.48462446374805
0.00016549844856014007,478.8152971972423
0.00016516282168264467,479.14619845314047
0.00016482778718264574,479.47732838937077
0.00016449334421695896,479.80868716397026
0.00016415949194316154,480.14027493508536
0.0001638262295195917,480.4720918609717
0.00016349355610535072,480.80413809999436
0.00016316147086030058,481.13641381062774
0.00016282997294506584,481.4689191514564
0.00016249906152103472,481.80165428117294
0.00016216873575035669,482.13461935858106
0.00016183899479594547,482.4678145425939
0.00016150983782147743,482.8012399922341
0.0001611812639913925,483.13489586663457
0.0001608532724708946,483.4687823250379
0.00016052586242595144,483.8028995267969
0.00016019903302329428,484.137247631375
0.0001598727834304211,484.47182679834407
0.00015954711281559225,484.8066371873882
0.00015922202034783378,485.14167895830104
0.00015889750519693685,485.47695227098666
0.0001585735665334576,485.8124572854598
0.0001582502035287187,486.14819416184565
0.00015792741535480758,486.4841630603801
0.000157605201184578,486.82036414140987
0.00015728356019164996,487.1567975653923
0.0001569624915504097,487.4934634928957
0.00015664199443600986,487.8303620845995
0.0001563220680243707,488.16749350129396
0.00015600271149217862,488.5048579038806
0.0001556839240168874,488.842455453372
0.00015536570477671832,489.1802863108921
0.00015504805295066018,489.51835063767624
0.00015473096771846952,489.8566485950711
0.0001544144482606704,490.1951803445349
0.00015409849375855612,490.5339460476374
0.0001537831033941872,490.87294586606015
0.0001534682763503931,491.21217996159623
0.00015315401181077173,491.5516484961507
0.00015284030895968965,491.8913516317404
0.0001525271669822833,492.2312895304942
0.000152214585064457,492.5714623546536
0.00015190256239288588,492.9118702665705
0.00015159109815501343,493.25251342871064
0.00015128019153905307,493.5933920036516
0.0001509698417339878,493.9345061540832
0.0001506600479295715,494.2758560428077
0.00015035080931632736,494.61744183273987
0.00015004212508554899,494.95926368690715
0.00014973399442930007,495.3013217684501
0.0001494264165404159,495.64361624062053
0.00014911939061250197,495.9861472667845
0.00014881291583993434,496.3289150104205
0.00014850699141786015,496.67191963512005
0.00014820161654219792,497.01516130458776
0.0001478967904096374,497.35864018264124
0.00014759251221763928,497.7023564332114
0.0001472887811644367,498.04631022034243
0.00014698559644903386,498.3905017081919
0.00014668295727120675,498.73493106103075
0.00014638086283150337,499.0795984432435
0.00014607931233124376,499.42450401932837
0.0001457783049725199,499.7696479538971
0.00014547783995819675,500.11503041167526
0.00014517791649191095,500.4606515575023
0.00014487853377807185,500.80651155633143
0.00014457969102186146,501.1526105732301
0.00014428138742923443,501.49894877337965
0.00014398362220691797,501.8455263220756
0.00014368639456241312,502.19234338472785
0.00014338970370399306,502.53940012686036
0.0001430935488407044,502.8866967141116
0.00014279792918236685,503.2342333122347
0.0001425028439395737,503.58201008709705
0.00014220829232369068,503.93002720468127
0.0001419142735468592,504.2782848310832
0.00014162078682199213,504.6267831325151
0.00014132783136277692,504.97552227530326
0.0001410354063836744,505.32450242588925
0.00014074351109991955,505.6737237508295
0.00014045214472752082,506.02318641679557
0.00014016130648326151,506.37289059057423
0.0001398709955846977,506.722836439068
0.00013958121125016114,507.07302412929323
0.00013929195269875663,507.4234538283832
0.00013900321915036326,507.77412570358615
0.0001387150098256353,508.12503992226607
0.00013842732394600053,508.47619665190234
0.00013814016073366157,508.82759606009034
0.00013785351941159553,509.1792383145412
0.00013756739920355376,509.53112358308175
0.00013728179933406313,509.8832520336551
0.00013699671902842416,510.2356238343202
0.00013671215751271266,510.5882391532524
0.000136428114013779,510.94109815874293
0.0001361445877592484,511.2942010191996
0.00013586157797752105,511.64754790314646
0.00013557908389777188,512.001138979224
0.0001352971047499506,512.3549744161896
0.00013501563976478257,512.7090543829167
0.00013473468817376755,513.0633790483959
0.00013445424920918044,513.4179485817342
0.00013417432210407126,513.7727631521559
0.00013389490609226485,514.127822929002
0.00013361600040836207,514.4831280817306
0.00013333760428773793,514.8386787799168
0.000133059716966543,515.194475193253
0.00013278233768170277,515.5505174915493
0.00013250546567091862,515.9068058447316
0.00013222910017266675,516.263340422845
0.0001319532404261984,516.6201213960514
0.0001316778856715402,516.9771489346303
0.00013140303514949414,517.3344232089789
0.00013112868810163724,517.6919443896122
0.00013085484377032167,518.049712647163
0.00013058150139867575,518.407728152382
0.00013030866023060165,518.7659910761386
0.00013003631951077844,519.1245015894183
0.00012976447848465913,519.4832598633269
0.00012949313639847257,519.8422660690874
0.00012922229249922245,520.2015203780414
0.00012895194603468842,520.5610229616491
0.0001286820962534248,520.9207739914888
0.00012841274240476112,521.2807736392574
0.00012814388373880232,521.6410220767709
0.00012787551950642822,522.0015194759635
0.00012760764895929438,522.3622660088886
0.000127340271349831,522.7232618477182
0.00012707338593124346,523.0845071647436
0.00012680699195751234,523.4460021323749
0.0001265410886833931,523.8077469231417
0.00012627567536441654,524.1697417096923
0.0001260107512568879,524.5319866647948
0.00012574631561788825,524.8944819613364
0.00012548236770527286,525.257227772324
0.0001252189067776721,525.6202242708838
0.00012495593209449122,525.9834716302619
0.0001246934429159102,526.346970023824
0.0001244314385028837,526.7107196250557
0.0001241699181171416,527.0747206075623
0.00012390888102118783,527.4389731450693
0.0001236483264783009,527.8034774114227
0.00012338825375253485,528.1682335805868
0.00012312866210871697,528.5332418266484
0.00012286955081245,528.8985023238132
0.00012261091913011042,529.264015246408
0.00012235276632884933,529.6297807688796
0.000122095091676592,529.9957990657958
0.00012183789444203805,530.3620703118446
0.00012158117389466054,530.7285946818355
0.00012132492930470836,531.0953723506972
0.00012106915994320269,531.4624034934809
0.00012081386508193933,531.829688285358
0.00012055904399348772,532.1972269016213
0.00012030469595119132,532.5650195176846
0.00012005082022916689,532.933066309083
0.00011979741610230558,533.3013674514726
0.00011954448284627154,533.6699231206312
0.00011929201973750232,534.0387334924582
0.00011904002605320911,534.4077987429741
0.00011878850107137627,534.7771190483214
0.00011853744407076126,535.1466945847643
0.00011828685433089512,535.5165255286887
0.00011803673113208142,535.8866120566024
0.00011778707375539687,536.2569543451353
0.00011753788148269097,536.6275525710392
0.0001172891535965857,536.9984069111883
0.00011704088938047643,537.3695175425787
0.00011679308811853029,537.7408846423292
0.00011654574909568719,538.1125083876806
0.00011629887159765931,538.4843889559963
0.000116052454910931,538.8565265247628
0.00011580649832275857,539.2289212715884
0.00011556100112117097,539.6015733742047
0.00011531596259496797,539.9744830104667
0.00011507138203372247,540.3476503583502
0.00011482725872777792,540.7210755959561
0.00011458359196824968,541.0947589015077
0.00011434038104702429,541.4687004533515
0.00011409762525676028,541.842900429957
0.00011385532389088669,542.2173590099175
0.00011361347624360366,542.5920763719492
0.00011337208160988202,542.9670526948929
0.00011313113928546474,543.3422881577108
0.00011289064856686398,543.7177829394908
0.00011265060875136288,544.0935372194439
0.00011241101913701507,544.4695511769049
0.00011217187902264431,544.8458249913327
0.00011193318770784463,545.2223588423101
0.00011169494449297964,545.5991529095439
0.0001114571486791836,545.9762073728654
0.00011121979956835973,546.3535224122297
0.00011098289646318103,546.7310982077167
0.00011074643866708993,547.1089349395307
0.00011051042548429806,547.4870327880004
0.00011027485621978627,547.8653919335791
0.00011003973017930395,548.2440125568448
0.00010980504666937012,548.6228948385005
0.00010957080499727169,549.002038959374
0.00010933700447106432,549.3814451004179
0.00010910364439957205,549.7611134427098
0.00010887072409238672,550.1410441674528
0.00010863824285986892,550.5212374559751
0.00010840620001314643,550.90169348973
0.00010817459486411496,551.2824124502963
0.00010794342672543757,551.6633945193786
0.00010771269491054493,552.0446398788065
0.00010748239873363401,552.4261487105363
0.00010725253750967069,552.807921196648
0.00010702311055438587,553.1899575193495
0.00010679411718427768,553.5722578609738
0.00010656555671661073,553.95482240398
0.00010633742846941592,554.3376513309531
0.00010610973176149008,554.7207448246047
0.00010588246591239653,555.1041030677721
0.0001056556302424637,555.4877262434196
0.00010542922407278554,555.8716145346381
0.00010520324672522229,556.2557681246432
0.00010497769752239822,556.6401871967792
0.00010475257578770343,557.0248719345163
0.00010452788084529233,557.4098225214516
0.00010430361202008411,557.7950391413091
0.00010407976863776228,558.1805219779395
0.00010385635002477448,558.5662712153211
0.00010363335550833284,558.9522870375587
0.00010341078441641281,559.3385696288848
0.00010318863607775358,559.725119173659
0.00010296690982185776,560.1119358563684
0.00010274560497899121,560.4990198616275
0.00010252472088018266,560.8863713741786
0.00010230425685722358,561.2739905788914
0.00010208421224266848,561.6618776607635
0.00010186458636983371,562.0500328049204
0.00010164537857279791,562.4384561966153
0.00010142658818640171,562.8271480212298
0.00010120821454624749,563.2161084642734
0.00010099025698869883,563.6053377113836
0.00010077271485088122,563.9948359483266
0.00010055558747068069,564.3846033609966
0.00010033887418674415,564.7746401354167
0.00010012257433847928,565.1649464577381
9.990668726605364e-05,565.5555225142415
9.969121231039625e-05,565.9463684913345
9.947614881319481e-05,566.3374845755553
9.9261496116897e-05,566.7288709535705
9.904725356471025e-05,567.1205278121756
9.88334205006009e-05,567.5124553382952
9.86199962692945e-05,567.904653718983
9.840698021627511e-05,568.2971231414223
9.819437168778568e-05,568.6898637929258
9.798217003082755e-05,569.0828758609346
9.77703745931596e-05,569.4761595330203
9.755898472329853e-05,569.8697149968842
9.734799977051918e-05,570.2635424403569
9.713741908485315e-05,570.6576420513992
9.692724201708934e-05,571.0520140181012
9.671746791877338e-05,571.4466585286838
9.650809614220748e-05,571.8415757714971
9.629912604044999e-05,572.236765935022
9.609055696731599e-05,572.6322292078695
9.588238827737557e-05,573.0279657787808
9.567461932595481e-05,573.4239758366275
9.546724946913492e-05,573.8202595704121
9.52602780637522e-05,574.2168171692673
9.50537044673975e-05,574.6136488224569
9.484752803841682e-05,575.010754719375
9.464174813590983e-05,575.4081350495469
9.443636411973033e-05,575.805790002629
9.42313753504858e-05,576.2037197684085
9.402678118953733e-05,576.601924536804
9.3822580998999e-05,577.0004044978649
9.361877414173777e-05,577.3991598417726
9.341535998137374e-05,577.7981907588394
9.321233788227878e-05,578.1974974395093
9.300970720957682e-05,578.5970800743587
9.280746732914424e-05,578.9969388540935
9.260561760760864e-05,579.3970739695535
9.240415741234864e-05,579.7974856117098
9.220308611149406e-05,580.1981739716653
9.200240307392534e-05,580.599139240655
9.180210766927334e-05,581.0003816100462
9.16021992679192e-05,581.4019012713383
9.14026772409932e-05,581.8036984161637
9.120354096037675e-05,582.2057732362855
9.100478979869903e-05,582.608125923601
9.080642312933875e-05,583.0107566701397
9.060844032642324e-05,583.4136656680635
9.041084076482809e-05,583.8168531096674
9.021362382017748e-05,584.2203191873791
9.001678886884292e-05,584.6240640937594
8.982033528794359e-05,585.0280880215022
8.962426245534578e-05,585.4323911634344
8.942856974966283e-05,585.8369737125164
8.923325655025445e-05,586.2418358618417
8.903832223722717e-05,586.6469778046373
8.884376619143299e-05,587.052399734264
8.86495877944699e-05,587.4581018442158
8.845578642868111e-05,587.8640843281208
8.826236147715499e-05,588.2703473797407
8.806931232372449e-05,588.6768911929712
8.787663835296765e-05,589.0837159618419
8.768433895020605e-05,589.4908218805166
8.749241350150523e-05,589.8982091432931
8.730086139367439e-05,590.3058779446038
8.710968201426587e-05,590.7138284790153
8.691887475157472e-05,591.1220609412285
8.67284389946391e-05,591.530575526079
8.653837413323866e-05,591.9393724285377
8.634867955789598e-05,592.3484518437083
8.615935465987429e-05,592.7578139668313
8.597039883117863e-05,593.1674589932816
8.578181146455469e-05,593.5773871185687
8.559359195348928e-05,593.9875985383376
8.540573969220915e-05,594.3980934483683
8.521825407568114e-05,594.8088720445762
8.503113449961164e-05,595.2199345230122
8.484438036044609e-05,595.6312810798631
8.465799105537017e-05,596.0429119114496
8.447196598230689e-05,596.4548272142296
8.428630453991801e-05,596.8670271847966
8.410100612760336e-05,597.2795120198798
8.391607014550038e-05,597.6922819163442
8.373149599448366e-05,598.1053370711909
8.354728307616517e-05,598.5186776815574
8.336343079289326e-05,598.9323039447171
8.317993854775248e-05,599.3462160580798
8.299680574456344e-05,599.760414219192
8.281403178788245e-05,600.1748986257363
8.26316160830007e-05,600.5896694755324
8.244955803594495e-05,601.0047269665363
8.226785705347607e-05,601.4200712968409
8.20865125430891e-05,601.8357026646762
8.190552391301316e-05,602.2516212684089
8.17248905722108e-05,602.667827306543
8.154461193037762e-05,603.0843209777196
8.136468739794235e-05,603.5011024807171
8.118511638606592e-05,603.9181720144512
8.100589830664133e-05,604.3355297779754
8.082703257229344e-05,604.7531759704801
8.064851859637846e-05,605.1711107912939
8.04703557929834e-05,605.5893344398833
8.02925435769263e-05,606.0078471158524
8.011508136375556e-05,606.4266490189425
7.993796856974913e-05,606.8457403490339
7.976120461191466e-05,607.265121306145
7.958478890798912e-05,607.684792090432
7.940872087643795e-05,608.1047529021898
7.923299993645582e-05,608.5250039418514
7.90576255079648e-05,608.9455454099885
7.888259701161465e-05,609.366377507312
7.870791386878314e-05,609.7875004346697
7.853357550157474e-05,610.2089143930499
7.835958133282033e-05,610.6306195835792
7.818593078607706e-05,611.0526162075236
7.801262328562813e-05,611.4749044662875
7.783965825648208e-05,611.8974845614151
7.76670351243725e-05,612.3203566945896
7.749475331575813e-05,612.7435210676334
7.732281225782167e-05,613.166977882509
7.715121137846976e-05,613.5907273413176
7.697995010633289e-05,614.0147696463008
7.680902787076454e-05,614.4391049998397
7.663844410184107e-05,614.8637336044552
7.646819823036122e-05,615.2886556628083
7.62982896878461e-05,615.7138713776999
7.61287179065381e-05,616.1393809520712
7.595948231940103e-05,616.5651845890035
7.579058236011958e-05,616.9912824917185
7.562201746309872e-05,617.4176748635786
7.545378706346406e-05,617.8443619080862
7.528589059706038e-05,618.2713438288847
7.511832750045206e-05,618.6986208297584
7.495109721092228e-05,619.1261931146321
7.478419916647272e-05,619.5540608875715
7.461763280582293e-05,619.9822243527842
7.445139756841119e-05,620.4106837146171
7.4285492894392e-05,620.8394391775598
7.411991822463734e-05,621.2684909462429
7.395467300073541e-05,621.6978392254384
7.378975666499082e-05,622.1274842200597
7.362516866042357e-05,622.5574261351619
7.346090843076946e-05,622.9876651759419
7.329697542047863e-05,623.4182015477387
7.313336907471638e-05,623.8490354560317
7.297008883936154e-05,624.2801671064441
7.280713416100671e-05,624.7115967047403
7.26445044869582e-05,625.1433244568271
7.248219926523471e-05,625.5753505687538
7.232021794456753e-05,626.0076752467119
7.215855997440011e-05,626.4402986970352
7.199722480488744e-05,626.8732211262005
7.183621188689556e-05,627.306442740827
7.167552067200183e-05,627.7399637476767
7.151515061249346e-05,628.1737843536547
7.135510116136791e-05,628.6079047658088
7.119537177233209e-05,629.0423251913302
7.103596189980202e-05,629.477045837553
7.087687099890255e-05,629.9120669119548
7.071809852546652e-05,630.3473886221565
7.055964393603527e-05,630.7830111759223
7.040150668785693e-05,631.2189347811604
7.024368623888696e-05,631.6551596459225
7.008618204778736e-05,632.0916859784037
6.992899357392631e-05,632.5285139869435
6.97721202773776e-05,632.9656438800253
6.961556161892068e-05,633.4030758662763
6.945931706003963e-05,633.840810154468
6.930338606292276e-05,634.278846953517
6.914776809046316e-05,634.7171864724821
6.899246260625664e-05,635.1558289205689
6.883746907460287e-05,635.5947745071262
6.86827869605038e-05,636.0340234416483
6.852841572966392e-05,636.4735759337738
6.837435484848944e-05,636.9134321932862
6.822060378408795e-05,637.3535924301143
6.806716200426817e-05,637.7940568543321
6.791402897753963e-05,638.2348256761574
6.776120417311151e-05,638.6758991059547
6.760868706089282e-05,639.1172773542337
6.745647711149186e-05,639.5589606316493
6.730457379621553e-05,640.0009491490019
6.71529765870695e-05,640.4432431172379
6.700168495675698e-05,640.8858427474493
6.685069837867875e-05,641.3287482508739
6.670001632693267e-05,641.7719598388956
6.654963827631306e-05,642.2154777230443
6.639956370231028e-05,642.6593021149962
6.624979208111087e-05,643.1034332265737
6.610032288959613e-05,643.5478712697457
6.595115560534219e-05,643.9926164566274
6.580228970661962e-05,644.4376689994806
6.56537246723929e-05,644.8830291107141
6.550545998231986e-05,645.3286970028831
6.535749511675125e-05,645.77467288869
6.520982955673063e-05,646.220956980984
6.506246278399339e-05,646.6675494927615
6.491539428096654e-05,647.1144506371659
6.476862353076833e-05,647.5616606274881
6.462215001720757e-05,648.0091796771666
6.447597322478369e-05,648.4570079997868
6.43300926386854e-05,648.9051458090829
6.418450774479127e-05,649.3535933189347
6.403921802966836e-05,649.8023507433718
6.389422298057232e-05,650.2514182965707
6.374952208544649e-05,650.7007961928565
6.360511483292218e-05,651.150484646702
6.34610007123173e-05,651.6004838727283
6.331717921363646e-05,652.050794085705
6.317364982757042e-05,652.5014155005499
6.303041204549524e-05,652.9523483323301
6.288746535947304e-05,653.4035927962593
6.274480926224971e-05,653.855149107702
6.260244324725572e-05,654.3070174821706
6.246036680860528e-05,654.759198135327
6.231857944109578e-05,655.2116912829815
6.217708064020783e-05,655.6644971410939
6.203586990210399e-05,656.1176159257732
6.189494672362881e-05,656.5710478532777
6.175431060230831e-05,657.0247931400153
6.161396103634939e-05,657.478852002543
6.147389752463947e-05,657.9332246575682
6.133411956674582e-05,658.3879113219475
6.119462666291555e-05,658.8429122126875
6.105541831407453e-05,659.2982275469446
6.0916494021827215e-05,659.7538575420258
6.077785328845624e-05,660.2098024153877
6.063949561692173e-05,660.6660623846376
6.0501420510860964e-05,661.1226376675329
6.036362747458813e-05,661.5795284819816
6.022611601309328e-05,662.0367350460423
6.008888563204221e-05,662.4942575779243
5.9951935837775975e-05,662.9520962959876
5.9815266137310366e-05,663.4102514187433
5.967887603833531e-05,663.8687231648533
5.9542765049214504e-05,664.3275117531316
5.940693267898541e-05,664.7866174025409
5.927137843735752e-05,665.2460403321977
5.913610183471306e-05,665.705780761369
5.9001102382105865e-05,666.1658389094735
5.886637959126143e-05,666.6262149960813
5.873193297457578e-05,667.0869092409146
5.8597762045115305e-05,667.547921863847
5.8463866316616275e-05,668.0092530849053
5.8330245303484704e-05,668.4709031242655
5.819689852079495e-05,668.9328722022587
5.806382548429015e-05,669.3951605393671
5.793102571038117e-05,669.8577683562252
5.77984987161462e-05,670.3206958736201
5.766624401933057e-05,670.7839433124917
5.753426113834571e-05,671.2475108939324
5.740254959226947e-05,671.711398839187
5.7271108900844676e-05,672.175607369654
5.7139938584479285e-05,672.6401367068844
5.700903816424558e-05,673.1049870725823
5.687840716187998e-05,673.570158688605
5.674804509978207e-05,674.0356517769636
5.6617951501014776e-05,674.5014665598219
5.648812588930315e-05,674.9676032594978
5.6358567789034205e-05,675.4340620984625
5.622927672525655e-05,675.9008432993412
5.610025222367963e-05,676.3679470849129
5.597149381067336e-05,676.8353736781103
5.584300101326752e-05,677.3031233020205
5.571477335915163e-05,677.7711961798844
5.558681037667381e-05,678.2395925350978
5.5459111594840775e-05,678.7083125912102
5.533167654331703e-05,679.177356571926
5.520450475242443e-05,679.6467247011047
5.507759575314242e-05,680.1164172027586
5.4950949077106083e-05,680.5864343010567
5.482456425660664e-05,681.0567762203224
5.469844082459078e-05,681.527443185034
5.457257831466007e-05,681.998435419825
5.4446976261070194e-05,682.4697531494841
5.4321634198731315e-05,682.9413965989554
5.41965516632062e-05,683.4133659933391
5.407172819071121e-05,683.8856615578889
5.394716331811453e-05,684.3582835180162
5.38228565829363e-05,684.8312320992875
5.369880752334783e-05,685.3045075274255
5.3575015678171754e-05,685.7781100283082
5.3451480586880425e-05,686.2520398279704
5.332820178959621e-05,686.7262971526028
5.320517882709076e-05,687.2008822285522
5.3082411240784255e-05,687.6757952823224
5.295989857274548e-05,688.1510365405732
5.283764036569074e-05,688.6266062301212
5.2715636162983355e-05,689.10250457794
5.2593885508633666e-05,689.5787318111595
5.247238794729791e-05,690.0552881570673
5.235114302427795e-05,690.5321738431073
5.223015028552121e-05,691.0093890968813
5.210940927761922e-05,691.4869341461477
5.1988919547807844e-05,691.9648092188231
5.186868064396635e-05,692.4430145429808
5.1748692114617266e-05,692.9215503468523
5.162895350892537e-05,693.4004168588265
5.1509464376697846e-05,693.8796143074502
5.1390224268383e-05,694.3591429214284
5.127123273507025e-05,694.8390029296237
5.1152489328489194e-05,695.319194561058
5.103399360100999e-05,695.799718044909
5.091574510564141e-05,696.2805736105153
5.0797743396031665e-05,696.7617614873728
5.0679988026466984e-05,697.2432819051365
5.056247855187151e-05,697.7251350936197
5.044521452780663e-05,698.2073212827947
5.032819551047041e-05,698.6898407027928
5.021142105669752e-05,699.1726935839042
5.0094890723957725e-05,699.655880156579
4.997860407035671e-05,700.1394006514245
4.9862560654634194e-05,700.6232552992094
4.9746760036164234e-05,701.1074443308612
4.9631201774954356e-05,701.5919679774671
4.9515885431645466e-05,702.0768264702739
4.94008105675107e-05,702.562020040688
4.928597674445525e-05,703.0475489202762
4.917138352501576e-05,703.533413340765
4.905703047235993e-05,704.019613534041
4.89429171502856e-05,704.5061497321514
4.8829043123220906e-05,704.9930221673033
4.871540795622293e-05,705.4802310718645
4.8602011214977684e-05,705.9677766783636
4.848885246579946e-05,706.4556592194896
4.8375931275630244e-05,706.9438789280922
4.826324721203919e-05,707.4324360371825
4.815079984322239e-05,707.9213307799322
4.803858873800163e-05,708.4105633896742
4.7926613465824636e-05,708.9001340999029
4.7814873596763966e-05,709.3900431442738
4.77033687015168e-05,709.880290756604
4.7592098351404164e-05,710.3708771708723
4.7481062118370826e-05,710.8618026212189
4.737025957498416e-05,711.3530673419459
4.7259690294433874e-05,711.8446715675183
4.7149353850531916e-05,712.3366155325607
4.703924981771098e-05,712.8288994718621
4.6929377771024956e-05,713.321523620373
4.681973728614765e-05,713.8144882132063
4.671032793937259e-05,714.3077934856376
4.6601149307612474e-05,714.8014396731046
4.649220096839857e-05,715.2954270112081
4.6383482499879914e-05,715.7897557357122
4.627499348082378e-05,716.2844260825422
4.6166733490613704e-05,716.779438287788
4.6058702109249766e-05,717.2747925877026
4.5950898917348054e-05,717.7704892187014
4.584332349613983e-05,718.2665284173642
4.573597542747136e-05,718.7629104204334
4.562885429380289e-05,719.2596354648156
4.5521959678208544e-05,719.7567037875809
4.541529116437544e-05,720.2541156259633
4.5308848336603365e-05,720.7518712173606
4.520263077980409e-05,721.249970799335
4.5096638079501145e-05,721.7484146096123
4.499086982182873e-05,722.2472028860831
4.488532559353154e-05,722.7463358668023
4.4780004981964184e-05,723.2458137899891
4.467490757509052e-05,723.7456368940276
4.4570032961483235e-05,724.2458054174665
4.446538073032309e-05,724.7463195990194
4.4360950471398854e-05,725.2471796775648
4.425674177510608e-05,725.7483858921463
4.4152754232447006e-05,726.2499384819728
4.4048987435029903e-05,726.7518376864184
4.3945440975068513e-05,727.2540837450229
4.3842114445381386e-05,727.756676897491
4.3739007439391635e-05,728.2596173836945
4.3636119551126235e-05,728.7629054436684
4.353345037521518e-05,729.266541317616
4.343099950689132e-05,729.7705252459054
4.3328766541989554e-05,730.2748574690714
4.3226751076946665e-05,730.7795382278148
4.312495270880021e-05,731.2845677630025
4.302337103518838e-05,731.7899463156683
4.2922005654349154e-05,732.295674127013
4.2820856165120205e-05,732.801751438402
4.271992216693801e-05,733.3081784913695
4.2619203259837055e-05,733.8149555276163
4.2518699044449796e-05,734.3220827890099
4.241840912200577e-05,734.829560517585
4.231833309433117e-05,735.3373889555438
4.221847056384823e-05,735.8455683452555
4.2118821133574864e-05,736.354098929257
4.201938440712372e-05,736.862980950253
4.192015998870199e-05,737.3722146511155
4.182114748311061e-05,737.8818002748848
4.172234649574389e-05,738.3917380647688
4.1623756632588876e-05,738.9020282641436
4.152537750022464e-05,739.4126711165537
4.142720870582215e-05,739.9236668657115
4.132924985714319e-05,740.4350157554982
4.123150056254014e-05,740.9467180299633
4.113396043095531e-05,741.4587739333251
4.1036629071920414e-05,741.9711837099707
4.093950609555584e-05,742.4839476044558
4.08425911125706e-05,742.9970658615056
4.0745883734261094e-05,743.5105387260139
4.064938357251093e-05,744.0243664430442
4.055309023979036e-05,744.5385492578289
4.0457003349155435e-05,745.0530874157712
4.036112251424832e-05,745.567981162441
4.02654473492954e-05,746.0832307435808
4.016997746910766e-05,746.5988364051016
4.007471248907984e-05,747.1147983930847
3.997965202519003e-05,747.6311169537813
3.988479569399865e-05,748.147792333613
3.979014311264871e-05,748.6648247791715
3.969569389886435e-05,749.1822145372189
3.9601447670950754e-05,749.6999618546886
3.950740404779383e-05,750.2180669786826
3.941356264885887e-05,750.7365301564756
3.93199230941909e-05,751.2553516355126
3.922648500441335e-05,751.7745316634099
3.913324800072787e-05,752.2940704879543
3.904021170491381e-05,752.8139683571043
3.8947375739327535e-05,753.3342255189896
3.885473972690168e-05,753.8548422219113
3.876230329114516e-05,754.3758187143425
3.867006605614195e-05,754.8971552449275
3.857802764655084e-05,755.4188520624828
3.848618768760491e-05,755.9409094159964
3.83945458051108e-05,756.463327554629
3.830310162544824e-05,756.9861067277131
3.8211854775569665e-05,757.5092471847536
3.8120804882999234e-05,758.0327491754276
3.8029951575832574e-05,758.5566129495853
3.793929448273614e-05,759.0808387572489
3.784883323294661e-05,759.6054268486139
3.775856745627031e-05,760.1303774740485
3.766849678308288e-05,760.6556908840938
3.757862084432837e-05,761.1813673294644
3.748893927151879e-05,761.7074070610478
3.739945169673363e-05,762.233810329905
3.731015775261903e-05,762.7605773872715
3.722105707238798e-05,763.2877084845537
3.71321492898187e-05,763.8152038733344
3.704343403925459e-05,764.3430638053694
3.695491095560381e-05,764.8712885325884
3.68665796743384e-05,765.3998783070954
3.677843983149394e-05,765.9288333811681
3.669049106366878e-05,766.4581540072594
3.6602733008023684e-05,766.9878404379967
3.651516530228132e-05,767.51789292618
3.642778758472524e-05,768.0483117247862
3.63405994941997e-05,768.5790970869664
3.625360067010895e-05,769.1102492660465
3.61667907524169e-05,769.6417685155276
3.608016938164617e-05,770.1736550890859
3.599373619887779e-05,770.7059092405729
3.5907490845750526e-05,771.2385312240156
3.5821432964460265e-05,771.7715212936165
3.5735562197759764e-05,772.3048797037538
3.564987818895759e-05,772.8386067089815
3.5564380581917896e-05,773.3727025640295
3.547906902105967e-05,773.9071675238039
3.5393943151356376e-05,774.4420018433866
3.530900261833512e-05,774.977205778036
3.5224247068076196e-05,775.5127795831871
3.513967614721278e-05,776.048723514451
3.505528950292985e-05,776.5850378276159
3.4971086782963934e-05,777.1217227786464
3.488706763560255e-05,777.658778623684
3.480323170968349e-05,778.1962056190478
3.471957865459425e-05,778.7340040212331
3.463610812027187e-05,779.2721740869132
3.455281975720168e-05,779.8107160729386
3.4469713216417055e-05,780.3496302363378
3.4386788149499257e-05,780.888916834315
3.4304044208576025e-05,781.4285761242542
3.42214810463218e-05,781.9686083637166
3.413909831595655e-05,782.5090138104414
3.405689567124555e-05,783.049792722346
3.397487276649871e-05,783.5909453575257
3.389302925657001e-05,784.1324719742546
3.381136479685672e-05,784.6743728309859
3.37298790432996e-05,785.2166481863491
3.364857165238117e-05,785.7592982991546
3.356744228112597e-05,786.302323428391
3.348649058709969e-05,786.845723833226
3.340571622840872e-05,787.3894997730062
3.332511886369934e-05,787.9336515072575
3.3244698152157615e-05,788.4781792956854
3.316445375350828e-05,789.0230833981744
3.308438532801448e-05,789.5683640747891
3.300449253647713e-05,790.1140215857735
3.292477504023434e-05,790.6600561915513
3.284523250116081e-05,791.2064681527269
3.276586458166745e-05,791.7532577300839
3.268667094470047e-05,792.3004251845866
3.260765125374104e-05,792.8479707773797
3.252880517280467e-05,793.3958947697882
3.245013236644055e-05,793.944197423318
3.2371632499731313e-05,794.492878999655
3.229330523829194e-05,795.0419397606668
3.221515024826954e-05,795.5913799684014
3.2137167196342675e-05,796.1411998850882
3.205935574972086e-05,796.6913997731377
3.198171557614388e-05,797.2419798951418
3.19042463438812e-05,797.7929405138736
3.182694772173158e-05,798.3442818922892
3.1749819379022494e-05,798.8960042935234
3.167286098560919e-05,799.4481079808957
3.159607221187446e-05,800.0005932179063
3.151945272872794e-05,800.5534602682379
3.1443002207605745e-05,801.1067093957555
3.1366720320469576e-05,801.6603408645061
3.1290606739806306e-05,802.2143549387193
3.121466113862734e-05,802.7687518828084
3.113888319046834e-05,803.3235319613664
3.106327256938812e-05,803.8786954391721
3.09878289499686e-05,804.4342425811865
3.091255200731385e-05,804.9901736525533
3.083744141704969e-05,805.5464889185996
3.076249685532307e-05,806.1031886448362
3.0687717998801506e-05,806.660273096957
3.061310452467267e-05,807.2177425408395
3.053865611064348e-05,807.7755972425452
3.0464372434939793e-05,808.3338374683193
3.0390253176305687e-05,808.8924634845912
3.031629801400301e-05,809.451475557974
3.024250662781064e-05,810.0108739552657
3.0168878698024278e-05,810.5706589434478
3.0095413905455302e-05,811.1308307896873
3.0022111931430675e-05,811.691389761335
2.9948972457792178e-05,812.252336125927
2.9875995166895797e-05,812.8136701511839
2.9803179741611222e-05,813.3753921050118
2.9730525865321406e-05,813.9375022555014
2.965803322192171e-05,814.500000870929
2.958570149581951e-05,815.0628882197562
2.9513530371933556e-05,815.6261645706304
2.9441519535693463e-05,816.1898301923841
2.93696686730389e-05,816.7538853540369
2.9297977470419768e-05,817.3183303247916
2.9226445614794523e-05,817.8831653740397
2.9155072793630357e-05,818.4483907713578
2.908385869490242e-05,819.014006786509
2.901280300709326e-05,819.5800136894427
2.8941905419192162e-05,820.146411750295
2.8871165620694824e-05,820.7132012393886
2.8800583301602513e-05,821.2803824272329
2.8730158152421454e-05,821.8479555845254
2.865988986416267e-05,822.4159209821478
2.858977812834109e-05,822.9842788911717
2.8519822636974832e-05,823.5530295828552
2.8450023082584957e-05,824.122173328644
2.8380379158194753e-05,824.6917104001709
2.831089055732916e-05,825.2616410692569
2.8241556974014154e-05,825.8319656079109
2.81723781027763e-05,826.4026842883293
2.8103353638642165e-05,826.973797382897
2.8034483277137577e-05,827.5453051641871
2.79657667142872e-05,828.1172079049609
2.7897203646613967e-05,828.6895058781683
2.7828793771138407e-05,829.2621993569479
2.776053678537809e-05,829.835288614627
2.7692432387347357e-05,830.4087739247217
2.762448027555622e-05,830.9826555609372
2.755668014901016e-05,831.5569337971681
2.7489031707209436e-05,832.1316089074978
2.7421534650148587e-05,832.7066811661994
2.735418867831567e-05,833.2821508477356
2.7286993492692105e-05,833.8580182267586
2.7219948794751554e-05,834.4342835781106
2.7153054286459716e-05,835.0109471768234
2.708630967027368e-05,835.5880092981193
2.701971464914117e-05,836.1654702174116
2.6953268926500583e-05,836.7433302103008
2.6886972206279535e-05,837.3215895525811
2.682082419289487e-05,837.9002485202363
2.6754824591251978e-05,838.4793073894407
2.6688973106744153e-05,839.0587664365596
2.6623269445252106e-05,839.6386259381492
2.6557713313143243e-05,840.218886170957
2.6492304417271355e-05,840.7995474119225
2.6427042464975963e-05,841.380609938174
2.6361927164081466e-05,841.9620740270339
2.6296958222896873e-05,842.5439399560153
2.6232135350215108e-05,843.1262080028234
2.6167458255312666e-05,843.7088784453551
2.610292664794866e-05,844.2919515616993
2.6038540238364505e-05,844.8754276301371
2.5974298737283316e-05,845.4593069291421
2.5910201855909247e-05,846.0435897373801
2.5846249305927183e-05,846.6282763337096
2.5782440799501753e-05,847.2133669971818
2.5718776049277103e-05,847.7988620070408
2.5655254768376206e-05,848.3847616427236
2.5591876670400268e-05,848.9710661838604
2.5528641469428136e-05,849.5577759102746
2.5465548880015973e-05,850.1448911019828
2.5402598617196338e-05,850.7324120391955
2.5339790396477824e-05,851.3203390023167
2.5277123933844434e-05,851.9086722719439
2.5214598945755036e-05,852.4974121288689
2.5152215149142814e-05,853.0865588540772
2.5089972261414566e-05,853.676112728749
2.502787000045044e-05,854.2660740342582
2.4965908084602995e-05,854.8564430521735
2.490408623269677e-05,855.4472200642592
2.484240416402806e-05,856.0384053524713
2.478086159836362e-05,856.6299991989636
2.471945825594089e-05,857.2220018860838
2.4658193857466846e-05,857.8144136963749
2.4597068124117674e-05,858.4072349125752
2.4536080777538243e-05,859.0004658176181
2.4475231539841433e-05,859.5941066946327
2.441452013360746e-05,860.1881578269449
2.4353946281883884e-05,860.7826194980734
2.4293509708184245e-05,861.3774919917354
2.4233210136487953e-05,861.9727755918437
2.4173047291239654e-05,862.5684705825073
2.4113020897348608e-05,863.1645772480309
2.405313068018834e-05,863.7610958729164
2.399337636559573e-05,864.358026741862
2.3933757679870667e-05,864.9553701397626
2.3874274349775423e-05,865.5531263517103
2.3814926102534147e-05,866.1512956629936
2.3755712665832237e-05,866.7498783590988
2.369663376781574e-05,867.3488747257094
2.363768913709099e-05,867.9482850487059
2.3578878502723756e-05,868.5481096141667
2.3520201594238897e-05,869.148348708368
2.3461658141619685e-05,869.7490026177834
2.340324787530722e-05,870.3500716290852
2.3344970526200135e-05,870.9515560291429
2.3286825825653626e-05,871.5534561050251
2.3228813505479145e-05,872.1557721439982
2.3170933297943784e-05,872.7585044335276
2.3113184935769746e-05,873.3616532612768
2.3055568152133625e-05,873.9652189151086
2.299808268066616e-05,874.5692016830844
2.2940728255451265e-05,875.1736018534659
2.2883504611025905e-05,875.7784197147112
2.282641148237916e-05,876.38365555548
2.2769448604951823e-05,876.9893096646313
2.271261571463578e-05,877.5953823312232
2.2655912547773714e-05,878.2018738445139
2.2599338841158136e-05,878.8087844939613
2.254289433203104e-05,879.4161145692235
2.2486578758083387e-05,880.0238643601584
2.2430391857454292e-05,880.6320341568257
2.2374333368731084e-05,881.2406242494824
2.2318403030947895e-05,881.849634928589
2.2262600583585652e-05,882.4590664848057
2.2206925766571394e-05,883.0689192089936
2.2151378320277726e-05,883.679193392215
2.2095957985522125e-05,884.2898893257332
2.20406645035667e-05,884.9010073010126
2.198549761611728e-05,885.5125476097194
2.193045706532304e-05,886.124510543721
2.187554259377587e-05,886.7368963950869
2.1820753944509917e-05,887.349705456088
2.1766090861000874e-05,887.9629380191976
2.171155308716568e-05,888.5765943770909
2.165714036736164e-05,889.1906748226453
2.1602852446386084e-05,889.8051796489408
2.1548689069475742e-05,890.4201091492598
2.149464998230619e-05,891.0354636170874
2.144073493099128e-05,891.6512433461116
2.138694366208272e-05,892.2674486302233
2.1333275922569268e-05,892.8840797635165
2.1279731459876366e-05,893.5011370402885
2.1226310021865516e-05,894.1186207550398
2.1173011356833743e-05,894.7365312024748
2.1119835213513e-05,895.3548686775011
2.1066781341069703e-05,895.9736334752314
2.1013849489104203e-05,896.5928258909795
2.0961039407649996e-05,897.2124462202657
2.090835084717338e-05,897.8324947588143
2.0855783558572846e-05,898.4529718025532
2.0803337293178475e-05,899.0738776476154
2.07510118027516e-05,899.6952125903383
2.0698806839483904e-05,900.3169769272641
2.0646722155997082e-05,900.9391709551409
2.0594757505342408e-05,901.5617949709191
2.054291264099982e-05,902.184849271757
2.049118731687776e-05,902.8083341550176
2.043958128731233e-05,903.432249918269
2.038809430706687e-05,904.0565968592854
2.0336726131331417e-05,904.6813752760463
2.0285476515722097e-05,905.3065854667376
2.0234345216280576e-05,905.9322277297509
2.0183331989473662e-05,906.5583023636843
2.0132436592192523e-05,907.184809667342
2.0081658781752243e-05,907.811749939735
2.00309983158913e-05,908.4391234800805
1.9980454952771005e-05,909.066930587803
1.9930028450974836e-05,909.6951715625335
1.9879718569508174e-05,910.3238467041102
1.982952506779743e-05,910.9529563125787
1.9779447705689655e-05,911.5825006881919
1.9729486243452e-05,912.2124801314098
1.967964044177112e-05,912.8428949429007
1.9629910061752633e-05,913.4737454235401
1.958029486492067e-05,914.1050318744118
1.953079461321718e-05,914.7367545968075
1.948140906900142e-05,915.368913892227
1.943213799504948e-05,916.0015100623791
1.9382981154553577e-05,916.6345434091811
1.933393831112196e-05,917.2680142347567
1.9285009228777667e-05,917.9019228414413
1.923619367195849e-05,918.536269531778
1.918749140551625e-05,919.1710546085191
1.913890219471631e-05,919.806278374626
1.909042580523693e-05,920.4419411332699
1.9042062003168958e-05,921.0780431878309
1.8993810555014908e-05,921.7145848419001
1.8945671227688864e-05,922.3515663992756
1.8897643788515535e-05,922.9889881639681
1.884972800522991e-05,923.6268504401975
1.8801923645976684e-05,924.265153532394
1.8754230479309795e-05,924.9038977451982
1.87066482741917e-05,925.5430833834611
1.865917679999301e-05,926.1827107522445
1.8611815826491827e-05,926.822780156821
1.8564565123873245e-05,927.4632919026741
1.8517424462728813e-05,928.1042462954986
1.84703936140561e-05,928.7456436412002
1.8423472349257902e-05,929.3874842458964
1.837666044014191e-05,930.0297684159161
1.8329957658920114e-05,930.6724964577999
1.8283363778208177e-05,931.3156686783002
1.8236878571025145e-05,931.9592853843814
1.819050181079258e-05,932.60334688322
1.814423327133424e-05,933.2478534822048
1.8098072726875464e-05,933.8928054889374
1.805201995204264e-05,934.5382032112313
1.800607472186269e-05,935.1840469571134
1.796023681176249e-05,935.830337034823
1.791450599756845e-05,936.4770737528123
1.7868882055505762e-05,937.1242574197474
1.7823364762198004e-05,937.7718883445079
1.7777953894666726e-05,938.4199668361846
1.773264923033057e-05,939.0684932040841
1.7687450547005132e-05,939.7174677577265
1.7642357622902085e-05,940.3668908068452
1.7597370236628852e-05,941.0167626613882
1.7552488167187982e-05,941.6670836315172
1.750771119397667e-05,942.3178540276086
1.7463039096786144e-05,942.9690741602533
1.741847165580125e-05,943.6207443402575
1.7374008651599883e-05,944.2728648786396
1.7329649865152298e-05,944.9254360866355
1.728539507782077e-05,945.5784582756958
1.724124407135894e-05,946.2319317574857
1.7197196627911424e-05,946.8858568438861
1.7153252530013122e-05,947.5402338469935
1.7109411560588745e-05,948.19506307912
1.7065673502952326e-05,948.8503448527935
1.7022038140806625e-05,949.5060794807578
1.6978505258242602e-05,950.162267275973
1.6935074639739006e-05,950.8189085516156
1.68917460701617e-05,951.476003621078
1.6848519334763126e-05,952.1335527979699
1.6805394219181888e-05,952.791556396117
1.6762370509442157e-05,953.4500147295624
1.671944799195307e-05,954.1089281125663
1.6676626453508474e-05,954.7682968596056
1.6633905681285998e-05,955.4281212853747
1.659128546284684e-05,956.0884017047857
1.6548765586135077e-05,956.7491384329683
1.6506345839477225e-05,957.4103317852697
1.646402601158167e-05,958.0719820772551
1.6421805891538084e-05,958.7340896247083
1.6379685268817108e-05,959.3966547436305
1.63376639332695e-05,960.0596777502428
1.6295741675125984e-05,960.7231589609819
1.625391828499637e-05,961.3870986925059
1.621219355386922e-05,962.0514972616908
1.6170567273111365e-05,962.7163549856318
1.612903923446725e-05,963.3816721816429
1.608760923005844e-05,964.0474491672578
1.6046277052383194e-05,964.7136862602292
1.6005042494315697e-05,965.3803837785307
1.5963905349106068e-05,966.0475420403526
1.592286541037915e-05,966.715161364108
1.588192247213442e-05,967.383242068429
1.5841076328745366e-05,968.0517844721683
1.5800326774958974e-05,968.7207888943983
1.575967360589513e-05,969.3902556544126
1.5719116617046318e-05,970.0601850717248
1.567865560427679e-05,970.7305774660699
1.5638290363822272e-05,971.4014331574035
1.5598020692289352e-05,972.0727524659023
1.5557846386654983e-05,972.7445357119647
1.551776724426594e-05,973.4167832162098
1.5477783062838413e-05,974.0894952994788
1.543789364045731e-05,974.7626722828347
1.539809877557583e-05,975.4363144875621
1.5358398267014993e-05,976.1104222351674
1.531879191396301e-05,976.7849958473801
1.5279279515974837e-05,977.4600356461509
1.523986087297174e-05,978.135541953654
1.5200535785240578e-05,978.8115150922854
1.5161304053433423e-05,979.4879553846645
1.5122165478567042e-05,980.1648631536334
1.5083119862022318e-05,980.8422387222574
1.5044167005543777e-05,981.5200824138251
1.5005306711239083e-05,982.1983945518492
1.4966538781578597e-05,982.8771754600635
1.4927863019394624e-05,983.5564254624281
1.488927922788112e-05,984.2361448831263
1.48507872105931e-05,984.916334046565
1.481238677144611e-05,985.5969932773758
1.477407771471583e-05,986.2781229004142
1.473585984503737e-05,986.9597232407607
1.4697732967404858e-05,987.6417946237209
1.465969688717105e-05,988.3243373748226
1.4621751410046538e-05,989.0073518198213
1.4583896342099538e-05,989.6908382846971
1.454613148975514e-05,990.3747970956548
1.4508456659794935e-05,991.0592285791249
1.447087165935646e-05,991.7441330617637
1.4433376295932679e-05,992.4295108704528
1.4395970377371593e-05,993.1153623322999
1.4358653711875503e-05,993.8016877746389
1.4321426108000686e-05,994.4884875250298
1.4284287374656834e-05,995.175761911259
1.4247237321106507e-05,995.8635112613393
1.4210275756964727e-05,996.5517359035103
1.4173402492198305e-05,997.2404361662386
1.4136617337125582e-05,997.9296123782175
1.4099920102415643e-05,998.6192648683674
1.406331059908801e-05,999.3093939658365
1.4026788638512038e-05,1000.0
1.3990354032406476e-05,1000.691083300461
1.3954006592838872e-05,1001.38264419705
1.3917746132225206e-05,1002.0746830198269
1.3881572463329317e-05,1002.7672000990766
1.3845485399262306e-05,1003.460195765315
1.3809484753482156e-05,1004.1536703492857
1.377357033979315e-05,1004.8476241819606
1.373774197234553e-05,1005.5420575945406
1.3701999465634752e-05,1006.2369709184552
1.3666342634501152e-05,1006.9323644853633
1.3630771294129393e-05,1007.6282386271528
1.359528526004798e-05,1008.3245936759408
1.3559884348128705e-05,1009.0214299640743
1.352456837458631e-05,1009.7187478241297
1.348933715597775e-05,1010.4165475889132
1.3454190509201866e-05,1011.1148295914612
1.3419128251498822e-05,1011.8135941650403
1.3384150200449628e-05,1012.512841643147
1.3349256173975593e-05,1013.2125723595088
1.331444599033791e-05,1013.9127866480845
1.3279719468137181e-05,1014.6134848430609
1.324507642631273e-05,1015.3146672788583
1.3210516684142303e-05,1016.0163342901277
1.3176040061241415e-05,1016.7184862117512
1.3141646377563105e-05,1017.4211233788419
1.310733545339713e-05,1018.1242461267452
1.3073107109369663e-05,1018.8278547910378
1.3038961166442757e-05,1019.5319497075283
1.3004897445913847e-05,1020.2365312122574
1.2970915769415199e-05,1020.9415996414984
1.2937015958913597e-05,1021.6471553317565
1.2903197836709622e-05,1022.3531986197696
1.2869461225437278e-05,1023.0597298425085
1.2835805948063512e-05,1023.7667493371767
1.2802231827887676e-05,1024.4742574412107
1.2768738688540971e-05,1025.1822544922816
1.2735326353986298e-05,1025.89074082829
1.2701994648517259e-05,1026.5997167873738
1.2668743396757992e-05,1027.3091827079036
1.2635572423662612e-05,1028.0191389284832
1.2602481554514723e-05,1028.7295857879508
1.2569470614926875e-05,1029.440523625379
1.2536539430840226e-05,1030.1519527800742
1.2503687828523866e-05,1030.8638735915777
1.2470915634574425e-05,1031.5762863996652
1.2438222675915586e-05,1032.2891915443474
1.2405608779797588e-05,1033.00258936587
1.2373073773796691e-05,1033.7164802047137
1.2340617485814859e-05,1034.4308644015944
1.2308239744079027e-05,1035.1457422974636
1.2275940377140796e-05,1035.8611142335087
1.2243719213875876e-05,1036.5769805511522
1.2211576083483551e-05,1037.2933415920545
1.2179510815486501e-05,1038.010197698108
1.214752323972982e-05,1038.7275492114452
1.2115613186380903e-05,1039.445396474434
1.2083780485928834e-05,1040.1637398296784
1.2052024969183914e-05,1040.8825796200197
1.2020346467277211e-05,1041.6019161885356
1.1988744811660006e-05,1042.3217498785416
1.1957219834103452e-05,1043.04208103359
1.1925771366697913e-05,1043.7629099974702
1.189439924185261e-05,1044.48423711421
1.1863103292295088e-05,1045.2060627280741
1.1831883351070763e-05,1045.928387183566
1.1800739251542392e-05,1046.6512108254267
1.1769670827389723e-05,1047.3745339986353
1.1738677912608853e-05,1048.0983570484098
1.1707760341511838e-05,1048.8226803202065
1.1676917948726127e-05,1049.5475041597215
1.1646150569194384e-05,1050.2728289128866
1.1615458038173572e-05,1050.998654925876
1.1584840191234741e-05,1051.7249825451022
1.1554296864262544e-05,1052.4518121172168
1.1523827893454681e-05,1053.1791439891108
1.1493433115321484e-05,1053.9069785079153
1.146311236668538e-05,1054.6353160210012
1.143286548468055e-05,1055.3641568759797
1.140269230675228e-05,1056.0935014207018
1.1372592670656596e-05,1056.8233500032588
1.1342566414459768e-05,1057.5537029719833
1.13126133765378e-05,1058.284560675448
1.1282733395576089e-05,1059.0159234624662
1.1252926310568768e-05,1059.7477916820933
1.1223191960818337e-05,1060.480165683625
1.119353018593517e-05,1061.2130458166002
1.116394082583712e-05,1061.9464324307953
1.1134423720748955e-05,1062.6803258762322
1.110497871120188e-05,1063.4147265031736
1.1075605638033119e-05,1064.149634662124
1.1046304342385432e-05,1064.8850507038308
1.1017074665706672e-05,1065.6209749792827
1.0987916449749254e-05,1066.3574078397116
1.0958829536569719e-05,1067.0943496365924
1.092981376852835e-05,1067.8318007216424
1.0900868988288542e-05,1068.5697614468222
1.0871995038816459e-05,1069.3082321643358
1.0843191763380512e-05,1070.0472132266298
1.0814459005550941e-05,1070.7867049863955
1.078579660919927e-05,1071.526707796567
1.0757204418497978e-05,1072.2672220103232
1.0728682277919887e-05,1073.008247981086
1.0700230032237739e-05,1073.7497860625238
1.0671847526523861e-05,1074.491836608545
1.0643534606149478e-05,1075.2343999733068
1.0615291116784468e-05,1075.9774765112093
1.0587116904396737e-05,1076.7210665768982
1.0559011815251844e-05,1077.465170525264
1.0530975695912513e-05,1078.2097887114423
1.0503008393238186e-05,1078.9549214908143
1.0475109754384552e-05,1079.7005692190066
1.0447279626803054e-05,1080.4467322518922
1.0419517858240561e-05,1081.193410945589
1.0391824296738737e-05,1081.9406056564617
1.0364198790633647e-05,1082.6883167411215
1.0336641188555356e-05,1083.4365445564254
1.0309151339427387e-05,1084.1852894594774
1.0281729092466363e-05,1084.9345518076282
1.0254374297181437e-05,1085.6843319584755
1.0227086803373861e-05,1086.4346302698652
1.019986646113668e-05,1087.1854470998871
1.0172713120854043e-05,1087.9367828068819
1.0145626633200846e-05,1088.688637749437
1.0118606849142408e-05,1089.4410122863871
1.0091653619933797e-05,1090.1939067768155
1.0064766797119509e-05,1090.947321580053
1.0037946232532989e-05,1091.7012570556797
1.0011191778296168e-05,1092.455713563523
9.984503286818995e-06,1093.21069146366
9.95788061079908e-06,1093.9661911164158
9.931323603221097e-06,1094.722212882365
9.904832117356426e-06,1095.4787571223317
9.878406006762686e-06,1096.2358241973886
9.852045125283264e-06,1096.9934144688584
9.825749327046879e-06,1097.7515282983134
9.799518466467155e-06,1098.5101660475768
9.773352398242199e-06,1099.269328078719
9.747250977354007e-06,1100.029014754063
9.721214059068162e-06,1100.789226436182
9.695241498933306e-06,1101.5499634878993
9.669333152780804e-06,1102.311226272289
9.643488876724146e-06,1103.0730151526764
9.617708527158588e-06,1103.8353304926375
9.5919919607607e-06,1104.5981726559996
9.566339034487909e-06,1105.361542006842
9.540749605578044e-06,1106.1254389094945
9.515223531548946e-06,1106.88986372854
9.489760670197946e-06,1107.654816828812
9.464360879601455e-06,1108.4202985753975
9.439024018114538e-06,1109.1863093336349
9.413749944370447e-06,1109.9528494691153
9.388538517280169e-06,1110.7199193476824
9.363389596032049e-06,1111.487519335434
9.338303040091314e-06,1112.2556497987173
9.31327870919956e-06,1113.0243111041366
9.288316463374391e-06,1113.7935036185477
9.263416162908977e-06,1114.5632277090601
9.23857766837156e-06,1115.3334837430377
9.213800840605126e-06,1116.1042720880976
9.189085540726823e-06,1116.8755931121107
9.164431630127621e-06,1117.6474471832028
9.139838970471829e-06,1118.4198346697538
9.115307423696697e-06,1119.1927559403982
9.090836852011896e-06,1119.9662113640256
9.066427117899259e-06,1120.7402013097796
9.042078084112107e-06,1121.5147261470602
9.017789613675005e-06,1122.2897862455213
8.993561569883204e-06,1123.0653819750735
8.969393816302243e-06,1123.8415137058832
8.945286216767678e-06,1124.61818180837
8.921238635384322e-06,1125.3953866532127
8.897250936526068e-06,1126.1731286113443
8.873322984835356e-06,1126.9514080539554
8.849454645222761e-06,1127.7302253524924
8.825645782866555e-06,1128.5095808786584
8.801896263212333e-06,1129.2894750044138
8.778205951972458e-06,1130.0699081019757
8.754574715125743e-06,1130.8508805438184
8.731002418916958e-06,1131.6323927026738
8.707488929856444e-06,1132.414444951531
8.684034114719637e-06,1133.1970376636377
8.660637840546656e-06,1133.980171212499
8.637299974641949e-06,1134.7638459718778
8.614020384573711e-06,1135.5480623157957
8.590798938173598e-06,1136.3328206185329
8.567635503536159e-06,1137.1181212546292
8.54452994901867e-06,1137.9039645988796
8.52148214324037e-06,1138.6903510263421
8.498491955082253e-06,1139.4772809123324
8.475559253686583e-06,1140.2647546324256
8.452683908456475e-06,1141.052772562456
8.429865789055466e-06,1141.8413350785186
8.407104765407078e-06,1142.6304425569674
8.384400707694464e-06,1143.4200953744169
8.36175348635988e-06,1144.2102939077415
8.339162972104322e-06,1145.0010385340765
8.316629035887097e-06,1145.792329630818
8.29415154892538e-06,1146.584167575622
8.271730382693878e-06,1147.3765527464063
8.249365408924273e-06,1148.1694855213498
8.227056499604897e-06,1148.9629662788923
8.204803526980274e-06,1149.7569953977356
8.182606363550708e-06,1150.5515732568442
8.160464882071902e-06,1151.3467002354412
8.138378955554515e-06,1152.1423767130145
8.116348457263667e-06,1152.9386030693142
8.094373260718646e-06,1153.7353796843522
8.072453239692398e-06,1154.532706938403
8.050588268211142e-06,1155.330585212004
8.028778220554027e-06,1156.1290148859557
8.007022971252567e-06,1156.9279963413217
7.985322395090332e-06,1157.727529959429
7.963676367102506e-06,1158.5276161218678
7.942084762575478e-06,1159.3282552104924
7.92054745704639e-06,1160.1294476074208
7.899064326302821e-06,1160.9311936950353
7.877635246382248e-06,1161.733493855982
7.856260093571715e-06,1162.536348473172
7.834938744407358e-06,1163.3397579297816
7.813671075674142e-06,1164.1437226092492
7.79245696440521e-06,1164.9482428952808
7.771296287881705e-06,1165.7533191718471
7.750188923632206e-06,1166.5589518231836
7.729134749432375e-06,1167.3651412337917
7.708133643304546e-06,1168.1718877884387
7.687185483517312e-06,1168.9791918721571
7.666290148585097e-06,1169.7870538702462
7.645447517267835e-06,1170.5954741682713
7.6246574685704135e-06,1171.4044531520642
7.603919881742387e-06,1172.213991207723
7.5832346362775205e-06,1173.0240887216132
7.5626016119133745e-06,1173.8347460803673
7.542020688630971e-06,1174.6459636708842
7.5214917466542875e-06,1175.4577418803308
7.501014666449906e-06,1176.270081096142
7.480589328726573e-06,1177.0829817060203
7.460215614434911e-06,1177.8964440979341
7.439893404766841e-06,1178.7104686601224
7.419622581155271e-06,1179.5250557810919
7.399403025273757e-06,1180.3402058496174
7.379234619035954e-06,1181.1559192547427
7.359117244595328e-06,1181.97219638578
7.3390507843446975e-06,1182.7890376323114
7.319035120915868e-06,1183.6064433841873
7.299070137179196e-06,1184.4244140315282
7.27915571624326e-06,1185.2429499647235
7.259291741454353e-06,1186.062051574433
7.239478096396157e-06,1186.8817192515867
7.219714664889333e-06,1187.7019533873838
7.200001330991115e-06,1188.5227543732944
7.180337978994891e-06,1189.3441226010598
7.16072449342989e-06,1190.1660584626907
7.141160759060631e-06,1190.9885623504708
7.121646660886734e-06,1191.8116346569511
7.102182084142297e-06,1192.6352757749576
7.0827669142957e-06,1193.4594860975863
7.0634010370490655e-06,1194.2842660182048
7.044084338337943e-06,1195.1096159304532
7.0248167043308855e-06,1195.935536228243
7.005598021429074e-06,1196.7620273057582
6.9864281762659e-06,1197.5890895574548
6.967307055706576e-06,1198.4167233780622
6.948234546847805e-06,1199.244929162582
6.929210537017289e-06,1200.0737073062885
6.910234913773385e-06,1200.90305820473
6.891307564904733e-06,1201.7329822537279
6.872428378429842e-06,1202.5634798493763
6.8535972425966795e-06,1203.3945513880444
6.834814045882342e-06,1204.2261972663757
6.816078676992652e-06,1205.058417881284
6.797391024861679e-06,1205.8912136299616
6.778750978651468e-06,1206.7245849098738
6.760158427751566e-06,1207.5585321187605
6.74161326177873e-06,1208.393055654637
6.723115370576435e-06,1209.2281559157927
6.704664644214551e-06,1210.0638333007932
6.6862609729889365e-06,1210.9000882084792
6.6679042474210635e-06,1211.7369210379666
6.649594358257604e-06,1212.574332188648
6.631331196470124e-06,1213.412322060191
6.613114653254584e-06,1214.2508910525403
6.5949446200310495e-06,1215.0900395659164
6.576820988443242e-06,1215.929768000817
6.558743650358222e-06,1216.7700767580154
6.5407124978659275e-06,1217.6109662385636
6.5227274232788715e-06,1218.4524368437903
6.504788319131756e-06,1219.294488975299
6.486895078180988e-06,1220.1371230349737
6.469047593404409e-06,1220.9803394249757
6.451245758000849e-06,1221.8241385477434
6.43348946538984e-06,1222.6685208059937
6.415778609211105e-06,1223.513486602722
6.39811308332427e-06,1224.3590363412018
6.380492781808467e-06,1225.2051704249857
6.362917598961941e-06,1226.0518892579046
6.345387429301689e-06,1226.8991932440692
6.327902167563057e-06,1227.7470827878692
6.310461708699434e-06,1228.5955582939735
6.293065947881774e-06,1229.4446201673309
6.275714780498293e-06,1230.29426881317
6.258408102154066e-06,1231.1445046369995
6.241145808670665e-06,1231.9953280446084
6.223927796085735e-06,1232.8467394420672
6.206753960652781e-06,1233.6987392357232
6.189624198840564e-06,1234.5513278322087
6.1725384073328745e-06,1235.4045056384355
6.155496483028127e-06,1236.2582730615964
6.1384983230390225e-06,1237.1126305091657
6.121543824692093e-06,1237.9675783889
6.104632885527407e-06,1238.8231171088364
6.087765403298164e-06,1239.6792470772953
6.070941275970337e-06,1240.5359687028783
6.054160401722286e-06,1241.3932823944701
6.037422678944455e-06,1242.2511885612373
6.020728006238878e-06,1243.1096876126296
6.004076282418923e-06,1243.9687799583799
5.987467406508871e-06,1244.8284660085037
5.9709012777435655e-06,1245.6887461733006
5.9543777955680145e-06,1246.5496208633544
5.9378968596371366e-06,1247.4110904895288
5.921458369815228e-06,1248.2731554629759
5.905062226175693e-06,1249.13581619513
5.888708329000683e-06,1249.9990730977102
5.872396578780692e-06,1250.8629265827194
5.856126876214216e-06,1251.7273770624465
5.8398991222074195e-06,1252.592424949464
5.823713217873713e-06,1253.4580706566305
5.807569064533407e-06,1254.3243145970891
5.791466563713378e-06,1255.1911571842693
5.775405617146681e-06,1256.0585988318855
5.759386126772175e-06,1256.9266399539385
5.7434079947342445e-06,1257.7952809647152
5.727471123382307e-06,1258.6645222787884
5.7115754152705524e-06,1259.534364311018
5.695720773157553e-06,1260.4048074765499
5.679907100005858e-06,1261.2758521908188
5.664134298981807e-06,1262.1474988695425
5.648402273454919e-06,1263.0197479287297
5.632710926997703e-06,1263.8925997846757
5.617060163385262e-06,1264.766054853963
5.6014498865949426e-06,1265.6401135534622
5.585880000805948e-06,1266.5147763003324
5.570350410398988e-06,1267.3900435120206
5.554861019956008e-06,1268.2659156062623
5.539411734259702e-06,1269.1423930010815
5.524002458293227e-06,1270.0194761147916
5.508633097239858e-06,1270.8971653659944
5.493303556482612e-06,1271.775461173582
5.478013741603876e-06,1272.654363956735
5.462763558385128e-06,1273.5338741349242
5.447552912806505e-06,1274.4139921279102
5.43238171104647e-06,1275.2947183557435
5.417249859481481e-06,1276.1760532387664
5.4021572646856475e-06,1277.0579971976078
5.3871038334303566e-06,1277.9405506531912
5.372089472683912e-06,1278.8237140267295
5.35711408961121e-06,1279.7074877397267
5.342177591573382e-06,1280.5918722139784
5.3272798861274445e-06,1281.4768678715714
5.312420881025931e-06,1282.3624751348843
5.29760048421662e-06,1283.2486944265877
5.282818603842072e-06,1284.1355261696442
5.2680751482393695e-06,1285.0229707873086
5.253370025939738e-06,1285.9110287031285
5.238703145668201e-06,1286.7997003409437
5.224074416343231e-06,1287.6889861248874
5.2094837470764475e-06,1288.5788864793858
5.1949310471722e-06,1289.4694018291582
5.1804162261272444e-06,1290.360532599219
5.165939193630478e-06,1291.252279214872
5.151499859562458e-06,1292.1446421017195
5.137098133995199e-06,1293.037621685656
5.122733927191715e-06,1293.9312183928707
5.108407149605745e-06,1294.825432649847
5.094117711881382e-06,1295.7202648833634
5.07986552485276e-06,1296.615715520493
5.065650499543667e-06,1297.5117849886044
5.051472547167281e-06,1298.4084737153612
5.03733157912574e-06,1299.3057821287227
5.023227507009848e-06,1300.2037106569444
5.009160242598752e-06,1301.1022597285767
4.995129697859568e-06,1302.001429772467
4.98113578494705e-06,1302.901221217759
4.967178416203309e-06,1303.8016344938926
4.953257504157372e-06,1304.702670030605
4.9393729615249116e-06,1305.6043282579312
4.925524701207943e-06,1306.5066096061998
4.911712636294397e-06,1307.4095145060403
4.897936680057828e-06,1308.3130433883791
4.88419674595713e-06,1309.21719668444
4.870492747636116e-06,1310.121974825745
4.85682459892323e-06,1311.0273782441138
4.843192213831208e-06,1311.9334073716655
4.829595506556728e-06,1312.8400626408168
4.816034391480136e-06,1313.7473444842838
4.802508783165026e-06,1314.6552533350819
4.7890185963579675e-06,1315.5637896265248
4.77556374598815e-06,1316.4729537922267
4.762144147167076e-06,1317.382746266101
4.748759715188197e-06,1318.2931674823608
4.7354103655265985e-06,1319.2042178755196
4.722096013838703e-06,1320.115897880391
4.708816575961872e-06,1321.0282079320905
4.695571967914157e-06,1321.94114846603
4.682362105893892e-06,1322.854719917927
4.669186906279408e-06,1323.7689227237981
4.656046285628731e-06,1324.6837573199618
4.6429401606791875e-06,1325.5992241430374
4.629868448347137e-06,1326.5153236299466
4.616831065727618e-06,1327.4320562179128
4.603827930094028e-06,1328.3494223444613
4.590858958897782e-06,1329.2674224474206
4.577924069768047e-06,1330.1860569649207
4.56502318051133e-06,1331.105326335395
4.552156209111225e-06,1332.02523099758
4.5393230737280494e-06,1332.945771390515
4.526523692698543e-06,1333.8669479535429
4.513757984535514e-06,1334.7887611263104
4.501025867927571e-06,1335.711211348769
4.488327261738779e-06,1336.6342990611706
4.475662085008291e-06,1337.558024704075
4.463030256950079e-06,1338.4823887183454
4.450431696952596e-06,1339.4073915451497
4.437866324578478e-06,1340.3330336259605
4.425334059564196e-06,1341.2593154025553
4.412834821819736e-06,1342.1862373170177
4.400368531428302e-06,1343.113799811736
4.387935108645982e-06,1344.0420033294045
4.375534473901425e-06,1344.9708483130235
4.363166547795574e-06,1345.9003352058992
4.350831251101261e-06,1346.8304644516447
4.338528504762968e-06,1347.7612364941795
4.326258229896459e-06,1348.692651777729
4.314020347788505e-06,1349.6247107468268
4.301814779896524e-06,1350.5574138463135
4.2896414478483286e-06,1351.4907615213376
4.277500273441768e-06,1352.4247542173523
4.2653911786444056e-06,1353.3593923801218
4.253314085593216e-06,1354.2946764557175
4.241268916594277e-06,1355.2306068905193
4.229255594122498e-06,1356.1671841312148
4.2172740408212265e-06,1357.104408624801
4.2053241795019805e-06,1358.0422808185833
4.193405933144146e-06,1358.980801160177
4.181519224894646e-06,1359.9199700975057
4.169663978067639e-06,1360.8597880788034
4.157840116144205e-06,1361.8002555526134
4.146047562772052e-06,1362.7413729677892
4.134286241765187e-06,1363.6831407734944
4.122556077103606e-06,1364.625559419203
4.110856992932992e-06,1365.5686293546999
4.099188913564424e-06,1366.51235103008
4.0875517634740175e-06,1367.456724895752
4.0759454673027305e-06,1368.4017514024304
4.064369949855912e-06,1369.347431001146
4.052825136103077e-06,1370.29376414324
4.041310951177603e-06,1371.240751280365
4.029827320376389e-06,1372.1883928644863
4.01837416915961e-06,1373.1366893478812
4.006951423150339e-06,1374.0856411831398
3.995559008134285e-06,1375.0352488231645
3.9841968500594915e-06,1375.9855127211713
3.972864875036009e-06,1376.9364333306892
3.961563009335642e-06,1377.88801110556
3.950291179391581e-06,1378.8402464999403
3.939049311798136e-06,1379.7931399683
3.9278373333104415e-06,1380.7466919654225
3.91665517084414e-06,1381.7009029464064
3.905502751475059e-06,1382.655773366666
3.894380002439026e-06,1383.6113036819254
3.8832868511313905e-06,1384.567494348229
3.8722232251068556e-06,1385.524345821934
3.8611890520791206e-06,1386.4818585597136
3.850184259920625e-06,1387.440033018556
3.839208776662197e-06,1388.3988696557662
3.828262530492827e-06,1389.3583689289642
3.817345449759296e-06,1390.3185312960866
3.8064574629659225e-06,1391.2793572153867
3.7955984987742508e-06,1392.2408471454341
3.7847684860027723e-06,1393.2030015451157
3.7739673536266018e-06,1394.1658208736355
3.7631950307772004e-06,1395.1293055905148
3.752451446742103e-06,1396.093456155592
3.7417365309645802e-06,1397.058273029024
3.7310502130433586e-06,1398.023756671285
3.7203924227323326e-06,1398.9899075431695
3.709763089940297e-06,1399.956726105786
3.699162144730624e-06,1400.9242128205656
3.6885895173209515e-06,1401.8923681492572
3.678045138082936e-06,1402.8611925539287
3.6675289375419417e-06,1403.8306864969675
3.657040846376745e-06,1404.80085044108
3.6465807954192426e-06,1405.7716848492933
3.6361487156541966e-06,1406.7431901849532
3.6257445382188884e-06,1407.7153669117272
3.615368194402869e-06,1408.688215493602
3.6050196156476587e-06,1409.6617363948858
3.5946987335464574e-06,1410.635930080207
3.5844054798438477e-06,1411.6107970145156
3.574139786435552e-06,1412.5863376630825
3.563901585368081e-06,1413.5625524915008
3.553690808838489e-06,1414.5394419656845
3.5435073891940595e-06,1415.5170065518716
3.533351258932072e-06,1416.495246716618
3.5232223506994666e-06,1417.4741629268062
3.5131205972925617e-06,1418.4537556496398
3.5030459316567885e-06,1419.4340253526452
3.4929982868864024e-06,1420.4149725036725
3.4829775962241905e-06,1421.3965975708943
3.472983793061201e-06,1422.3789010228074
3.46301681093645e-06,1423.3618833282324
3.4530765835366613e-06,1424.345544956313
3.443163044695939e-06,1425.3298863765183
3.4332761283955335e-06,1426.3149080586409
3.423415768763522e-06,1427.3006104727986
3.413581900074556e-06,1428.286994089434
3.403774456749587e-06,1429.2740593793148
3.3939933733555425e-06,1430.2618068135337
3.3842385846050754e-06,1431.2502368635112
3.37451002535632e-06,1432.2393500009882
3.3648076306125313e-06,1433.2291466980369
3.3551313355218876e-06,1434.2196274270536
3.3454810753771584e-06,1435.2107926607619
3.3358567856154473e-06,1436.2026428722108
3.326258401817918e-06,1437.1951785347776
3.31668585970951e-06,1438.188400122166
3.307139095158676e-06,1439.182308108407
3.297618044177072e-06,1440.1769029678594
3.2881226429193442e-06,1441.17218517521
3.2786528276827794e-06,1442.1681552054733
3.2692085349070887e-06,1443.1648135339924
3.2597897011741e-06,1444.1621606364386
3.2503962632074963e-06,1445.1601969888118
3.2410281578725366e-06,1446.1589230674417
3.231685322175816e-06,1447.1583393489861
3.222367693264919e-06,1448.1584463104343
3.2130752084282464e-06,1449.159244429101
3.203807805094651e-06,1450.1607341826343
3.1945654208332096e-06,1451.162916049012
3.1853479933529753e-06,1452.1657905065417
3.1761554605026526e-06,1453.1693580338613
3.1669877602703623e-06,1454.17361910994
3.1578448307833677e-06,1455.1785742140778
3.1487266103078048e-06,1456.1842238259055
3.1396330372483876e-06,1457.1905684253863
3.1305640501482104e-06,1458.1976084928142
3.1215195876883867e-06,1459.2053445088156
3.112499588687847e-06,1460.213776954349
3.103503992103047e-06,1461.222906310705
3.0945327370276965e-06,1462.2327330595074
3.085585762692532e-06,1463.243257682712
3.076663008464975e-06,1464.2544806626101
3.067764413848962e-06,1465.266402481821
3.0588899184845894e-06,1466.2790236233027
3.050039462147906e-06,1467.2923445703448
3.0412129847506155e-06,1468.3063658065714
3.0324104263398558e-06,1469.321087815941
3.023631727097884e-06,1470.3365110827456
3.014876827341844e-06,1471.3526360916128
3.0061456675234952e-06,1472.3694633275047
2.9974381882289483e-06,1473.386993275719
2.988754330178405e-06,1474.405226421888
2.9800940342259166e-06,1475.4241632519806
2.9714572413590827e-06,1476.4438042523004
2.962843892698817e-06,1477.4641499094882
2.9542539294990793e-06,1478.4852007105203
2.945687293146623e-06,1479.50695714271
2.937143925160718e-06,1480.529419693707
2.9286237671929216e-06,1481.5525888514999
2.9201267610268e-06,1482.5764651044099
2.911652848577658e-06,1483.6010489410999
2.9032019718923023e-06,1484.6263408505692
2.8947740731487602e-06,1485.6523413221555
2.8863690946560655e-06,1486.6790508455338
2.8779869788539636e-06,1487.7064699107182
2.8696276683126547e-06,1488.7345990080612
2.8612911057325622e-06,1489.763438628254
2.8529772339440516e-06,1490.7929892623272
2.844685995907194e-06,1491.8232514016506
2.836417334711513e-06,1492.8542255379336
2.8281711935757117e-06,1493.8859121632254
2.8199475158474285e-06,1494.9183117699151
2.8117462450029867e-06,1495.9514248507326
2.8035673246471368e-06,1496.9852518987475
2.795410698512793e-06,1498.019793407371
2.787276310460818e-06,1499.0550498703562
2.7791641044797457e-06,1500.0910217817932
2.771074024685498e-06,1501.127709636118
2.763006015321189e-06,1502.1651139281066
2.754960020756839e-06,1503.2032351528774
2.746935985489149e-06,1504.2420738058902
2.738933854141228e-06,1505.2816303829482
2.730953571462343e-06,1506.3219053801963
2.722995082327692e-06,1507.362899294123
2.7150583317381348e-06,1508.4046126215596
2.7071432648199577e-06,1509.4470458596804
2.699249826824595e-06,1510.490199506004
2.691377963128447e-06,1511.5340740583927
2.6835276192325573e-06,1512.578670015052
2.6756987407624048e-06,1513.6239878745328
2.6678912734676553e-06,1514.6700281357298
2.6601051632218967e-06,1515.7167912978846
2.6523403560224505e-06,1516.7642778605789
2.644596797990042e-06,1517.812488323744
2.636874435368605e-06,1518.8614231876554
2.6291732145250298e-06,1519.9110829529347
2.6214930819489242e-06,1520.961468120549
2.61383398425235e-06,1522.0125791918115
2.6061958681696145e-06,1523.0644166683824
2.5985786805569887e-06,1524.116981052268
2.5909823683924806e-06,1525.1702728458222
2.5834068787755983e-06,1526.2242925517453
2.5758521589271e-06,1527.2790406730855
2.5683181561887615e-06,1528.3345177132387
2.560804818023115e-06,1529.3907241759484
2.5533120920132493e-06,1530.4476605653063
2.5458399258625135e-06,1531.5053273857523
2.538388267394321e-06,1532.5637251420756
2.530957064551869e-06,1533.622854339415
2.5235462653979857e-06,1534.682715483254
2.5161558181147655e-06,1535.7433090794304
2.5087856710034256e-06,1536.80463563413
2.5014357724840273e-06,1537.8666956538875
2.4941060710952544e-06,1538.929489645589
2.4867965154941614e-06,1539.9930181164698
2.4795070544559618e-06,1541.0572815741164
2.4722376368737576e-06,1542.122280526466
2.4649882117583205e-06,1543.1880154818066
2.4577587282378636e-06,1544.2544869487774
2.4505491355577895e-06,1545.3216954363695
2.443359383080471e-06,1546.3896414539254
2.4361894202849912e-06,1547.45832551114
2.429039196766957e-06,1548.52774811806
2.4219086622382068e-06,1549.5979097850848
2.4147977665266104e-06,1550.6688110229663
2.4077064595758266e-06,1551.7404523428113
2.4006346914450905e-06,1552.8128342560751
2.393582412308954e-06,1553.885957274571
2.3865495724570558e-06,1554.959821910464
2.3795361222939033e-06,1556.034428676274
2.3725420123386337e-06,1557.1097780848743
2.3655671932247807e-06,1558.1858706494932
2.3586116157000533e-06,1559.2627068837132
2.351675230626109e-06,1560.340287301472
2.3447579889782926e-06,1561.4186124170624
2.337859841845445e-06,1562.4976827451326
2.3309807404296475e-06,1563.5774988006867
2.3241206360460106e-06,1564.6580610990843
2.3172794801224292e-06,1565.7393701560413
2.310457224199382e-06,1566.8214264876303
2.3036538199296626e-06,1567.9042306102804
2.296869219078181e-06,1568.9877830407786
2.2901033735217513e-06,1570.0720842962653
2.2833562352488072e-06,1571.1571348942423
2.276627756359249e-06,1572.2429353525677
2.269917889064162e-06,1573.3294861894576
2.2632265856856083e-06,1574.4167879234858
2.2565537986564167e-06,1575.5048410735849
2.249899480519929e-06,1576.5936461590463
2.2432635839298007e-06,1577.6832036995195
2.23664606164978e-06,1578.7735142150138
2.2300468665534554e-06,1579.864578225898
2.223465951624057e-06,1580.9563962528996
2.216903269954218e-06,1582.0489688171067
2.21035877474577e-06,1583.1422964399676
2.203832419309505e-06,1584.2363796432905
2.1973241570649555e-06,1585.3312189492447
2.1908339415401957e-06,1586.4268148803599
2.184361726371573e-06,1587.5231679595286
2.1779074653035514e-06,1588.6202787100003
2.1714711121884188e-06,1589.7181476553903
2.1650526209861334e-06,1590.8167753196747
2.1586519457640574e-06,1591.916162227191
2.1522690406967626e-06,1593.01630890264
2.1459038600657993e-06,1594.1172158710845
2.1395563582594814e-06,1595.2188836579503
2.13322648977267e-06,1596.3213127890263
2.126914209206565e-06,1597.4245037904645
2.1206194712684676e-06,1598.5284571887812
2.1143422307715715e-06,1599.6331735108558
2.1080824426347494e-06,1600.7386532839325
2.1018400618823367e-06,1601.8448970356192
2.0956150436439123e-06,1602.951905293889
2.089407343154077e-06,1604.0596785870796
2.083216915752265e-06,1605.1682174438938
2.0770437168824833e-06,1606.2775223934016
2.070887702093152e-06,1607.3875939650334
2.064748827036838e-06,1608.4984326885906
2.0586270474700635e-06,1609.6100390942393
2.052522319253115e-06,1610.7224137125115
2.0464345983497885e-06,1611.8355570743063
2.0403638408272023e-06,1612.9494697108894
2.0343100028555793e-06,1614.064152153894
2.028273040708033e-06,1615.17960493532
2.0222529107603516e-06,1616.2958285875359
2.0162495694908124e-06,1617.4128236432773
2.01026297347993e-06,1618.5305906356484
2.0042930794102676e-06,1619.649130098122
1.9983398440662343e-06,1620.7684425645386
1.9924032243338593e-06,1621.888528569109
1.9864831772005865e-06,1623.0093886464124
1.980579659755073e-06,1624.1310233313986
1.9746926291869844e-06,1625.2534331593836
1.9688220427867587e-06,1626.3766186660569
1.9629678579454195e-06,1627.500580387477
1.9571300321543616e-06,1628.625318860073
1.9513085230051664e-06,1629.750834620645
1.9455032881893507e-06,1630.8771282063637
1.9397142854981984e-06,1632.0042001547706
1.9339414728225295e-06,1633.1320510037797
1.928184808152508e-06,1634.2606812916758
1.922444249577432e-06,1635.3900915571164
1.916719755285537e-06,1636.5202823391307
1.911011283563764e-06,1637.651254177121
1.9053187927975906e-06,1638.7830076108617
1.8996422414707945e-06,1639.9155431805004
1.8939815881652713e-06,1641.048861426559
1.8883367915608135e-06,1642.182962889931
1.8827078104349325e-06,1643.3178481118873
1.8770946036626394e-06,1644.4535176340669
1.8714971302162305e-06,1645.589971998488
1.8659153491650953e-06,1646.727211747542
1.860349219675531e-06,1647.8652374239953
1.8547987010105092e-06,1649.004049570989
1.8492637525295127e-06,1650.14364873204
1.843744333688297e-06,1651.2840354510404
1.8382404040387093e-06,1652.4252102722583
1.8327519232284887e-06,1653.567173740338
1.8272788510010602e-06,1654.7099264003002
1.821821147195334e-06,1655.8534687975423
1.8163787717455237e-06,1656.9978014778385
1.8109516846809187e-06,1658.1429249873404
1.8055398461257044e-06,1659.2888398725765
1.8001432162987619e-06,1660.4355466804536
1.7947617555134625e-06,1661.5830459582562
1.7893954241774836e-06,1662.7313382536486
1.784044182792612e-06,1663.8804241146686
1.7787079919545173e-06,1665.0303040897381
1.7733868123525892e-06,1666.1809787276559
1.7680806047697262e-06,1667.3324485776002
1.7627893300821373e-06,1668.4847141891287
1.757512949259169e-06,1669.637776112179
1.752251423363073e-06,1670.791634897069
1.7470047135488407e-06,1671.946291094496
1.7417727810639961e-06,1673.1017452555388
1.7365555872484078e-06,1674.257997931657
1.731353093534082e-06,1675.4150496746906
1.7261652614449978e-06,1676.5729010368616
1.7209920525968782e-06,1677.7315525707736
1.7158334286970199e-06,1678.8910048294115
1.7106893515440923e-06,1680.0512583661432
1.7055597830279414e-06,1681.21231373472
1.7004446851294345e-06,1682.3741714892715
1.6953440199202073e-06,1683.5368321843143
1.6902577495625134e-06,1684.7002963747477
1.6851858363090229e-06,1685.8645646158539
1.6801282425026374e-06,1687.0296374632987
1.6750849305762882e-06,1688.1955154731322
1.670055863052768e-06,1689.3621992017886
1.6650410025445105e-06,1690.529689206087
1.6600403117534286e-06,1691.6979860432307
1.6550537534707086e-06,1692.8670902708084
1.6500812905766295e-06,1694.0370024467943
1.6451228860403778e-06,1695.2077231295482
1.6401785029198398e-06,1696.3792528778154
1.6352481043614527e-06,1697.5515922507275
1.6303316535999753e-06,1698.724741807803
1.625429113958325e-06,1699.898702108946
1.6205404488473785e-06,1701.0734737144503
1.6156656217658099e-06,1702.2490571849914
1.6108045962998772e-06,1703.4254530816372
1.6059573361232437e-06,1704.6026619658421
1.6011238049968006e-06,1705.7806843994479
1.5963039667684756e-06,1706.959520944685
1.59149778537305e-06,1708.1391721641726
1.5867052248319722e-06,1709.3196386209186
1.581926249253188e-06,1710.5009208783192
1.5771608228309314e-06,1711.6830195001612
1.5724089098455593e-06,1712.8659350506202
1.5676704746633662e-06,1714.0496680942622
1.562945481736395e-06,1715.2342191960427
1.5582338956022582e-06,1716.419588921308
1.5535356808839666e-06,1717.6057778357956
1.548850802289729e-06,1718.792786505633
1.5441792246127792e-06,1719.9806154973396
1.5395209127311884e-06,1721.1692653778282
1.5348758316077095e-06,1722.3587367143973
1.5302439462895692e-06,1723.5490300747435
1.5256252219082897e-06,1724.7401460269539
1.5210196236795225e-06,1725.9320851395075
1.5164271169028614e-06,1727.124847981277
1.5118476669616646e-06,1728.318435121528
1.5072812393228673e-06,1729.5128471299192
1.5027277995368306e-06,1730.7080845765033
1.4981873132371243e-06,1731.904148031727
1.4936597461403816e-06,1733.1010380664304
1.4891450640460977e-06,1734.2987552518496
1.4846432328364741e-06,1735.4973001596143
1.4801542184762152e-06,1736.6966733617496
1.4756779870123908e-06,1737.896875430676
1.4712145045742177e-06,1739.0979069392092
1.466763737372902e-06,1740.2997684605632
1.46232565170148e-06,1741.5024605683423
1.4579002139346084e-06,1742.7059838365526
1.4534873905284098e-06,1743.9103388395954
1.4490871480203108e-06,1745.1155261522686
1.444699453028834e-06,1746.3215463497675
1.4403242722534496e-06,1747.5284000076847
1.4359615724743902e-06,1748.7360877020112
1.4316113205524808e-06,1749.9446100091354
1.4272734834289745e-06,1751.1539675058443
1.4229480281253635e-06,1752.3641607693235
1.4186349217432077e-06,1753.5751903771572
1.4143341314639807e-06,1754.7870569073295
1.4100456245488769e-06,1755.999760938223
1.4057693683386431e-06,1757.213303048621
1.4015053302534334e-06,1758.4276838177054
1.3972534777925978e-06,1759.64290382506
1.3930137785345287e-06,1760.85896365067
1.3887862001365149e-06,1762.0758638749157
1.3845707103345216e-06,1763.293605078585
1.3803672769430685e-06,1764.5121878428643
1.3761758678550286e-06,1765.731612749342
1.3719964510414732e-06,1766.951880380009
1.3678289945514998e-06,1768.1729913172576
1.3636734665120624e-06,1769.394946143883
1.359529835127807e-06,1770.6177454430829
1.355398068680895e-06,1771.8413897984583
1.3512781355308498e-06,1773.0658797940137
1.3471700041143762e-06,1774.2912160141561
1.3430736429451958e-06,1775.517399043698
1.3389890206138871e-06,1776.7444294678548
1.3349161057877095e-06,1777.972307872247
1.3308548672104419e-06,1779.2010348428996
1.326805273702227e-06,1780.4306109662423
1.3227672941593777e-06,1781.6610368291122
1.3187408975542511e-06,1782.8923130187466
1.3147260529350428e-06,1784.124440122794
1.3107227294256463e-06,1785.357418729307
1.3067308962254945e-06,1786.5912494267448
1.3027505226093707e-06,1787.8259328039733
1.298781577927267e-06,1789.061469450265
1.2948240316042073e-06,1790.2978599553
1.2908778531400931e-06,1791.5351049091662
1.2869430121095365e-06,1792.7732049023582
1.283019478161692e-06,1794.01216052578
1.2791072210201143e-06,1795.2519723707433
1.2752062104825684e-06,1796.4926410289681
1.2713164164208863e-06,1797.7341670925841
1.2674378087808003e-06,1798.9765511541298
1.2635703575817848e-06,1800.219793806553
1.25971403291688e-06,1801.4638956432138
1.2558688049525741e-06,1802.7088572578762
1.2520346439285862e-06,1803.95467924472
1.2482115201577415e-06,1805.2013621983344
1.2443994040257992e-06,1806.448906713719
1.2405982659913104e-06,1807.6973133862846
1.2368080765854345e-06,1808.946582811854
1.233028806411796e-06,1810.196715586661
1.2292604261463182e-06,1811.447712307352
1.2255029065370751e-06,1812.6995735709859
1.2217562184041178e-06,1813.9522999750334
1.2180203326393416e-06,1815.2058921173787
1.2142952202063e-06,1816.4603505963191
1.2105808521400634e-06,1817.7156760105656
1.2068771995470635e-06,1818.9718689592426
1.2031842336049292e-06,1820.2289300418884
1.1995019255623367e-06,1821.4868598584562
1.1958302467388426e-06,1822.7456590093152
1.1921691685247619e-06,1824.005328095244
1.1885186623809603e-06,1825.2658677174425
1.18487869983874e-06,1826.5272784775234
1.1812492524996691e-06,1827.7895609775155
1.1776302920354233e-06,1829.0527158198638
1.1740217901876506e-06,1830.3167436074295
1.1704237187677965e-06,1831.5816449434906
1.1668360496569596e-06,1832.8474204317417
1.1632587548057389e-06,1834.114070676295
1.159691806234075e-06,1835.3815962816798
1.1561351760311053e-06,1836.6499978528432
1.15258883635501e-06,1837.9192759951509
1.1490527594328558e-06,1839.1894313143864
1.1455269175604413e-06,1840.4604644167518
1.1420112831021553e-06,1841.7323759088688
1.1385058284908115e-06,1843.0051663977795
1.1350105262275274e-06,1844.2788364909402
1.1315253488815313e-06,1845.5533867962324
1.1280502690900358e-06,1846.8288179219564
1.1245852595580897e-06,1848.1051304768323
1.1211302930584227e-06,1849.382325070001
1.1176853424312906e-06,1850.6604023110242
1.1142503805843332e-06,1851.9393628098858
1.11082538049243e-06,1853.2192071769898
1.1074103151975342e-06,1854.4999360231632
1.1040051578085411e-06,1855.7815499596547
1.1006098815011306e-06,1857.0640495981352
1.0972244595176222e-06,1858.3474355506987
1.0938488651668233e-06,1859.631708429862
1.0904830718238967e-06,1860.9168688485656
1.0871270529301896e-06,1862.2029174201728
1.0837807819931052e-06,1863.4898547584714
1.0804442325859429e-06,1864.7776814776753
1.0771173783477722e-06,1866.0663981924167
1.0738001929832687e-06,1867.3560055177588
1.0704926502625664e-06,1868.6465040691874
1.0671947240211244e-06,1869.9378944626142
1.0639063881595742e-06,1871.2301773143763
1.0606276166435763e-06,1872.523353241237
1.057358383503681e-06,1873.817422860385
1.0540986628351756e-06,1875.1123867894364
1.0508484287979418e-06,1876.408245646434
1.047607655616316e-06,1877.7050000498473
1.0443763175789412e-06,1879.0026506185736
1.0411543890386265e-06,1880.301197971938
1.0379418444122077e-06,1881.600642729693
1.0347386581803929e-06,1882.90098551202
1.0315448048876339e-06,1884.2022269395288
1.0283602591419698e-06,1885.504367633258
1.0251849956148968e-06,1886.8074082146773
1.022018989041223e-06,1888.1113493056803
1.0188622142189295e-06,1889.416191528596
1.015714646009017e-06,1890.721935506182
1.0125762593353793e-06,1892.0285818616255
1.009447029184654e-06,1893.3361312185448
1.006326930606088e-06,1894.6445842009891
1.0032159387113901e-06,1895.953941433439
1.0001140286746037e-06,1897.2642035408069
9.970211757319525e-07,1898.575371148436
9.93937355181709e-07,1899.8874448821032
9.908625423840549e-07,1901.2004253680166
9.87796712760942e-07,1902.5143132328176
9.847398417959474e-07,1903.8291091035805
9.816919050341556e-07,1905.1448136078134
9.786528780819915e-07,1906.4614273734574
9.756227366070996e-07,1907.77895102889
9.726014563382156e-07,1909.097385202917
9.69589013065002e-07,1910.4167305247843
9.6658538263794e-07,1911.736987624171
9.635905409681715e-07,1913.0581571311914
9.606044640273734e-07,1914.3802396763954
9.576271278476189e-07,1915.703235890768
9.546585085212406e-07,1917.027146405731
9.51698582200698e-07,1918.3519718531422
9.487473250984363e-07,1919.6777128652961
9.458047134867612e-07,1921.0043700749243
9.428707236976944e-07,1922.3319441151955
9.399453321228396e-07,1923.660435619716
9.370285152132549e-07,1924.9898452225302
9.34120249479313e-07,1926.3201735581204
9.312205114905667e-07,1927.6514212614072
9.28329277875627e-07,1928.9835889677508
9.254465253220064e-07,1930.3166773129515
9.225722305760156e-07,1931.6506869332436
9.197063704426043e-07,1932.985618465307
9.168489217852379e-07,1934.3214725462594
9.139998615257775e-07,1935.6582498136593
9.111591666443281e-07,1936.9959509055047
9.083268141791183e-07,1938.334576460236
9.055027812263665e-07,1939.6741271167336
9.026870449401493e-07,1941.01460351432
8.998795825322679e-07,1942.3560062927595
8.970803712721273e-07,1943.6983360922584
8.94289388486592e-07,1945.0415935534654
8.915066115598641e-07,1946.385779317472
8.887320179333514e-07,1947.7308940258129
8.859655851055361e-07,1949.0769383204658
8.832072906318476e-07,1950.4239128438526
8.804571121245371e-07,1951.7718182388387
8.77715027252534e-07,1953.1206551487358
8.749810137413407e-07,1954.4704242172943
8.722550493728801e-07,1955.8211260887156
8.695371119853766e-07,1957.172761407644
8.66827179473238e-07,1958.5253308191698
8.641252297869129e-07,1959.8788349688286
8.614312409327701e-07,1961.2332745026024
8.58745190972969e-07,1962.5886500669194
8.560670580253381e-07,1963.9449623086546
8.533968202632392e-07,1965.3022118751305
8.507344559154528e-07,1966.6603994141162
8.480799432660374e-07,1968.0195255738292
8.45433260654216e-07,1969.3795910029341
8.427943864742421e-07,1970.7405963505448
8.401632991752792e-07,1972.102542266223
8.375399772612704e-07,1973.4654293999797
8.349243992908217e-07,1974.829258402277
8.323165438770722e-07,1976.1940299240205
8.297163896875644e-07,1977.5597446165714
8.271239154441266e-07,1978.9264031317396
8.245390999227485e-07,1980.294006121785
8.219619219534536e-07,1981.6625542394188
8.193923604201826e-07,1983.0320481378023
8.168303942606616e-07,1984.402488470549
8.142760024662818e-07,1985.7738758917242
8.117291640819819e-07,1987.1462110558443
8.091898582061169e-07,1988.5194946178792
8.066580639903406e-07,1989.8937272332505
8.041337606394885e-07,1991.2689095578335
8.016169274114445e-07,1992.6450422479559
7.991075436170254e-07,1994.0221259603995
7.96605588619861e-07,1995.4001613524003
7.941110418362682e-07,1996.779149081648
7.916238827351362e-07,1998.1590898062889
7.891440908378058e-07,1999.5399841849182
7.866716457179378e-07,2000.9218328765921
7.842065270014022e-07,2002.3046365408209
7.817487143661583e-07,2003.6883958375697
7.79298187542136e-07,2005.0731114272603
7.768549263111097e-07,2006.4587839707708
7.744189105065825e-07,2007.845414129436
7.719901200136692e-07,2009.2330025650479
7.695685347689752e-07,2010.6215499398556
7.671541347604791e-07,2012.0110569165658
7.647469000274088e-07,2013.4015241583436
7.623468106601378e-07,2014.792952328812
7.599538468000501e-07,2016.1853420920527
7.575679886394346e-07,2017.5786941126064
7.551892164213582e-07,2018.9730090554735
7.528175104395588e-07,2020.368287586113
7.504528510383171e-07,2021.7645303704467
7.480952186123588e-07,2023.1617380748498
7.457445936067123e-07,2024.5599113661647
7.434009565166116e-07,2025.9590509116924
7.410642878873714e-07,2027.3591573791953
7.387345683142752e-07,2028.7602314368964
7.364117784424626e-07,2030.1622737534817
7.340958989668042e-07,2031.5652849980984
7.317869106317965e-07,2032.9692658403567
7.294847942314395e-07,2034.3742169503291
7.271895306091282e-07,2035.7801389985518
7.249011006575346e-07,2037.1870326560236
7.22619485318492e-07,2038.5948985942077
7.203446655828898e-07,2040.003737485031
7.18076622490546e-07,2041.4135500008847
7.158153371301061e-07,2042.824336814625
7.135607906389196e-07,2044.2360985995747
7.113129642029386e-07,2045.6488360295161
7.090718390565976e-07,2047.0625497787034
7.068373964826966e-07,2048.4772405218546
7.04609617812298e-07,2049.892908934153
7.023884844246094e-07,2051.309555691251
7.001739777468714e-07,2052.727181469265
6.979660792542479e-07,2054.1457869447804
6.957647704697177e-07,2055.56537279485
6.935700329639551e-07,2056.9859396969946
6.913818483552239e-07,2058.407488329202
6.892001983092662e-07,2059.83001936993
6.87025064539193e-07,2061.2535334981044
6.848564288053678e-07,2062.6780313931213
6.826942729153092e-07,2064.1035137348445
6.805385787235656e-07,2065.529981203609
6.783893281316154e-07,2066.9574344802204
6.762465030877535e-07,2068.385874245955
6.741100855869874e-07,2069.8153011825557
6.719800576709187e-07,2071.2457159722417
6.698564014276455e-07,2072.677119297701
6.677390989916441e-07,2074.1095118420953
6.656281325436653e-07,2075.542894289056
6.635234843106248e-07,2076.97726732269
6.614251365654981e-07,2078.4126316275733
6.593330716272071e-07,2079.8489878887585
6.572472718605231e-07,2081.286336791769
6.551677196759464e-07,2082.724679022603
6.530943975296073e-07,2084.1640152677332
6.510272879231574e-07,2085.6043462141065
6.489663734036608e-07,2087.0456725491435
6.469116365634968e-07,2088.4879949607416
6.44863060040239e-07,2089.931314137272
6.428206265165605e-07,2091.3756307675826
6.407843187201215e-07,2092.8209455409988
6.387541194234757e-07,2094.267259147317
6.36730011443944e-07,2095.714572276816
6.347119776435342e-07,2097.1628856202487
6.327000009288121e-07,2098.6121998688477
6.306940642508156e-07,2100.0625157143204
6.286941506049391e-07,2101.5138338488546
6.267002430308318e-07,2102.966154965115
6.24712324612302e-07,2104.419479756246
6.227303784771975e-07,2105.87380891587
6.207543877973152e-07,2107.32914313809
6.187843357882915e-07,2108.785483117487
6.168202057094992e-07,2110.242829549124
6.148619808639465e-07,2111.7011831285427
6.129096445981781e-07,2113.160544551766
6.109631803021619e-07,2114.620914515299
6.090225714091921e-07,2116.082293716128
6.070878013957956e-07,2117.544682851716
6.051588537816147e-07,2119.0080826200146
6.03235712129313e-07,2120.472493719455
6.013183600444798e-07,2121.9379168489513
5.994067811755163e-07,2123.4043527079
5.97500959213542e-07,2124.871801996183
5.956008778922948e-07,2126.340265414163
5.937065209880241e-07,2127.809743662688
5.918178723194011e-07,2129.280237443091
5.899349157474046e-07,2130.7517474571896
5.880576351752313e-07,2132.224274407285
5.861860145481914e-07,2133.6978189961656
5.843200378536111e-07,2135.1723819271033
5.824596891207308e-07,2136.6479639038585
5.806049524206067e-07,2138.1245656306764
5.787558118660165e-07,2139.602187812289
5.769122516113489e-07,2141.0808311539176
5.750742558525212e-07,2142.560496361265
5.732418088268645e-07,2144.0411841405275
5.714148948130327e-07,2145.5228951983877
5.695934981309117e-07,2147.0056302420157
5.677776031415079e-07,2148.4893899790713
5.659671942468586e-07,2149.9741751177035
5.641622558899333e-07,2151.4599863665494
5.623627725545363e-07,2152.946824434737
5.605687287652082e-07,2154.4346900318847
5.587801090871343e-07,2155.9235838680993
5.569968981260403e-07,2157.41350665398
5.552190805281009e-07,2158.9044591006177
5.534466409798414e-07,2160.3964419195927
5.516795642080419e-07,2161.8894558229786
5.499178349796464e-07,2163.3835015233403
5.481614381016578e-07,2164.8785797337355
5.464103584210475e-07,2166.374691167717
5.446645808246659e-07,2167.8718365393242
5.429240902391368e-07,2169.370016563096
5.411888716307647e-07,2170.8692319540637
5.394589100054512e-07,2172.369483427751
5.377341904085846e-07,2173.8707717001794
5.360146979249555e-07,2175.3730974878613
5.343004176786603e-07,2176.876461507807
5.325913348330086e-07,2178.3808644775213
5.30887434590426e-07,2179.8863071150054
5.291887021923635e-07,2181.392790138756
5.274951229192072e-07,2182.9003142677666
5.258066820901767e-07,2184.408880221528
5.241233650632402e-07,2185.9184887200277
5.224451572350167e-07,2187.429140483751
5.207720440406858e-07,2188.940836233681
5.19104010953896e-07,2190.453576691301
5.174410434866752e-07,2191.967362578587
5.157831271893284e-07,2193.4821946180205
5.141302476503568e-07,2194.9980735325794
5.124823904963605e-07,2196.5150000457415
5.108395413919494e-07,2198.0329748814847
5.092016860396535e-07,2199.551998764288
5.075688101798283e-07,2201.072072419129
5.059408995905652e-07,2202.593196571489
5.043179400876013e-07,2204.115371947348
5.026999175242298e-07,2205.6385992731903
5.010868177912074e-07,2207.1628792760002
4.994786268166707e-07,2208.6882126832647
4.978753305660363e-07,2210.214600222975
4.962769150419187e-07,2211.742042623624
4.946833662840381e-07,2213.2705406142086
4.930946703691316e-07,2214.800094924229
4.915108134108607e-07,2216.3307062836925
4.899317815597368e-07,2217.862375423104
4.883575610030098e-07,2219.3951030734797
4.867881379645955e-07,2220.9288899663384
4.852234987049838e-07,2222.4637368337053
4.836636295211482e-07,2223.9996444081107
4.821085167464591e-07,2225.5366134225924
4.805581467506002e-07,2227.074644610693
4.790125059394727e-07,2228.613738706463
4.774715807551137e-07,2230.153896444461
4.7593535767560847e-07,2231.695118559752
4.7440382321500074e-07,2233.2374057879083
4.7287696392320723e-07,2234.780758865013
4.713547663859346e-07,2236.325178527656
4.698372172245871e-07,2237.8706655129367
4.683243030961819e-07,2239.417220558464
4.668160106932669e-07,2240.9648444023564
4.6531232674382505e-07,2242.5135377832453
4.638132380112073e-07,2244.0633014402647
4.623187312940249e-07,2245.614136113067
4.608287934260771e-07,2247.166042541814
4.593434112762631e-07,2248.7190214671773
4.5786257174849655e-07,2250.273073630342
4.563862617816199e-07,2251.828199773005
4.549144683493249e-07,2253.384400637375
4.534471784600604e-07,2254.941676966175
4.519843791569521e-07,2256.5000295026393
4.5052605751771807e-07,2258.059458990518
4.490722006545846e-07,2259.6199661740743
4.476227957142055e-07,2261.181551798085
4.4617782987757145e-07,2262.744216607843
4.4473729035993227e-07,2264.307961349155
4.4330116441071187e-07,2265.872786768344
4.418694393134242e-07,2267.438693612251
4.4044210238559475e-07,2269.0056826282253
4.3901914097867396e-07,2270.5737545641405
4.376005424779528e-07,2272.1429101683843
4.3618629430248393e-07,2273.7131501898625
4.3477638390499874e-07,2275.2844753779973
4.3337079877182394e-07,2276.856886482729
4.319695264228054e-07,2278.4303842545164
4.3057255441121747e-07,2280.0049694443373
4.291798703236864e-07,2281.580642803688
4.2779146178011025e-07,2283.1574050845848
4.264073164335757e-07,2284.7352570395624
4.250274219702772e-07,2286.3141994216767
4.236517661094353e-07,2287.8942329845036
4.2228033660322134e-07,2289.47535848214
4.209131212366695e-07,2291.0575766692036
4.1955010782759983e-07,2292.6408883008344
4.181912842265382e-07,2294.225294132695
4.1683663831663844e-07,2295.8107949209652
4.154861580136019e-07,2297.397391422353
4.141398312655923e-07,2298.985084394087
4.127976460531617e-07,2300.5738745939207
4.114595903891722e-07,2302.163762780129
4.1012565231871297e-07,2303.754749711513
4.087958199190223e-07,2305.346836147396
4.074700812994141e-07,2306.940022847628
4.061484246011903e-07,2308.534310572583
4.0483083799757016e-07,2310.1297000831605
4.0351730969360615e-07,2311.7261921407867
4.022078279261114e-07,2313.3237875074133
4.0090238096357817e-07,2314.9224869455184
3.996009571061e-07,2316.522291218108
3.9830354468529836e-07,2318.1232010887143
3.9701013206423817e-07,2319.7252173214
3.957207076373601e-07,2321.3283406807486
3.9443525983039106e-07,2322.93257193188
3.931537771002813e-07,2324.537911840439
3.918762479351156e-07,2326.1443611726
3.9060266085404424e-07,2327.7519206950674
3.893330044072028e-07,2329.3605911750756
3.880672671756385e-07,2330.9703733803885
3.868054377712317e-07,2332.581268079301
3.8554750483662345e-07,2334.1932760406385
3.8429345704513595e-07,2335.8063980337583
3.830432831006992e-07,2337.420634828549
3.81796971737774e-07,2339.0359871954315
3.8055451172127863e-07,2340.6524559053596
3.793158918465136e-07,2342.2700417298183
3.780811009390835e-07,2343.8887454408277
3.7685012785482896e-07,2345.5085678109403
3.7562296147974275e-07,2347.129509613245
3.743995907299069e-07,2348.7515716213575
3.7318000455140635e-07,2350.3747546094364
3.7196419192026235e-07,2351.9990593521716
3.707521418423579e-07,2353.62448662479
3.695438433533622e-07,2355.251037203052
3.6833928551865704e-07,2356.8787118632563
3.671384574332645e-07,2358.5075113822368
3.6594134822177215e-07,2360.1374365373645
3.647479470382617e-07,2361.7684881065484
3.6355824306623696e-07,2363.4006668682337
3.623722255185464e-07,2365.0339736014043
3.611898836373149e-07,2366.668409085583
3.6001120669386884e-07,2368.30397410083
3.5883618398866546e-07,2369.9406694277463
3.5766480485121956e-07,2371.578495847471
3.564970586400306e-07,2373.2174541416834
3.5533293474251405e-07,2374.8575450926055
3.5417242257492854e-07,2376.498769482993
3.530155115823004e-07,2378.1411280961483
3.518621912383552e-07,2379.784621715915
3.507124510454513e-07,2381.4292511266763
3.49566280534498e-07,2383.075017113359
3.484236692648952e-07,2384.7219204614316
3.472846068244553e-07,2386.3699619569056
3.4614908282933675e-07,2388.0191423863357
3.450170869239727e-07,2389.6694625368195
3.4388860878099775e-07,2391.3209231960004
3.427636381011846e-07,2392.9735251520638
3.4164216461336625e-07,2394.6272691937415
3.405241780743704e-07,2396.2821561103096
3.394096682689502e-07,2397.9381866915896
3.382986250097117e-07,2399.5953617279497
3.371910381370456e-07,2401.253682010306
3.3608689751906476e-07,2402.9131483301135
3.349861930515231e-07,2404.5737614793825
3.33888914657754e-07,2406.235522250667
3.327950522885992e-07,2407.8984314370705
3.317045959223451e-07,2409.5624898322426
3.3061753556464676e-07,2411.2276982303824
3.29533861248464e-07,2412.8940574262383
3.284535630339932e-07,2414.561568215107
3.2737663100859735e-07,2416.2302313928353
3.26303055286741e-07,2417.9000477558193
3.2523282600991853e-07,2419.571018101007
3.241659333465921e-07,2421.243143225896
3.23102367492119e-07,2422.9164239285346
3.2204211866868624e-07,2424.5908610075244
3.209851771252447e-07,2426.2664552620167
3.199315331374404e-07,2427.9432074917167
3.1888117700754663e-07,2429.6211184968843
3.1783409906440587e-07,2431.3001890783244
3.1679028966334973e-07,2432.980420037404
3.1574973918614037e-07,2434.6618121760403
3.14712438040905e-07,2436.3443662967047
3.136783766620656e-07,2438.0280832024246
3.1264754551027946e-07,2439.7129636967807
3.1161993507236526e-07,2441.399008583909
3.1059553586124324e-07,2443.0862186685035
3.0957433841586734e-07,2444.7745947558114
3.0855633330116107e-07,2446.4641376516383
3.075415111079506e-07,2448.154848162346
3.065298624529033e-07,2449.846727094853
3.055213779784576e-07,2451.5397752566373
3.045160483527618e-07,2453.2339934557326
3.0351386426960914e-07,2454.929382500733
3.025148164483715e-07,2456.62594320079
3.01518895633936e-07,2458.3236763656178
3.005260925966456e-07,2460.0225828054813
2.995363981322253e-07,2461.7226633312152
2.9854980306172584e-07,2463.4239187542094
2.9756629823145625e-07,2465.1263498864164
2.965858745129233e-07,2466.829957540349
2.9560852280276385e-07,2468.534742529082
2.9463423402268777e-07,2470.2407056662514
2.936629991194074e-07,2471.947847766056
2.9269480906457936e-07,2473.6561696432573
2.9172965485474036e-07,2475.3656721131797
2.907675275112437e-07,2477.0763559917114
2.898084180801973e-07,2478.788222095304
2.888523176324032e-07,2480.501271240973
2.8789921726329087e-07,2482.2155042462996
2.86949108092858e-07,2483.9309219294296
2.860019812656054e-07,2485.647525109076
2.8505782795048494e-07,2487.365314604511
2.8411663934082257e-07,2489.0842912355797
2.8317840665426663e-07,2490.804455822692
2.822431211327244e-07,2492.5258091868245
2.8131077404230037e-07,2494.2483521495215
2.803813566732351e-07,2495.972085532894
2.794548603398423e-07,2497.6970101596226
2.7853127638045333e-07,2499.4231268529547
2.7761059615734913e-07,2501.150436436709
2.76692811056704e-07,2502.8789397352707
2.7577791248852424e-07,2504.608637573597
2.7486589188658763e-07,2506.3395307772143
2.739567407083819e-07,2508.0716201722194
2.7305045043504853e-07,2509.80490658528
2.72147012571317e-07,2511.5393908436363
2.712464186454495e-07,2513.275073775098
2.703486602091771e-07,2515.0119562080513
2.6945372883764654e-07,2516.750038971446
2.6856161612935506e-07,2518.4893228948135
2.67672313706092e-07,2520.2298088082553
2.6678581321288053e-07,2521.9714975424463
2.659021063179192e-07,2523.714389928636
2.650211847125214e-07,2525.458486798649
2.641430401110585e-07,2527.2037889848825
2.63267664250899e-07,2528.9502973203116
2.6239504889235223e-07,2530.6980126384856
2.6152518581860847e-07,2532.4469357735293
2.606580668356804e-07,2534.197067560146
2.5979368377234623e-07,2535.9484088336135
2.5893202848008943e-07,2537.700960429789
2.580730928330462e-07,2539.4547231851056
2.5721686872794063e-07,2541.209697936575
2.563633480840315e-07,2542.9658855217886
2.555125228430526e-07,2544.723286778917
2.5466438496915916e-07,2546.481902546704
2.5381892644886764e-07,2548.24173366448
2.529761392909964e-07,2550.002780972153
2.5213601552661354e-07,2551.7650453102115
2.51298547208977e-07,2553.5285275197252
2.5046372641347865e-07,2555.2932284423446
2.496315452375889e-07,2557.059148920302
2.4880199580079754e-07,2558.826289796412
2.479750702445611e-07,2560.5946519140703
2.471507607322433e-07,2562.3642361172574
2.463290594490597e-07,2564.1350432505365
2.45509958602024e-07,2565.9070741590535
2.446934504198896e-07,2567.680329688539
2.43879527153094e-07,2569.454810685309
2.430681810737077e-07,2571.2305179962627
2.422594044753703e-07,2573.007452468888
2.4145318967324557e-07,2574.7856149512504
2.406495290039565e-07,2576.5650062920104
2.3984841482553614e-07,2578.345627340411
2.390498395173728e-07,2580.127478946282
2.3825379548015122e-07,2581.910561960042
2.3746027513580146e-07,2583.6948772326964
2.3666927092744317e-07,2585.480425615838
2.3588077531933062e-07,2587.26720796165
2.3509478079680085e-07,2589.0552251229024
2.3431127986621644e-07,2590.8444779529555
2.3353026505491233e-07,2592.6349673057603
2.327517289111431e-07,2594.426694035856
2.3197566400402768e-07,2596.2196589983746
2.3120206292349736e-07,2598.0138630490364
2.3043091828023926e-07,2599.8093070441555
2.2966222270564848e-07,2601.6059918406368
2.2889596885176723e-07,2603.4039182959796
2.2813214939123942e-07,2605.203087268268
2.2737075701725107e-07,2607.0034996161885
2.2661178444348033e-07,2608.8051561990164
2.2585522440404686e-07,2610.608057876622
2.2510106965345417e-07,2612.412205509469
2.2434931296654068e-07,2614.217599958617
2.2359994713842666e-07,2616.0242420857194
2.228529649844605e-07,2617.8321327530257
2.2210835934016809e-07,2619.641272823381
2.213661230611996e-07,2621.4516631602273
2.2062624902327976e-07,2623.263304627603
2.1988873012215273e-07,2625.076198090143
2.1915355927353226e-07,2626.8903444130806
2.1842072941304986e-07,2628.7057444622465
2.1769023349620255e-07,2630.52239910407
2.1696206449830395e-07,2632.340309205579
2.1623621541442936e-07,2634.159475634404
2.155126792593688e-07,2635.9798992587653
2.147914490675712e-07,2637.8015809474937
2.1407251789309665e-07,2639.624521570016
2.1335587880956739e-07,2641.4487219963603
2.1264152491011176e-07,2643.2741830971554
2.1192944930731777e-07,2645.1009057436336
2.1121964513318197e-07,2646.928890807627
2.1051210553905866e-07,2648.7581391615713
2.0980682369560904e-07,2650.588651678506
2.0910379279275249e-07,2652.4204292320724
2.0840300603961688e-07,2654.253472696516
2.0770445666448653e-07,2656.0877829466867
2.0700813791475455e-07,2657.9233608580394
2.0631404305687196e-07,2659.760207306633
2.0562216537629847e-07,2661.5983231691334
2.049324981774544e-07,2663.437709322813
2.0424503478367153e-07,2665.278366645544
2.0355976853713992e-07,2667.120296015812
2.0287669279886331e-07,2668.963498312709
2.0219580094860849e-07,2670.8079744159327
2.015170863848561e-07,2672.653725205789
2.00840542524754e-07,2674.5007515631937
2.0016616280406638e-07,2676.349054369669
1.994939406771254e-07,2678.1986345073483
1.9882386961678425e-07,2680.0494928589737
1.9815594311436848e-07,2681.901630307897
1.9749015467962616e-07,2683.755047738082
1.9682649784068398e-07,2685.609746034101
1.9616496614399446e-07,2687.4657260811405
1.9550555315429094e-07,2689.322988764996
1.9484825245453925e-07,2691.1815349720773
1.9419305764589075e-07,2693.041365589405
1.9353996234763237e-07,2694.9024815046173
1.928889601971458e-07,2696.7648836059557
1.922400448498513e-07,2698.628572782285
1.9159320997916657e-07,2700.4935499230814
1.9094844927645825e-07,2702.3598159184357
1.903057564509935e-07,2704.2273716590535
1.8966512522989787e-07,2706.0962180362562
1.8902654935810244e-07,2707.9663559419814
1.8839002259830088e-07,2709.837786268783
1.87755538730903e-07,2711.710509909831
1.8712309155398672e-07,2713.584527758914
1.8649267488325275e-07,2715.4598407104377
1.8586428255198037e-07,2717.336449659425
1.8523790841097778e-07,2719.214355501518
1.8461354632853786e-07,2721.093559132979
1.8399119019039313e-07,2722.9740614506873
1.8337083389966896e-07,2724.8558633521443
1.8275247137683692e-07,2726.7389657354724
1.8213609655967537e-07,2728.6233694994085
1.8152170340321453e-07,2730.5090755433166
1.8090928587969816e-07,2732.3960847671815
1.802988379785358e-07,2734.284398071609
1.7969035370625874e-07,2736.174016357827
1.790838270864735e-07,2738.0649405276868
1.7847925215982e-07,2739.957171483663
1.7787662298392314e-07,2741.8507101288537
1.7727593363335025e-07,2743.7455573669804
1.766771781995665e-07,2745.641714102391
1.7608035079088956e-07,2747.5391812400558
1.754854455324471e-07,2749.4379596855724
1.7489245656613031e-07,2751.3380503451644
1.7430137805055097e-07,2753.239454125681
1.7371220416099715e-07,2755.142171934597
1.731249290893892e-07,2757.0462046800194
1.725395470442375e-07,2758.951553270673
1.71956052250597e-07,2760.858218615919
1.7137443895002306e-07,2762.7662016257445
1.7079470140052992e-07,2764.6755032107662
1.702168338765455e-07,2766.5861242822284
1.696408306688701e-07,2768.498065752007
1.6906668608463086e-07,2770.411328532606
1.6849439444724155e-07,2772.3259135371627
1.6792395009635685e-07,2774.241821679443
1.673553473878304e-07,2776.159053873846
1.667885806936728e-07,2778.077611035402
1.6622364440200806e-07,2779.9974940797724
1.656605329170311e-07,2781.9187039232543
1.650992406589666e-07,2783.8412414827753
1.6453976206402457e-07,2785.7651076758984
1.6398209158435917e-07,2787.69030342082
1.6342622368802582e-07,2789.616829636374
1.62872152858941e-07,2791.5446872420202
1.6231987359683927e-07,2793.4738771578636
1.6176938041722966e-07,2795.404400304641
1.6122066785135604e-07,2797.3362576037266
1.606737304461549e-07,2799.26944997713
1.6012856276421352e-07,2801.2039783474997
1.5958515938372822e-07,2803.1398436381205
1.590435148984655e-07,2805.0770467729153
1.5850362391771648e-07,2807.015588676446
1.5796548106625878e-07,2808.9554702739138
1.5742908098431443e-07,2810.8966924911583
1.5689441832750945e-07,2812.83925625466
1.563614877668317e-07,2814.7831624915384
1.558302839885933e-07,2816.7284121295547
1.5530080169438495e-07,2818.6750060971112
1.547730356010394e-07,2820.6229453232513
1.542469804405892e-07,2822.572230737664
1.5372263096022721e-07,2824.5228632706717
1.531999819222666e-07,2826.474843853248
1.5267902810409776e-07,2828.4281734170077
1.5215976429815163e-07,2830.3828528942095
1.516421853118584e-07,2832.3388832177557
1.5112628596760727e-07,2834.2962653211935
1.5061206110270715e-07,2836.2550001387153
1.500995055693459e-07,2838.21508860516
1.4958861423455362e-07,2840.1765316560113
1.490793819801591e-07,2842.1393302273996
1.4857180370275294e-07,2844.103485256103
1.4806587431364795e-07,2846.068997679546
1.47561588738839e-07,2848.035868435802
1.470589419189644e-07,2850.0040984635916
1.4655792880926826e-07,2851.973688702285
1.460585443795579e-07,2853.9446400919037
1.4556078361416974e-07,2855.916953573111
1.4506464151192636e-07,2857.8906300872286
1.4457011308609957e-07,2859.8656705762255
1.4407719336437178e-07,2861.8420759827222
1.4358587738879885e-07,2863.8198472499903
1.4309616021576849e-07,2865.7989853219533
1.4260803691596467e-07,2867.779491143187
1.4212150257432833e-07,2869.7613656589206
1.416365522900189e-07,2871.7446098150353
1.411531811763787e-07,2873.729224558067
1.4067138436089071e-07,2875.7152108352057
1.401911569851445e-07,2877.7025695942953
1.397124942047966e-07,2879.691301783835
1.3923539118953387e-07,2881.6814083529803
1.387598431230339e-07,2883.672890251542
1.3828584520293172e-07,2885.6657484299867
1.3781339264077657e-07,2887.6599838394413
1.3734248066200062e-07,2889.655597431682
1.3687310450587676e-07,2891.6525901591503
1.3640525942548402e-07,2893.650962974944
1.3593894068767114e-07,2895.6507168328185
1.3547414357301753e-07,2897.651852687189
1.350108633757977e-07,2899.654371493131
1.345490954039443e-07,2901.6582742063783
1.3408883497901154e-07,2903.6635617833267
1.3363007743613867e-07,2905.670235181032
1.331728181240122e-07,2907.678295357212
1.3271705240483255e-07,2909.687743270246
1.3226277565427448e-07,2911.6985798791757
1.3180998326145194e-07,2913.7108061437057
1.3135867062888265e-07,2915.724423024204
1.3090883317245167e-07,2917.739431481702
1.3046046632137403e-07,2919.7558324778984
1.3001356551816317e-07,2921.773626975147
1.2956812621858902e-07,2923.792815936477
1.291241438916466e-07,2925.813400325578
1.286816140195191e-07,2927.8353811068077
1.2824053209754173e-07,2929.8587592451895
1.2780089363416878e-07,2931.8835357064127
1.2736269415093487e-07,2933.909711456836
1.2692592918242158e-07,2935.9372874634837
1.2649059427622216e-07,2937.96626469405
1.2605668499290618e-07,2939.9966441168976
1.25624196905984e-07,2942.028426701058
1.2519312560187388e-07,2944.0616134162324
1.247634666798643e-07,2946.0962052327923
1.2433521575208105e-07,2948.1322031217796
1.2390836844345178e-07,2950.169608054908
1.2348292039167203e-07,2952.2084210045623
1.2305886724716944e-07,2954.2486429438018
1.2263620467307296e-07,2956.2902748463493
1.2221492834517288e-07,2958.333317686611
1.2179503395189102e-07,2960.377772439661
1.2137651719424444e-07,2962.4236400812497
1.2095937378581244e-07,2964.4709215878
1.2054359945270142e-07,2966.5196179364116
1.2012918993351334e-07,2968.569730104857
1.1971614097930851e-07,2970.6212590715863
1.1930444835357408e-07,2972.6742058157247
1.1889410783218999e-07,2974.728571317075
1.184851152033947e-07,2976.784356556116
1.180774662677534e-07,2978.841562514005
1.1767115683812234e-07,2980.9001901725774
1.1726618273961739e-07,2982.9602405143464
1.1686253980957757e-07,2985.0217145225047
1.1646022389753835e-07,2987.0846131809244
1.1605923086519118e-07,2989.1489374741604
1.1565955658635534e-07,2991.2146883874393
1.1526119694694162e-07,2993.2818669066774
1.1486414784492478e-07,2995.350474018469
1.1446840519030382e-07,2997.4205107100906
1.1407396490507438e-07,2999.4919779695015
1.1368082292319414e-07,3001.5648767853427
1.1328897519055052e-07,3003.639208146939
1.1289841766492896e-07,3005.714973044299
1.1250914631597952e-07,3007.792172468115
1.1212115712518503e-07,3009.870807409765
1.1173444608582927e-07,3011.9508788613107
1.1134900920296398e-07,3014.0323878155
1.1096484249337788e-07,3016.1153352657675
1.1058194198556374e-07,3018.1997222062337
1.1020030371968622e-07,3020.2855496317065
1.0981992374755278e-07,3022.372818537683
1.0944079813257842e-07,3024.4615299203415
1.0906292294975528e-07,3026.551684776556
1.0868629428562175e-07,3028.643284103887
1.0831090823822978e-07,3030.736328900584
1.0793676091711645e-07,3032.8308201655873
1.0756384844326777e-07,3034.926758898527
1.0719216694909138e-07,3037.0241460997236
1.0682171257838336e-07,3039.12298277019
1.0645248148629832e-07,3041.2232699116294
1.0608446983931725e-07,3043.325008526438
1.0571767381521766e-07,3045.428199617706
1.0535208960304187e-07,3047.5328441892143
1.0498771340306647e-07,3049.63894324544
1.0462454142677189e-07,3051.746497791552
1.0426256989681118e-07,3053.8555088334156
1.0390179504697921e-07,3055.9659773775907
1.0354221312218471e-07,3058.0779044313363
1.0318382037841611e-07,3060.191291002597
1.0282661308271333e-07,3062.3061381000252
1.0247058751313706e-07,3064.422446732965
1.0211573995873807e-07,3066.5402179114594
1.0176206671952971e-07,3068.65945264625
1.0140956410645364e-07,3070.7801519487753
1.0105822844135281e-07,3072.9023168311737
1.0070805605694099e-07,3075.025948306283
1.0035904329677222e-07,3077.151047387642
1.0001118651521209e-07,3079.277615089487
9.96644820774072e-08,3081.4056524267585
9.93189263592562e-08,3083.5351604150965
9.897451574737992e-08,3085.6661400708435
9.863124663909173e-08,3087.798592411044
9.82891154423689e-08,3089.932518453446
9.794811857582163e-08,3092.0679192165003
9.760825246866762e-08,3094.204795719365
9.726951356069788e-08,3096.3431489818927
9.693189830225075e-08,3098.4829800246503
9.659540315418247e-08,3100.624289868908
9.626002458783696e-08,3102.76707953664
9.592575908502053e-08,3104.9113500505273
9.559260313796792e-08,3107.057102433959
9.526055324931716e-08,3109.204337711029
9.492960593208e-08,3111.353056906542
9.459975770961336e-08,3113.503261046008
9.427100511559035e-08,3115.6549511556473
9.394334469397272e-08,3117.8081282623893
9.361677299898177e-08,3119.9627933938727
9.329128659507033e-08,3122.1189475784468
9.296688205689434e-08,3124.2765918451705
9.264355596928534e-08,3126.435727223816
9.232130492722075e-08,3128.5963547448678
9.200012553579937e-08,3130.7584754395148
9.168001441020899e-08,3132.922090339667
9.136096817570135e-08,3135.087200477946
9.104298346756344e-08,3137.253806887685
9.072605693109012e-08,3139.4219106029327
9.041018522155563e-08,3141.5915126584514
9.009536500418854e-08,3143.762614089719
8.97815929541407e-08,3145.93521593293
8.946886575646172e-08,3148.109319224993
8.915718010607143e-08,3150.2849250035347
8.884653270773266e-08,3152.4620343068987
8.853692027602342e-08,3154.640648174145
8.822833953531066e-08,3156.8207676450534
8.792078721972194e-08,3159.002393760121
8.761426007311948e-08,3161.1855275605644
8.730875484907261e-08,3163.3701700883203
8.700426831083047e-08,3165.5563223860477
8.670079723129773e-08,3167.743985497117
8.63983383930036e-08,3169.93316046563
8.609688858807822e-08,3172.123848336405
8.57964446182251e-08,3174.3160501549837
8.549700329469457e-08,3176.509766967631
8.519856143825701e-08,3178.7049998213333
8.490111587917821e-08,3180.9017497638015
8.460466345718978e-08,3183.10001784347
8.43092010214655e-08,3185.2998051094983
8.40147254305938e-08,3187.501112611771
8.37212335525523e-08,3189.7039414008973
8.342872226468128e-08,3191.9082925282137
8.313718845365792e-08,3194.114167045783
8.284662901547004e-08,3196.321566006394
8.255704085539048e-08,3198.5304904635636
8.226842088795106e-08,3200.740941471538
8.198076603691634e-08,3202.952920085294
8.169407323526036e-08,3205.1664273605275
8.140833942513736e-08,3207.381464353674
8.112356155785831e-08,3209.5980321218967
8.083973659386522e-08,3211.8161317230883
8.055686150270573e-08,3214.0357642158733
8.027493326300662e-08,3216.256930659607
7.999394886245152e-08,3218.479632114377
7.97139052977514e-08,3220.703869641005
7.943479957462263e-08,3222.929644301044
7.915662870776037e-08,3225.1569571567807
7.887938972081429e-08,3227.385809271237
7.860307964636274e-08,3229.616201708169
7.832769552588885e-08,3231.8481355320673
7.805323440975475e-08,3234.0816118081593
7.777969335717715e-08,3236.3166316024076
7.750706943620208e-08,3238.5531959815153
7.72353597236826e-08,3240.791306012912
7.696456130525033e-08,3243.0309627647766
7.669467127529358e-08,3245.272167306021
7.6425686736932e-08,3247.514920706297
7.615760480199261e-08,3249.7592240359945
7.589042259098477e-08,3252.0050783662446
7.562413723307666e-08,3254.2524847689174
7.535874586606972e-08,3256.5014443166247
7.50942456363773e-08,3258.7519580827184
7.483063369899689e-08,3261.0040271412936
7.456790721748826e-08,3263.257652567187
7.430606336394915e-08,3265.512835435977
7.404509931899129e-08,3267.769576823988
7.37850122717162e-08,3270.027877808285
7.352579941969187e-08,3272.28773946668
7.326745796892872e-08,3274.5491628777286
7.30099851338553e-08,3276.812149120735
7.275337813729725e-08,3279.0766992757394
7.249763421045005e-08,3281.3428144235395
7.224275059285774e-08,3283.6104956456747
7.198872453238915e-08,3285.879744024434
7.173555328521436e-08,3288.150560642852
7.148323411578151e-08,3290.4229465847134
7.123176429679333e-08,3292.6969029345514
7.098114110918355e-08,3294.9724307776487
7.073136184209595e-08,3297.2495312000383
7.048242379285788e-08,3299.528205288503
7.023432426695946e-08,3301.8084541305775
6.998706057803022e-08,3304.0902788145477
6.974063004781585e-08,3306.3736804294517
6.94950300061559e-08,3308.65866006508
6.925025779096033e-08,3310.9452188119762
6.90063107481874e-08,3313.233357761438
6.876318623181982e-08,3315.5230780055203
6.852088160384518e-08,3317.8143806370226
6.8279394234229e-08,3320.10726674951
6.803872150089553e-08,3322.4017374372993
6.779886078970391e-08,3324.697793795465
6.755980949442638e-08,3326.995436919836
6.73215650167256e-08,3329.294667907001
6.70841247661325e-08,3331.595487854305
6.684748616002406e-08,3333.897897859852
6.661164662360081e-08,3336.2018990225047
6.637660358986637e-08,3338.507492441885
6.614235449960286e-08,3340.814679218375
6.590889680135052e-08,3343.123460453118
6.56762279513857e-08,3345.4338372480156
6.544434541369843e-08,3347.7458107057346
6.521324665997137e-08,3350.0593819297014
6.498292916955663e-08,3352.3745520241087
6.475339042945715e-08,3354.6913220939027
6.452462793430099e-08,3357.0096932448027
6.429663918632251e-08,3359.32966658329
6.406942169533997e-08,3361.6512432166082
6.384297297873429e-08,3363.974424252769
6.361729056142735e-08,3366.299210800548
6.339237197586087e-08,3368.6256039694867
6.316821476197491e-08,3370.953604869895
6.294481646718694e-08,3373.283214612849
6.272217464637029e-08,3375.614434310193
6.250028686183261e-08,3377.9472650745397
6.227915068329691e-08,3380.28170801927
6.20587636878774e-08,3382.6177642585358
6.183912346006065e-08,3384.9554349072573
6.162022759168395e-08,3387.2947210811258
6.140207368191462e-08,3389.6356238966046
6.118465933722864e-08,3391.97814447093
6.096798217139207e-08,3394.3222839221025
6.075203980543689e-08,3396.6680433689035
6.053682986764275e-08,3399.015423930885
6.032234999351582e-08,3401.3644267283726
6.010859782576814e-08,3403.7150528824664
5.989557101429718e-08,3406.0673035150407
5.968326721616538e-08,3408.4211797487455
5.947168409557972e-08,3410.7766827070072
5.926081932387159e-08,3413.1338135140277
5.9050670579476367e-08,3415.4925732947854
5.884123554791256e-08,3417.852963175038
5.863251192176382e-08,3420.2149842813187
5.8424497400655925e-08,3422.5786377409418
5.8217189691238444e-08,3424.943924681999
5.8010586507164236e-08,3427.3108462333616
5.78046855690699e-08,3429.679403524682
5.759948460455486e-08,3432.049597686396
5.739498134816374e-08,3434.421429849711
5.719117354136352e-08,3436.794901146625
5.698805893252584e-08,3439.1700127099166
5.6785635276906766e-08,3441.546765673146
5.658390033662704e-08,3443.925161170658
5.638285188065265e-08,3446.30520033758
5.61824876847752e-08,3448.686884309825
5.5982805531592385e-08,3451.0702142240903
5.5783803210488586e-08,3453.4551912178586
5.5585478517615446e-08,3455.841816429399
5.538782925587208e-08,3458.230090997768
5.519085323488769e-08,3460.6200160628077
5.4994548270999336e-08,3463.0115927651495
5.479891218723502e-08,3465.404822246212
5.460394281329357e-08,3467.799705648203
5.4409637985525536e-08,3470.1962441141236
5.4215995546915485e-08,3472.594438787753
5.4023013347060945e-08,3474.9942908136723
5.383068924215462e-08,3477.3958013372508
5.363902109496538e-08,3479.798971504648
5.3448006774819456e-08,3482.2038024628155
5.3257644157581565e-08,3484.610295359499
5.3067931125636013e-08,3487.0184513432364
5.287886556786826e-08,3489.4282715633585
5.269044537964619e-08,3491.839757169992
5.250266846280148e-08,3494.252909314058
5.2315532725611045e-08,3496.6677291472715
5.212903608277819e-08,3499.084217822146
5.194317645541565e-08,3501.502376491989
5.1757951771025e-08,3503.922206310907
5.157335996347972e-08,3506.3437084338025
5.1389398973006604e-08,3508.766884016377
5.120606674616695e-08,3511.1917342151346
5.102336123584014e-08,3513.618260187367
5.084128040120301e-08,3516.046463091177
5.065982220771333e-08,3518.476344085464
5.04789846270912e-08,3520.907904329928
5.029876563730138e-08,3523.3411449850714
5.011916322253509e-08,3525.776067212197
4.994017537319203e-08,3528.212672173412
4.976180008586253e-08,3530.6509610316257
4.958403536331004e-08,3533.090934950551
4.9406879214452905e-08,3535.5325950947054
4.92303296543469e-08,3537.9759426294104
4.9054384704167474e-08,3540.4209787207938
4.8879042391191814e-08,3542.8677045357895
4.8704300748782565e-08,3545.3161212421364
4.853015781636821e-08,3547.7662300083816
4.835661163942706e-08,3550.218032003879
4.8183660269469325e-08,3552.671528398796
4.801130176401954e-08,3555.1267203640955
4.78395341866004e-08,3557.583609071561
4.766835560671339e-08,3560.042195693784
4.749776409982307e-08,3562.5024814041644
4.732775774733941e-08,3564.964467376913
4.715833463660045e-08,3567.4281547870537
4.698949286085553e-08,3569.893544810421
4.6821230519247866e-08,3572.360638623663
4.6653545716797786e-08,3574.8294374042393
4.648643656438539e-08,3577.2999423304254
4.63199011787341e-08,3579.7721545813097
4.615393768239316e-08,3582.246075336796
4.5988544203721e-08,3584.721705777603
4.582371887686943e-08,3587.1990470852656
4.5659459841764954e-08,3589.6781004421355
4.549576524409329e-08,3592.158867031385
4.5332633235282736e-08,3594.641348036993
4.5170061972486974e-08,3597.125544643767
4.500804961856842e-08,3599.611458037332
4.484659434208322e-08,3602.0990894041292
4.468569431726236e-08,3604.588439931422
4.452534772399686e-08,3607.079510807293
4.4365552747820783e-08,3609.5723032206465
4.4206307579895016e-08,3612.0668183612083
4.404761041699089e-08,3614.563057419527
4.388945946147396e-08,3617.0610215869724
4.373185292128762e-08,3619.5607120557393
4.357478900993711e-08,3622.0621300188454
4.341826594647317e-08,3624.5652766701332
4.326228195547581e-08,3627.0701532042704
4.3106835267039307e-08,3629.57676081675
4.2951924116754335e-08,3632.0851007038914
4.279754674569338e-08,3634.5951740628443
4.264370140039444e-08,3637.106982091575
4.2490386332844994e-08,3639.620525988888
4.233759980046603e-08,3642.135806954414
4.2185340066097177e-08,3644.6528261886106
4.20336053979795e-08,3647.1715848927674
4.1882394069740746e-08,3649.692084269002
4.173170436037929e-08,3652.214325520265
4.158153455424876e-08,3654.738309850336
4.14318829410422e-08,3657.264038463828
4.128274781577663e-08,3659.7915125661866
4.113412747877738e-08,3662.3207333636897
4.098602023566294e-08,3664.851702063449
4.083842439732915e-08,3667.384419873411
4.069133827993405e-08,3669.9188880023557
4.054476020488209e-08,3672.4551076599005
4.0398688498810195e-08,3674.9930800565003
4.0253121493570604e-08,3677.5328064034366
4.0108057526216716e-08,3680.0742879128393
3.9963494938987834e-08,3682.617525797671
3.9819432079293546e-08,3685.1625212717345
3.967586729969995e-08,3687.70927554967
3.953279895791268e-08,3690.257789846957
3.939022541676312e-08,3692.808065379916
3.924814504419323e-08,3695.3601033657073
3.910655621324034e-08,3697.913905022333
3.8965457302022616e-08,3700.469471568636
3.88248466937239e-08,3703.0268042243024
3.8684722776578966e-08,3705.585904209861
3.85450839438588e-08,3708.146772746684
3.8405928593855934e-08,3710.709411056987
3.826725512986943e-08,3713.2738203638314
3.812906196019052e-08,3715.8400018911234
3.7991347498087614e-08,3718.407956863619
3.785411016179295e-08,3720.9776865069084
3.771734837448602e-08,3723.549192047441
3.7581060564280575e-08,3726.1224747125098
3.744524516420945e-08,3728.6975357302554
3.7309900612211223e-08,3731.2743763296685
3.717502535111409e-08,3733.8529977405874
3.704061782862285e-08,3736.4334011937017
3.690667649730409e-08,3739.015587920551
3.6773199814572244e-08,3741.599559153526
3.664018624267483e-08,3744.1853161258687
3.6507634248678836e-08,3746.772860071674
3.6375542304456054e-08,3749.36219222589
3.6243908886669464e-08,3751.953313824317
3.611273247675864e-08,3754.5462261036096
3.5982011560926146e-08,3757.1409303012783
3.585174463012331e-08,3759.7374276556875
3.572193018003592e-08,3762.3357194060623
3.559256671107181e-08,3764.9358067924713
3.5463652728344746e-08,3767.537691055853
3.533518674166197e-08,3770.1413734379985
3.5207167265510315e-08,3772.746855181558
3.5079592819041674e-08,3775.3541375300406
3.4952461926060776e-08,3777.9632217278136
3.482577311500969e-08,3780.574109020105
3.4699524918955197e-08,3783.186800653004
3.4573715875575014e-08,3785.801297873459
3.4448344527144095e-08,3788.4176019292827
3.432340942052109e-08,3791.035714069148
3.4198909107135045e-08,3793.6556355425923
3.4074842142971566e-08,3796.277367600015
3.395120708855958e-08,3798.900911492681
3.382800250895797e-08,3801.5262684727195
3.3705226973741885e-08,3804.153439793128
3.358287905699047e-08,3806.7824267077604
3.346095733727192e-08,3809.4132304713457
3.333946039763138e-08,3812.0458523394796
3.321838682557739e-08,3814.6802935686223
3.309773521306871e-08,3817.316555416105
3.297750415650106e-08,3819.954639140126
3.2857692256694655e-08,3822.594545999754
3.273829811888003e-08,3825.2362772549272
3.261932035268578e-08,3827.8798341664556
3.2500757572125294e-08,3830.525217996019
3.238260839558393e-08,3833.17243000617
3.226487144580571e-08,3835.8214714603346
3.214754534988105e-08,3838.47234362281
3.203062873923329e-08,3841.125047758769
3.191412024960612e-08,3843.779585134257
3.179801852105091e-08,3846.435957016196
3.1682322197913346e-08,3849.0941646723863
3.1567029928822085e-08,3851.754209371493
3.1452140366674324e-08,3854.4160923830696
3.1337652168624296e-08,3857.0798149775433
3.122356399607012e-08,3859.745378426219
3.110987451464159e-08,3862.41278400128
3.099658239418733e-08,3865.0820329757903
3.0883686308762355e-08,3867.7531266236915
3.077118493661603e-08,3870.426066219806
3.0659076960178776e-08,3873.1008530398394
3.0547361066050135e-08,3875.777488360376
3.043603594498645e-08,3878.4559734588843
3.03251002918884e-08,3881.1363096137147
3.021455280578871e-08,3883.8184981041013
3.0104392189839825e-08,3886.502540210162
2.9994617151301715e-08,3889.1884372129
2.988522640152968e-08,3891.8761903942036
2.9776218655961827e-08,3894.56580103685
2.9667592634108042e-08,3897.257270424493
2.955934705953641e-08,3899.950599841683
2.9451480659861848e-08,3902.645790573856
2.9343992166734186e-08,3905.342843907336
2.923688031582594e-08,3908.0417611293346
2.9130143846820434e-08,3910.742543527955
2.9023781503399382e-08,3913.4451923921893
2.89177920332323e-08,3916.1497090119205
2.88121741879629e-08,3918.8560946779235
2.8706926723198424e-08,3921.5643506818647
2.860204839849728e-08,3924.274478316304
2.8497537977357674e-08,3926.986478874693
2.8393394227205396e-08,3929.700353651379
2.828961591938254e-08,3932.4161039416026
2.8186201829135534e-08,3935.1337310415006
2.808315073560336e-08,3937.853236248108
2.798046142180686e-08,3940.5746208593446
2.7878132674635682e-08,3943.2978861740403
2.7776163284837856e-08,3946.0230334919183
2.767455204700771e-08,3948.7500641135985
2.7573297759574774e-08,3951.478979340601
2.7472399224791865e-08,3954.2097804753457
2.7371855248724123e-08,3956.9424688211516
2.7271664641237088e-08,3959.6770456822383
2.7171826215986252e-08,3962.4135123637275
2.707233879040454e-08,3965.1518701716427
2.6973201185691758e-08,3967.8921204129097
2.6874412226803102e-08,3970.6342643953576
2.6775970742438127e-08,3973.378303427719
2.6677875565029145e-08,3976.1242388196315
2.658012553073045e-08,3978.8720718816376
2.6482719479406996e-08,3981.6218039251853
2.638565625462285e-08,3984.3734362626333
2.6288934703631553e-08,3987.126970207234
2.619255367736305e-08,3989.8824070731616
2.6096512030414047e-08,3992.6397481754925
2.6000808621036703e-08,3995.3989948302133
2.59054423111275e-08,3998.1601483542186
2.5810411966216448e-08,4000.9232100653144
2.5715716455456093e-08,4003.688181282217
2.5621354651610646e-08,4006.455063324554
2.552732543104567e-08,4009.2238575128645
2.5433627673716273e-08,4011.994565168601
2.5340260263157024e-08,4014.767187614129
2.5247222086471048e-08,4017.5417261727275
2.5154512034319273e-08,4020.3181821685903
2.5062129000909728e-08,4023.0965569268265
2.4970071883987033e-08,4025.87685177346
2.4878339584821473e-08,4028.659068035433
2.478693100819849e-08,4031.443207040607
2.4695845062408774e-08,4034.229270117749
2.4605080659236498e-08,4037.017258596558
2.45146367139497e-08,4039.8071738076464
2.4424512145289416e-08,4042.599017082547
2.4334705875459477e-08,4045.3927897537123
2.4245216830115865e-08,4048.188493154516
2.415604393835655e-08,4050.986128619253
2.4067186132710786e-08,4053.7856974831407
2.397864234912895e-08,4056.5872010823186
2.389041152697274e-08,4059.39064075385
2.3802492609003783e-08,4062.196017835722
2.3714884541374283e-08,4065.0033336668475
2.3627586273616482e-08,4067.8125895870626
2.3540596758632505e-08,4070.6237869371307
2.3453914952684196e-08,4073.4369270587417
2.3367539815382724e-08,4076.252011294517
2.328147030967943e-08,4079.0690409879926
2.319570540185431e-08,4081.8880174836468
2.311024406150698e-08,4084.708942126881
2.30250852615464e-08,4087.5318162640283
2.294022797818068e-08,4090.356641242351
2.2855671190907416e-08,4093.183418410043
2.2771413882503565e-08,4096.012149116229
2.2687455039015515e-08,4098.842834710968
2.2603793649749384e-08,4101.6754765452515
2.2520428707260927e-08,4104.510075971001
2.243735920734564e-08,4107.346634341079
2.2354584149029707e-08,4110.185153009276
2.2272102534559147e-08,4113.025633330323
2.2189913369390632e-08,4115.868076659885
2.210801566218182e-08,4118.712484354565
2.2026408424781513e-08,4121.558857771903
2.194509067221984e-08,4124.407198270379
2.186406142269934e-08,4127.257507209405
2.1783319697584264e-08,4130.109785949339
2.170286452139182e-08,4132.964035851479
2.1622694921782188e-08,4135.820258278061
2.15428099295493e-08,4138.678454592266
2.146320857861104e-08,4141.538626158212
2.1383889906000002e-08,4144.400774340963
2.1304852951853913e-08,4147.264900506527
2.122609675940624e-08,4150.131006021855
2.114762037497681e-08,4152.999092254841
2.1069422847962232e-08,4155.869160574328
2.0991503230827298e-08,4158.741212350102
2.0913860579094532e-08,4161.615248952895
2.0836493951335758e-08,4164.49127175439
2.0759402409162445e-08,4167.369282127214
2.0682585017216706e-08,4170.249281444946
2.0606040843161602e-08,4173.131271082117
2.0529768957673067e-08,4176.015252414192
2.0453768434429333e-08,4178.901226817606
2.0378038350102653e-08,4181.789195669735
2.030257778434997e-08,4184.67916034891
2.022738581980396e-08,4187.571122234414
2.0152461542063792e-08,4190.4650827064825
2.007780403968615e-08,4193.361043146306
2.0003412404176342e-08,4196.259004936027
1.99292857299792e-08,4199.158969458747
1.9855423114470147e-08,4202.060938098521
1.978182365794615e-08,4204.96491224036
1.970848646361736e-08,4207.870893270233
1.9635410637597356e-08,4210.778882575068
1.9562595288894984e-08,4213.688881542748
1.9490039529405217e-08,4216.6008915621205
1.9417742473900246e-08,4219.514914022992
1.934570324002144e-08,4222.430950316119
1.9273920948269517e-08,4225.349001833232
1.9202394721996523e-08,4228.2690699670175
1.9131123687396794e-08,4231.191156111127
1.9060106973498666e-08,4234.115261660174
1.8989343712155294e-08,4237.041388009734
1.891883303803654e-08,4239.969536556348
1.8848574088619964e-08,4242.899708697526
1.8778566004182453e-08,4245.8319058317375
1.870880792779162e-08,4248.7661293584215
1.8639299005297306e-08,4251.702380677985
1.8570038385322745e-08,4254.640661191802
1.8501025219256966e-08,4257.580972302213
1.843225866124523e-08,4260.523315412531
1.8363737868181114e-08,4263.467691927037
1.8295461999698295e-08,4266.414103250982
1.8227430218161783e-08,4269.3625507905945
1.8159641688659637e-08,4272.313035953059
1.809209557899511e-08,4275.265560146548
1.8024791059677558e-08,4278.2201247802
1.7957727303914535e-08,4281.176731264131
1.7890903487603602e-08,4284.135381009431
1.7824318789323967e-08,4287.09607542816
1.7757972390328247e-08,4290.058815933359
1.7691863474534317e-08,4293.023603939046
1.762599122851708e-08,4295.990440860212
1.756035484150044e-08,4298.959328112831
1.7494953505348962e-08,4301.93026711385
1.7429786414560013e-08,4304.9032592812
1.736485276625529e-08,4307.878306033789
1.7300151760173505e-08,4310.855408791506
1.7235682598661454e-08,4313.834568975224
1.717144448666654e-08,4316.815788006794
1.7107436631728642e-08,4319.799067309055
1.7043658243972055e-08,4322.78440830582
1.698010853609807e-08,4325.771812421893
1.6916786723376182e-08,4328.7612810830615
1.6853692023636766e-08,4331.7528157161
1.679082365726314e-08,4334.746417748765
1.6728180847183643e-08,4337.742088609804
1.666576281886371e-08,4340.739829728949
1.6603568800298257e-08,4343.739642536921
1.654159802200374e-08,4346.741528465428
1.647984971701051e-08,4349.74548894717
1.6418323120854938e-08,4352.751525415836
1.6357017471571774e-08,4355.759639306107
1.629593200968643e-08,4358.769832053653
1.623506597820723e-08,4361.782105095138
1.6174418622618186e-08,4364.796459868218
1.611398919087054e-08,4367.812897811549
1.6053776933375996e-08,4370.831420364764
1.5993781102998373e-08,4373.852028968508
1.5934000955046978e-08,4376.8747250644155
1.587443574726806e-08,4379.899510095117
1.5815084739837857e-08,4382.92638550424
1.5755947195355052e-08,4385.955352736411
1.5697022378833148e-08,4388.986413237255
1.5638309557693057e-08,4392.019568453393
1.5579808001755757e-08,4395.054819832449
1.552151698323477e-08,4398.092168823045
1.5463435776728823e-08,4401.131616874806
1.540556365921435e-08,4404.173165438359
1.5347899910038405e-08,4407.216815965331
1.529044381091106e-08,4410.2625699083555
1.5233194645898092e-08,4413.310428721067
1.5176151701414218e-08,4416.360393858106
1.5119314266214973e-08,4419.412466775123
1.506268163139013e-08,4422.46664892876
1.5006253090356188e-08,4425.5229417766795
1.4950027938849135e-08,4428.581346777548
1.4894005474917678e-08,4431.641865391039
1.4838184998915437e-08,4434.704499077834
1.4782565813494252e-08,4437.769249299626
1.4727147223596914e-08,4440.836117519116
1.4671928536450069e-08,4443.905105200017
1.4616909061557213e-08,4446.976213807053
1.456208811069155e-08,4450.049444805962
1.4507464997888912e-08,4453.124799663493
1.4453039039440883e-08,4456.202279847408
1.4398809553887673e-08,4459.281886826487
1.4344775862011206e-08,4462.36362207052
1.4290937286828016e-08,4465.447487050317
1.423729315358273e-08,4468.533483237703
1.4183842789740594e-08,4471.621612105524
1.4130585524980876e-08,4474.711875127629
1.4077520691189999e-08,4477.804273778905
1.4024647622454446e-08,4480.898809535246
1.3971965655054473e-08,4483.99548387357
1.3919474127456579e-08,4487.094298271818
1.3867172380307169e-08,4490.195254208947
1.3815059756425627e-08,4493.298353164939
1.3763135600797563e-08,4496.4035966208
1.3711399260568177e-08,4499.510986058557
1.3659850085035351e-08,4502.620522961262
1.3608487425643069e-08,4505.732208812993
1.3557310635974747e-08,4508.846045098853
1.3506319071746545e-08,4511.96203330497
1.3455512090800651e-08,4515.0801749185
1.3404889053098652e-08,4518.200471427629
1.3354449320715348e-08,4521.322924321572
1.3304192257831477e-08,4524.447535090561
1.3254117230727581e-08,4527.574305225874
1.3204223607777383e-08,4530.7032362198115
1.3154510759441221e-08,4533.834329565707
1.3104978058259512e-08,4536.967586757926
1.3055624878846567e-08,4540.103009291867
1.3006450597883621e-08,4543.240598663961
1.2957454594112629e-08,4546.380356371674
1.2908636248329915e-08,4549.522283913506
1.2859994943379643e-08,4552.666382788992
1.2811530064147448e-08,4555.812654498708
1.2763240997554032e-08,4558.96110054426
1.2715127132548885e-08,4562.111722428297
1.2667187860103888e-08,4565.264521654504
1.261942257320693e-08,4568.419499727606
1.2571830666855757e-08,4571.576658153368
1.2524411538051412e-08,4574.735998438599
1.2477164585792504e-08,4577.897522091138
1.243008921106836e-08,4581.061230619876
1.2383184816853064e-08,4584.227125534747
1.2336450808099271e-08,4587.395208346724
1.2289886591731956e-08,4590.565480567826
1.2243491576642147e-08,4593.737943711119
1.2197265173681193e-08,4596.912599290711
1.2151206795654025e-08,4600.089448821759
1.2105315857313334e-08,4603.268493820467
1.2059591775353537e-08,4606.4497358040835
1.2014033968404555e-08,4609.63317629091
1.1968641857025783e-08,4612.818816800295
1.1923414863700115e-08,4616.006658852638
1.1878352412827768e-08,4619.196703969387
1.1833453930720384e-08,4622.388953673045
1.1788718845594862e-08,4625.583409487168
1.1744146587567846e-08,4628.7800729363535
1.1699736588649136e-08,4631.978945546266
1.1655488282736042e-08,4635.18002884362
1.1611401105607604e-08,4638.383324356183
1.1567474494918377e-08,4641.588833612782
1.1523707890192746e-08,4644.796558143297
1.1480100732818956e-08,4648.006499478669
1.1436652466043478e-08,4651.218659150893
1.1393362534964737e-08,4654.433038693023
1.1350230386527643e-08,4657.649639639178
1.1307255469517665e-08,4660.86846352453
1.126443723455507e-08,4664.089511885317
1.1221775134089068e-08,4667.312786258835
1.1179268622392186e-08,4670.538288183447
1.1136917155554435e-08,4673.766019198573
1.1094720191477602e-08,4676.995980844703
1.1052677189869533e-08,4680.228174663393
1.1010787612238675e-08,4683.462602197249
1.0969050921887939e-08,4686.69926498996
1.0927466583909429e-08,4689.938164586278
1.0886034065178696e-08,4693.179302532018
1.0844752834349033e-08,4696.422680374066
1.0803622361845911e-08,4699.668299660379
1.0762642119861709e-08,4702.916161939979
1.0721811582349484e-08,4706.166268762963
1.0681130225018001e-08,4709.418621680498
1.0640597525325886e-08,4712.673222244821
1.0600212962476266e-08,4715.930072009243
1.0559976017411138e-08,4719.18917252815
1.0519886172805939e-08,4722.4505253570005
1.04799429130641e-08,4725.714132052328
1.0440145724311557e-08,4728.979994171741
1.040049409439123e-08,4732.248113273927
1.0360987512857696e-08,4735.518490918653
1.0321625470971972e-08,4738.79112866675
1.0282407461695638e-08,4742.066028080145
1.0243332979685822e-08,4745.343190721834
1.0204401521289734e-08,4748.622618155898
1.0165612584539363e-08,4751.904311947495
1.0126965669146118e-08,4755.18827366287
1.0088460276495387e-08,4758.474504869347
1.0050095909641619e-08,4761.763007135331
1.0011872073302615e-08,4765.053782030314
9.973788273854407e-09,4768.3468311248735
9.935844019326096e-09,4771.642155990669
9.898038819394524e-09,4774.93975820045
9.860372185379086e-09,4778.23963932805
9.822843630236541e-09,4781.541800948389
9.785452668555778e-09,4784.846244637481
9.748198816552598e-09,4788.152971972428
9.711081592064848e-09,4791.46198453141
9.674100514546826e-09,4794.773283893713
9.637255105064462e-09,4798.086871639708
9.600544886290065e-09,4801.402749350858
9.563969382497357e-09,4804.720918609722
9.527528119556301e-09,4808.041380999948
9.491220624927994e-09,4811.364138106283
9.455046427659675e-09,4814.689191514564
9.419005058379802e-09,4818.016542811729
9.383096049292766e-09,4821.346193585811
9.34731893417407e-09,4824.678145425939
9.311673248365294e-09,4828.0123999223415
9.276158528769109e-09,4831.348958666345
9.240774313844306e-09,4834.68782325038
9.205520143600906e-09,4838.02899526797
9.170395559595138e-09,4841.372476313744
9.135400104924476e-09,4844.718267983441
9.100533324223093e-09,4848.066371873882
9.065794763656462e-09,4851.4167895830105
9.031183970916742e-09,4854.769522709867
8.996700495217994e-09,4858.124572854598
8.962343887291116e-09,4861.481941618456
8.928113699379233e-09,4864.841630603802
8.89400948523272e-09,4868.2036414140985
8.860030800104477e-09,4871.567975653923
8.826177200745031e-09,4874.934634928957
8.792448245398073e-09,4878.303620845995
8.758843493795276e-09,4881.674935012939
8.725362507151804e-09,4885.048579038806
8.692004848161546e-09,4888.42455453372
8.658770080992332e-09,4891.802863108921
8.625657771281302e-09,4895.183506376762
8.592667486130222e-09,4898.5664859507115
8.55979879410066e-09,4901.951803445354
8.527051265209656e-09,4905.339460476379
8.494424470924689e-09,4908.729458660607
8.461917984159227e-09,4912.121799615968
8.429531379268137e-09,4915.516484961512
8.397264232043034e-09,4918.913516317409
8.365116119707669e-09,4922.312895304947
8.333086620913394e-09,4925.714623546536
8.30117531573457e-09,4929.118702665705
8.269381785663951e-09,4932.525134287107
8.237705613608437e-09,4935.933920036517
8.206146383884098e-09,4939.345061540832
8.174703682212002e-09,4942.758560428077
8.143377095713601e-09,4946.174418327399
8.112166212906273e-09,4949.592636869072
8.0810706236988e-09,4953.013217684496
8.050089919386918e-09,4956.436162406205
8.01922369264913e-09,4959.861472667844
7.988471537541817e-09,4963.289150104205
7.957833049495143e-09,4966.7191963512005
7.927307825308566e-09,4970.151613045878
7.89689546314644e-09,4973.586401826412
7.866595562533677e-09,4977.023564332114
7.836407724351353e-09,4980.463102203425
7.806331550832332e-09,4983.905017081918
7.776366645556981e-09,4987.349310610307
7.746512613448823e-09,4990.795984432435
7.716769060770173e-09,4994.245040193284
7.687135595118033e-09,4997.696479538971
7.657611825419538e-09,5001.1503041167525
7.628197361927863e-09,5004.606515575023
7.598891816217884e-09,5008.065115563314
7.569694801181968e-09,5011.526105732301
7.540605931025688e-09,5014.989487733802
7.51162482126381e-09,5018.4552632207615
7.482751088715786e-09,5021.923433847283
7.453984351501656e-09,5025.394001268609
7.425324229038006e-09,5028.866967141122
7.396770342033627e-09,5032.342333122352
7.3683223124854314e-09,5035.820100870976
7.339979763674334e-09,5039.300272046813
7.311742320161039e-09,5042.782848310832
7.28360960778201e-09,5046.267831325151
7.255581253645271e-09,5049.755222753032
7.227656886126326e-09,5053.245024258892
7.1998361348642945e-09,5056.737237508295
7.172118630757443e-09,5060.231864167956
7.144504005959446e-09,5063.728905905742
7.11699189387518e-09,5067.228364390675
7.089581929156769e-09,5070.730241292927
7.062273747699454e-09,5074.234538283832
7.035066986637864e-09,5077.741257035862
7.0079612843416495e-09,5081.25039922266
6.980956280411668e-09,5084.761966519023
6.954051615676098e-09,5088.275960600904
6.9272469321862915e-09,5091.792383145412
6.900541873213007e-09,5095.311235830817
6.873936083242337e-09,5098.832520336551
6.847429207971831e-09,5102.356238343203
6.821020894306628e-09,5105.882391532524
6.7947107903554515e-09,5109.410981587429
6.768498545426773e-09,5112.942010191996
6.742383810025076e-09,5116.475479031465
6.7163662358467e-09,5120.011389792241
6.690445475776204e-09,5123.549744161896
6.6646211838824185e-09,5127.090543829167
6.63889301541465e-09,5130.633790483964
6.6132606267990245e-09,5134.179485817347
6.58772367563433e-09,5137.727631521565
6.5622818206884745e-09,5141.278229290026
6.536934721894654e-09,5144.831280817311
6.511682040347559e-09,5148.386787799173
6.486523438299625e-09,5151.944751932535
6.461458579157229e-09,5155.505174915493
6.436487127477073e-09,5159.068058447316
6.4116087489623226e-09,5162.633404228451
6.386823110458967e-09,5166.201213960514
6.362129879952093e-09,5169.7714893463035
6.337528726562183e-09,5173.344232089789
6.313019320541406e-09,5176.919443896122
6.2886013332701575e-09,5180.4971264716305
6.264274437253021e-09,5184.077281523821
6.240038306115421e-09,5187.65991076138
6.215892614599831e-09,5191.245015894183
6.191837038562231e-09,5194.832598633268
6.1678712549685676e-09,5198.422660690874
6.143994941890897e-09,5202.015203780415
6.120207778503988e-09,5205.610229616491
6.096509445081722e-09,5209.2077399148875
6.072899622993449e-09,5212.807736392574
6.049377994700512e-09,5216.410220767709
6.025944243752602e-09,5220.015194759635
6.002598054784344e-09,5223.622660088886
5.979339113511613e-09,5227.232618477182
5.956167106728171e-09,5230.845071647436
5.93308172230205e-09,5234.46002132375
5.910082649172041e-09,5238.077469231417
5.887169577344451e-09,5241.697417096923
5.864342197889247e-09,5245.3198666479475
5.841600202936845e-09,5248.944819613364
5.818943285674603e-09,5252.572277723245
5.796371140343334e-09,5256.202242708843
5.773883462234055e-09,5259.834716302625
5.751479947684241e-09,5263.469700238245
5.729160294074668e-09,5267.107196250562
5.7069241998259555e-09,5270.747206075629
5.684771364395118e-09,5274.3897314506985
5.662701488272269e-09,5278.034774114227
5.640714272977174e-09,5281.682335805869
5.618809421055926e-09,5285.332418266484
5.596986636077605e-09,5288.985023238132
5.575245622630959e-09,5292.64015246408
5.553586086320972e-09,5296.297807688797
5.5320077337656585e-09,5299.957990657958
5.510510272592782e-09,5303.620703118446
5.489093411436395e-09,5307.28594681835
5.4677568599336616e-09,5310.953723506972
5.446500328721605e-09,5314.624034934808
5.425323529433727e-09,5318.29688285358
5.4042261746969794e-09,5321.972269016213
5.383207978128185e-09,5325.650195176847
5.362268654331057e-09,5329.33066309083
5.341407918892868e-09,5333.013674514726
5.320625488381277e-09,5336.699231206313
5.2999210803410775e-09,5340.387334924581
5.27929441329101e-09,5344.077987429741
5.258745206720619e-09,5347.771190483215
5.238273181087e-09,5351.466945847644
5.2178780578117034e-09,5355.165255286887
5.197559559277505e-09,5358.866120566025
5.177317408825282e-09,5362.569543451354
5.157151330751007e-09,5366.275525710393
5.137061050302352e-09,5369.984069111883
5.117046293675783e-09,5373.6951754257925
5.097106788013359e-09,5377.408846423297
5.077242261399648e-09,5381.125083876811
5.057452442858627e-09,5384.843889559969
5.0377370623506866e-09,5388.565265247633
5.0180958507694126e-09,5392.289212715889
4.998528539938583e-09,5396.015733742053
4.979034862609192e-09,5399.744830104666
4.959614552456271e-09,5403.476503583502
4.940267344075978e-09,5407.2107559595615
4.920992972982492e-09,5410.947589015077
4.901791175605019e-09,5414.6870045335145
4.882661689284811e-09,5418.429004299571
4.86360425227212e-09,5422.173590099175
4.84461860372326e-09,5425.920763719492
4.825704483697554e-09,5429.670526948923
4.8068616331545555e-09,5433.422881577102
4.788089793950777e-09,5437.177829394908
4.769388708837026e-09,5440.935372194439
4.750758121455294e-09,5444.6955117690495
4.7321977763358474e-09,5448.458249913328
4.7137074188944565e-09,5452.223588423101
4.695286795429245e-09,5455.99152909544
4.676935653117949e-09,5459.762073728653
4.658653740014909e-09,5463.535224122297
4.640440805048325e-09,5467.310982077168
4.6222965980172284e-09,5471.089349395308
4.604220869588709e-09,5474.870327880005
4.586213371295013e-09,5478.653919335791
4.5682738555307144e-09,5482.440125568449
4.550402075549836e-09,5486.228948385006
4.532597785463065e-09,5490.02038959374
4.514860740234834e-09,5493.814451004178
4.4971906956806896e-09,5497.611134427103
4.479587408464271e-09,5501.410441674534
4.4620506360946225e-09,5505.212374559756
4.44458013692339e-09,5509.016934897305
4.427175670141992e-09,5512.824124502969
4.4098369957790094e-09,5516.633945193791
4.392563874697177e-09,5520.44639878807
4.3753560685907855e-09,5524.261487105362
4.358213339982914e-09,5528.07921196648
4.341135452222651e-09,5531.899575193495
4.324122169482406e-09,5535.722578609738
4.307173256755163e-09,5539.5482240398
4.290288479851775e-09,5543.376513309531
4.273467605398254e-09,5547.207448246047
4.256710400833078e-09,5551.041030677722
4.240016634404504e-09,5554.877262434196
4.223386075167885e-09,5558.716145346375
4.20681849298295e-09,5562.5576812464315
4.190313658511332e-09,5566.4018719677915
4.173871343213637e-09,5570.2487193451625
4.157491319346983e-09,5574.098225214516
4.14117335996228e-09,5577.950391413091
4.124917238901646e-09,5581.805219779396
4.108722730795831e-09,5585.66271215321
4.092589611061456e-09,5589.5228703755865
4.076517655898517e-09,5593.385696288848
4.06050664228779e-09,5597.25119173659
4.044556347988181e-09,5601.119358563684
4.0286665515342054e-09,5604.990198616275
4.012837032233375e-09,5608.863713741786
3.997067570163664e-09,5612.739905788914
3.981357946170905e-09,5616.6187766076355
3.965707941866294e-09,5620.500328049204
3.950117339623817e-09,5624.384561966154
3.934585922577687e-09,5628.271480212305
3.919113474619965e-09,5632.161084642739
3.903699780397836e-09,5636.053377113842
3.888344625311213e-09,5639.948359483272
3.873047795510239e-09,5643.846033609972
3.857809077892738e-09,5647.746401354173
3.84262826010185e-09,5651.649464577386
3.8275051305233755e-09,5655.555225142415
3.8124394782834574e-09,5659.463684913345
3.7974310932460125e-09,5663.374845755554
3.78247976601034e-09,5667.2887095357055
3.7675852879086894e-09,5671.205278121756
3.752747451003744e-09,5675.124553382952
3.737966048086248e-09,5679.046537189831
3.723240872672575e-09,5682.9712314142225
3.7085717190022985e-09,5686.898637929253
3.6939583820357516e-09,5690.828758609346
3.6794006574517795e-09,5694.761595330203
3.664898341645097e-09,5698.697149968842
3.650451231724091e-09,5702.635424403569
3.6360591255083613e-09,5706.576420513991
3.6217218215264216e-09,5710.520140181013
3.607439119013217e-09,5714.4665852868375
3.5932108179078487e-09,5718.415757714971
3.5790367188513025e-09,5722.3676593502205
3.5649166231838963e-09,5726.322292078695
3.5508503329431392e-09,5730.279657787807
3.536837650861283e-09,5734.239758366275
3.522878380363092e-09,5738.202595704121
3.508972325563467e-09,5742.168171692673
3.495119291265157e-09,5746.136488224568
3.4813190829564913e-09,5750.107547193749
3.467571506809034e-09,5754.081350495469
3.4538763696753244e-09,5758.057900026296
3.4402334790866764e-09,5762.037197684092
3.4266426432507795e-09,5766.019245368045
3.4131036710494864e-09,5770.004044978655
3.3996163720366064e-09,5773.991598417731
3.386180556435599e-09,5777.9819075884
3.372796035137361e-09,5781.9749743951
3.359462619697949e-09,5785.970800743587
3.3461801223364927e-09,5789.969388540935
3.3329483559327847e-09,5793.9707396955355
3.3197671340251674e-09,5797.974856117098
3.3066362708083414e-09,5801.981739716653
3.29355558113111e-09,5805.99139240655
3.2805248804942656e-09,5810.003816100462
3.267543985048311e-09,5814.019012713383
3.254612711591364e-09,5818.036984161631
3.2417308775669214e-09,5822.057732362855
3.2288983010617903e-09,5826.081259236011
3.216114800803802e-09,5830.1075667013965
3.20338019615975e-09,5834.136656680635
3.190694307133228e-09,5838.168531096674
3.178056954362474e-09,5842.203191873791
3.165467959118268e-09,5846.240640937594
3.1529271433017885e-09,5850.280880215022
3.1404343294424953e-09,5854.323911634345
3.127989340696069e-09,5858.369737125164
3.115592000842244e-09,5862.418358618416
3.1032421342827015e-09,5866.469778046373
3.0909395660390502e-09,5870.52399734264
3.078684121750699e-09,5874.581018442158
3.0664756276727903e-09,5878.640843281208
3.054313910674106e-09,5882.703473797407
3.042198798235066e-09,5886.768911929712
3.030130118445556e-09,5890.837159618424
3.018107700003078e-09,5894.908218805172
3.0061313722104734e-09,5898.9820914329375
2.994200964974021e-09,5903.058779446044
2.9823163088013892e-09,5907.138284790159
2.9704772347995945e-09,5911.22060941229
2.9586835746729968e-09,5915.305755260796
2.9469351607212644e-09,5919.393724285377
2.935231825837402e-09,5923.484518437083
2.923573403505702e-09,5927.578139668314
2.9119597277998677e-09,5931.674589932816
2.900390633380856e-09,5935.773871185686
2.8888659554950288e-09,5939.875985383375
2.8773855299721396e-09,5943.980934483682
2.865949193223333e-09,5948.088720445762
2.8545567822392485e-09,5952.199345230122
2.843208134588015e-09,5956.312810798625
2.8319030884133084e-09,5960.429119114495
2.820641482432494e-09,5964.548272142296
2.8094231559345235e-09,5968.670271847966
2.7982479487781423e-09,5972.795120198798
2.7871157013899075e-09,5976.922819163442
2.776026254762321e-09,5981.053370711909
2.7649794504518316e-09,5985.1867768155735
2.753975130577016e-09,5989.32303944717
2.7430131378166344e-09,5993.462160580798
2.7320933154077213e-09,5997.60414219192
2.7212155071438e-09,6001.748986257364
2.7103795573728483e-09,6005.8966947553245
2.6995853109955286e-09,6010.047269665363
2.688832613463285e-09,6014.20071296841
2.678121310776499e-09,6018.357026646762
2.667451249482602e-09,6022.516212684089
2.6568222766742332e-09,6026.678273065436
2.6462342399874605e-09,6030.843209777202
2.6356869875998214e-09,6035.011024807177
2.625180368228571e-09,6039.181720144519
2.614714231128828e-09,6043.35529777976
2.6042884260917765e-09,6047.531759704807
2.5939028034428134e-09,6051.711107912946
2.5835572140397676e-09,6055.893344398838
2.573251509271077e-09,6060.078471158525
2.5629855410540126e-09,6064.266490189425
2.552759161832832e-09,6068.45740349034
2.5425722245771107e-09,6072.65121306145
2.532424582779814e-09,6076.847920904321
2.5223160904555956e-09,6081.047529021897
2.512246602139045e-09,6085.250039418514
2.5022159728828763e-09,6089.455454099885
2.4922240582562133e-09,6093.663775073114
2.482270714342778e-09,6097.875004346697
2.4723557977392445e-09,6102.089143930499
2.462479165553378e-09,6106.306195835793
2.452640675402373e-09,6110.526162075236
2.4428401854111047e-09,6114.749044662875
2.4330775542103883e-09,6118.9748456141515
2.423352640935299e-09,6123.203566945896
2.4136653052234174e-09,6127.4352106763345
2.404015407213123e-09,6131.6697788250885
2.394402807541941e-09,6135.907273413176
2.3848273673447804e-09,6140.147696463008
2.375288948252254e-09,6144.391049998398
2.3657874123890707e-09,6148.637336044552
2.356322622372231e-09,6152.886556628083
2.3468944413094417e-09,6157.138713777
2.3375027327973964e-09,6161.393809520712
2.3281473609201424e-09,6165.651845890035
2.318828190247377e-09,6169.912824917192
2.309545085832906e-09,6174.176748635791
2.3002979132128315e-09,6178.443619080867
2.2910865384040118e-09,6182.7134382888535
2.2819108279024104e-09,6186.986208297591
2.27277064868145e-09,6191.261931146327
2.263665868190389e-09,6195.540608875721
2.2545963543526878e-09,6199.822243527842
2.2455619755644135e-09,6204.106837146171
2.2365626006926066e-09,6208.394391775598
2.2275980990736978e-09,6212.684909462429
2.218668340511857e-09,6216.978392254384
2.209773195277497e-09,6221.274842200597
2.2009125341055504e-09,6225.5742613516195
2.192086228193981e-09,6229.876651759419
2.1832941492021627e-09,6234.182015477381
2.1745361692493157e-09,6238.490354560317
2.165812160912908e-09,6242.801671064441
2.157121997227171e-09,6247.115967047403
2.148465551681432e-09,6251.433244568271
2.1398426982186144e-09,6255.753505687539
2.131253311233686e-09,6260.076752467119
2.1226972655721015e-09,6264.402986970353
2.1141744365282745e-09,6268.732211262005
2.105684699844032e-09,6273.06442740827
2.0972279317070844e-09,6277.399637476767
2.088804008749501e-09,6281.737843536546
2.080412808046195e-09,6286.079047658088
2.0720542071133858e-09,6290.423251913301
2.063728083907108e-09,6294.770458375529
2.055434316821738e-09,6299.1206691195475
2.0471727846884155e-09,6303.4738862215645
2.038943366773592e-09,6307.830111759224
2.0307459427775467e-09,6312.189347811611
2.0225803928328613e-09,6316.5515964592305
2.0144465975030233e-09,6320.9168597840435
2.0063444377808364e-09,6325.285139869442
1.9982737950870178e-09,6329.656438800259
1.9902345512687162e-09,6334.030758662769
1.9822265885980443e-09,6338.408101544686
1.974249789770634e-09,6342.78846953517
1.966304037904161e-09,6347.171864724822
1.9583892165369163e-09,6351.558289205688
1.950505209626358e-09,6355.947745071262
1.9426519015476556e-09,6360.340234416483
1.9348291770922816e-09,6364.735759337738
1.9270369214665457e-09,6369.134321932863
1.9192750202902446e-09,6373.535924301143
1.911543359595141e-09,6377.940568543315
1.9038418258236064e-09,6382.348256761567
1.8961703058272092e-09,6386.758991059548
1.8885286868652746e-09,6391.172773542337
1.88091685660356e-09,6395.589606316493
1.873334703112755e-09,6400.009491490019
1.865782114867146e-09,6404.432431172379
1.858258980743225e-09,6408.858427474493
1.8507651900182959e-09,6413.287482508738
1.8433006323691106e-09,6417.719598388955
1.8358651978704588e-09,6422.154777230442
1.8284587769938441e-09,6426.593021149962
1.8210812606060785e-09,6431.034332265737
1.8137325399679485e-09,6435.478712697456
1.806412506732834e-09,6439.926164566274
1.7991210529453797e-09,6444.376689994806
1.791858071040112e-09,6448.830291107141
1.7846234538401697e-09,6453.286970028832
1.7774170945558586e-09,6457.7467288869075
1.7702388867834012e-09,6462.209569809847
1.763088724503562e-09,6466.675494927621
1.7559665020803191e-09,6471.144506371666
1.7488721142596163e-09,6475.616606274888
1.7418054561679272e-09,6480.091796771672
1.7347664233110203e-09,6484.570079997875
1.7277549115726316e-09,6489.051458090829
1.720770817213168e-09,6493.535933189348
1.713814036868378e-09,6498.023507433717
1.706884467548095e-09,6502.514182965707
1.6999820066349122e-09,6507.007961928565
1.6931065518829124e-09,6511.50484646702
1.6862580014163747e-09,6516.004838727284
1.6794362537285102e-09,6520.50794085705
1.6726412076801456e-09,6525.0141550055
1.6658727624985493e-09,6529.523483323294
1.65913081777603e-09,6534.035927962594
1.6524152734687749e-09,6538.55149107702
1.6457260298955448e-09,6543.070174821707
1.6390629877364312e-09,6547.59198135327
1.6324260480316411e-09,6552.116912829815
1.6258151121801739e-09,6556.6449714109385
1.6192300819386447e-09,6561.176159257732
1.612670859420014e-09,6565.710478532777
1.6061373470923733e-09,6570.247931400152
1.5996294477776912e-09,6574.78852002543
1.5931470646506193e-09,6579.332246575683
1.58669010123724e-09,6583.879113219475
1.5802584614138637e-09,6588.429122126874
1.5738520494058098e-09,6592.982275469446
1.5674707697862066e-09,6597.538575420258
1.5611145274747554e-09,6602.098024153877
1.554783227736593e-09,6606.6606238463755
1.548476776181012e-09,6611.226376675336
1.5421950787603238e-09,6615.795284819823
1.5359380417686463e-09,6620.367350460429
1.5297055718407029e-09,6624.94257577925
1.5234975759507047e-09,6629.520962959883
1.5173139614110916e-09,6634.10251418744
1.511154635871396e-09,6638.687231648541
1.505019507317073e-09,6643.275117531316
1.4989084840683247e-09,6647.866174025409
1.4928214747789474e-09,6652.460403321977
1.4867583884351629e-09,6657.05780761369
1.4807191343544695e-09,6661.658389094735
1.4747036221844765e-09,6666.262149960813
1.4687117619017856e-09,6670.869092409146
1.462743463810807e-09,6675.47921863847
1.4567986385426588e-09,6680.092530849045
1.450877197053986e-09,6684.709031242655
1.4449790506259053e-09,6689.3287220225875
1.4391041108627738e-09,6693.95160539367
1.433252289691137e-09,6698.577683562252
1.4274234993585633e-09,6703.206958736202
1.4216176524325936e-09,6707.839433124917
1.415834661799539e-09,6712.475108939323
1.4100744406634268e-09,6717.11398839187
1.4043369025448782e-09,6721.756073696541
1.3986219612800048e-09,6726.401367068844
1.3929295310193147e-09,6731.049870725823
1.3872595262266128e-09,6735.701586886051
1.3816118616779013e-09,6740.3565177696355
1.3759864524603063e-09,6745.014665598219
1.3703832139709752e-09,6749.676032594978
1.3648020619160098e-09,6754.340620984625
1.3592429123093897e-09,6759.0084329934125
1.353705681471861e-09,6763.679470849135
1.3481902860299524e-09,6768.35373678111
1.342696642914802e-09,6773.031233020211
1.3372246693611587e-09,6777.711961798852
1.3317742829063033e-09,6782.395925350985
1.326345401389e-09,6787.083125912109
1.3209379429484267e-09,6791.773565719267
1.3155518260231612e-09,6796.467247011047
1.3101869693500901e-09,6801.164172027586
1.3048432919633889e-09,6805.864343010568
1.2995207131934823e-09,6810.567762203224
1.294219152666006e-09,6815.27443185034
1.288938530300771e-09,6819.98435419825
1.283678766310751e-09,6824.697531494841
1.278439781201029e-09,6829.413965989554
1.2732214957678015e-09,6834.133659933384
1.2680238310973385e-09,6838.856615578881
1.262846708564974e-09,6843.582835180161
1.2576900498341307e-09,6848.312320992875
1.2525537768552492e-09,6853.0450752742545
1.2474378118648135e-09,6857.781100283082
1.242342077384353e-09,6862.520398279704
1.2372664962194435e-09,6867.262971526027
1.2322109914586889e-09,6872.008822285523
1.2271754864727853e-09,6876.757952823224
1.2221599049134626e-09,6881.510365405732
1.2171641707125358e-09,6886.2660623012125
1.2121882080809218e-09,6891.025045779399
1.2072319415076615e-09,6895.787318111596
1.2022952957589342e-09,6900.552881570672
1.1973781958770892e-09,6905.321738431073
1.1924805671796862e-09,6910.093890968812
1.1876023352585114e-09,6914.869341461478
1.1827434259786238e-09,6919.6480921882385
1.1779037654774217e-09,6924.430145429816
1.1730832801636333e-09,6929.21550346853
1.1682818967164042e-09,6934.004168588272
1.1634995420843266e-09,6938.79614307451
1.1587361434845145e-09,6943.591429214291
1.1539916284016373e-09,6948.390029296244
1.149265924586982e-09,6953.19194561058
1.1445589600575512e-09,6957.997180449091
1.1398706630950736e-09,6962.805736105153
1.1352009622451122e-09,6967.617614873729
1.1305497863161159e-09,6972.432819051365
1.12591706437851e-09,6977.251350936197
1.1213027257637668e-09,6982.073212827947
1.1167067000634854e-09,6986.898407027928
1.1121289171284784e-09,6991.726935839042
1.1075693070678639e-09,6996.558801565783
1.1030278002481343e-09,7001.394006514245
1.098504327292306e-09,7006.232552992094
1.0939988190789378e-09,7011.074443308612
1.0895112067412876e-09,7015.919679774671
1.0850414216663904e-09,7020.768264702739
1.0805893954941763e-09,7025.62020040688
1.076155060116571e-09,7030.475489202762
1.0717383476766093e-09,7035.3341334076495
1.0673391905675477e-09,7040.19613534041
1.0629575214320005e-09,7045.061497321513
1.0585932731610267e-09,7049.930221673033
1.0542463788932778e-09,7054.8023107186455
1.0499167720141194e-09,7059.677766783636
1.045604386154754e-09,7064.5565921948955
1.0413091551913577e-09,7069.438789280922
1.0370310132442233e-09,7074.324360371825
1.0327698946768855e-09,7079.213307799321
1.0285257340952566e-09,7084.105633896749
1.0242984663468125e-09,7089.001340999036
1.0200880265196757e-09,7093.900431442746
1.015894349941811e-09,7098.802907566048
1.0117173721801577e-09,7103.708771708731
1.0075570290397965e-09,7108.618026212196
1.0034132565630995e-09,7113.530673419466
9.992859910288846e-10,7118.446715675183
9.951751689516163e-10,7123.366155325607
9.91080727080516e-10,7128.28899471862
9.8700260239877e-10,7133.2152362037305
9.829407321226899e-10,7138.144882132064
9.78895053700886e-10,7143.077934856376
9.748655048134587e-10,7148.014396731046
9.708520233711573e-10,7152.954270112081
9.66854547514576e-10,7157.897557357115
9.628730156133318e-10,7162.844260825422
9.589073662652858e-10,7167.794382877881
9.549575382956806e-10,7172.747925877025
9.510234707563697e-10,7177.704892187015
9.47105102925011e-10,7182.665284173641
9.432023743042585e-10,7187.629104204334
9.393152246209686e-10,7192.596354648156
9.354435938254042e-10,7197.56703787581
9.31587422090445e-10,7202.541156259634
9.277466498107955e-10,7207.518712173606
9.239212176021883e-10,7212.499707993349
9.201110663006345e-10,7217.4841460961225
9.163161369615973e-10,7222.4720288608305
9.125363708592323e-10,7227.463358668023
9.087717094856174e-10,7232.458137899891
9.050220945499684e-10,7237.456368940277
9.012874679778824e-10,7242.458054174665
8.975677719105386e-10,7247.463195990202
8.938629487039862e-10,7252.471796775655
8.901729409283192e-10,7257.4838589214705
8.864976913669547e-10,7262.4993848197355
8.828371430158575e-10,7267.518376864192
8.791912390828007e-10,7272.540837450236
8.755599229865959e-10,7277.566768974917
8.719431383563508e-10,7282.596173836945
8.683408290307168e-10,7287.629054436685
8.647529390571574e-10,7292.665413176159
8.611794126911685e-10,7297.7052524590545
8.576201943956036e-10,7302.748574690714
8.540752288398644e-10,7307.795382278147
8.505444608992007e-10,7312.845677630025
8.470278356539843e-10,7317.899463156683
8.435252983889542e-10,7322.956741270123
8.400367945925134e-10,7328.0175143840115
8.365622699559762e-10,7333.081784913695
8.331016703728847e-10,7338.149555276163
8.296549419382493e-10,7343.220827890099
8.26222030947838e-10,7348.29560517585
8.228028838974771e-10,7353.373889555438
8.19397447482331e-10,7358.455683452555
8.160056685961783e-10,7363.54098929257
8.126274943307237e-10,7368.6298095025295
8.09262871974875e-10,7373.722146511155
8.059117490140509e-10,7378.818002748848
8.025740731294624e-10,7383.917380647688
7.992497921974548e-10,7389.020282641436
7.959388542887508e-10,7394.126711165537
7.926412076678039e-10,7399.236668657115
7.893568007920863e-10,7404.350157554982
7.860855823114085e-10,7409.467180299634
7.828275010672121e-10,7414.587739333259
7.795825060919271e-10,7419.711837099714
7.763505466082412e-10,7424.839476044566
7.731315720284441e-10,7429.970658615063
7.699255319537509e-10,7435.105387260147
7.667323761736164e-10,7440.243664430449
7.635520546650721e-10,7445.385492578297
7.603845175920475e-10,7450.530874157712
7.572297153047061e-10,7455.679811624411
7.540875983387755e-10,7460.832307435808
7.509581174148858e-10,7465.988364051015
7.478412234378993e-10,7471.147983930847
7.447368674962778e-10,7476.311169537814
7.41645000861389e-10,7481.4779233361305
7.385655749868689e-10,7486.648247791715
7.354985415079733e-10,7491.822145372188
7.32443852240919e-10,7496.999618546878
7.294014591822332e-10,7502.180669786825
7.263713145081278e-10,7507.365301564756
7.233533705738258e-10,7512.553516355127
7.203475799129374e-10,7517.745316634098
7.173538952368094e-10,7522.940704879543
7.143722694339077e-10,7528.139683571042
7.114026555691581e-10,7533.342255189896
7.084450068833266e-10,7538.5484222191135
7.054992767923868e-10,7543.758187143425
7.025654188868904e-10,7548.971552449275
6.996433869313346e-10,7554.188520624827
6.96733134863551e-10,7559.409094159964
6.938346167940641e-10,7564.633275546291
6.909477870054978e-10,7569.861067277131
6.880725999519279e-10,7575.092471847536
6.852090102582854e-10,7580.327491754277
6.823569727197258e-10,7585.566129495861
6.79516442301052e-10,7590.808387572497
6.766873741360604e-10,7596.054268486147
6.738697235269571e-10,7601.303774740492
6.710634459437503e-10,7606.556908840946
6.682684970236491e-10,7611.813673294651
6.654848325704514e-10,7617.074070610485
6.627124085539539e-10,7622.338103299058
6.599511811093543e-10,7627.605773872715
6.572011065366531e-10,7632.877084845537
6.544621413000574e-10,7638.152038733345
6.517342420273975e-10,7643.430638053695
6.49017365509532e-10,7648.712885325885
6.463114686997564e-10,7653.998783070953
6.436165087132418e-10,7659.288333811682
6.409324428264129e-10,7664.581540072594
6.382592284763987e-10,7669.87840437996
6.355968232604381e-10,7675.1789292618
6.329451849353031e-10,7680.483117247862
6.303042714167443e-10,7685.790970869663
6.276740407788833e-10,7691.102492660465
6.250544512536651e-10,7696.417685155276
6.22445461230283e-10,7701.736550890859
6.198470292546086e-10,7707.059092405729
6.17259114028631e-10,7712.385312240155
6.146816744098896e-10,7717.715212936165
6.121146694109172e-10,7723.048797037538
6.09558058198674e-10,7728.386067089815
6.070118000939933e-10,7733.727025640295
6.044758545710291e-10,7739.071675238039
6.019501812566883e-10,7744.420018433866
5.994347399301117e-10,7749.77205778036
5.969294905220826e-10,7755.127795831871
5.944343931144999e-10,7760.48723514451
5.91949407939837e-10,7765.850378276167
5.894744953805837e-10,7771.217227786471
5.870096159687078e-10,7776.587786236849
5.845547303851339e-10,7781.962056190485
5.821097994591687e-10,7787.340040212339
5.796747841679914e-10,7792.72174086914
5.77249645636109e-10,7798.107160729393
5.748343451348248e-10,7803.496302363378
5.724288440817077e-10,7808.889168343149
5.700331040400576e-10,7814.285761242541
5.676470867183879e-10,7819.686083637166
5.652707539698885e-10,7825.090138104414
5.629040677919107e-10,7830.49792722346
5.605469903254376e-10,7835.9094535752565
5.58199483854564e-10,7841.324719742546
5.558615108059966e-10,7846.743728309852
5.53533033748503e-10,7852.166481863491
5.512140153924239e-10,7857.592982991546
5.489044185891488e-10,7863.02323428391
5.466042063306022e-10,7868.457238332259
5.443133417487514e-10,7873.894997730062
5.420317881150741e-10,7879.336515072576
5.397595088400651e-10,7884.781792956854
5.374964674727303e-10,7890.230833981745
5.352426277000852e-10,7895.683640747891
5.329979533466524e-10,7901.140215857734
5.307624083739613e-10,7906.600561915514
5.285359568800529e-10,7912.0646815272685
5.263185630989793e-10,7917.532577300838
5.241101914003184e-10,7923.004251845866
5.219108062886713e-10,7928.479707773798
5.197203724031765e-10,7933.958947697883
5.175388545170284e-10,7939.441974233179
5.153662175369732e-10,7944.928789996558
5.132024265028383e-10,7950.419397606676
5.110474465870376e-10,7955.913799684023
5.089012430940936e-10,7961.41199885089
5.067637814601688e-10,7966.913997731385
5.046350272525656e-10,7972.419798951426
5.025149461692573e-10,7977.929405138745
5.004035040384205e-10,7983.442818922892
4.983006668179496e-10,7988.960042935234
4.96206400594994e-10,7994.481079808956
4.941206715854792e-10,8000.005932179062
4.920434461336444e-10,8005.53460268238
4.899746907115717e-10,8011.067093957556
4.879143719187207e-10,8016.603408645062
4.858624564814648e-10,8022.143549387194
4.838189112526234e-10,8027.687518828076
4.817837032110216e-10,8033.235319613656
4.797567994609992e-10,8038.786954391722
4.777381672319752e-10,8044.342425811865
4.757277738779854e-10,8049.901736525532
4.737255868772244e-10,8055.464889185997
4.717315738316069e-10,8061.0318864483625
4.697457024662937e-10,8066.602730969569
4.677679406292616e-10,8072.177425408395
4.657982562908402e-10,8077.7559724254525
4.6383661754327943e-10,8083.338374683193
4.6188299260029297e-10,8088.924634845912
4.599373497966206e-10,8094.51475557974
4.579996575875839e-10,8100.1087395526565
4.560698845486458e-10,8105.706589434479
4.5414799937497386e-10,8111.308307896872
4.5223397088100014e-10,8116.91389761335
4.503277679999854e-10,8122.523361259269
4.4842935978358367e-10,8128.136701511848
4.4653871540142186e-10,8133.753921050125
4.4465580414064477e-10,8139.375022555022
4.427805954055049e-10,8145.000008709298
4.409130587169246e-10,8150.628882197571
4.390531637120691e-10,8156.261645706312
4.372008801439351e-10,8161.898301923849
4.3535617788090516e-10,8167.538853540369
4.3351902690633917e-10,8173.183303247916
4.316893973181492e-10,8178.831653740397
4.2986725932838304e-10,8184.4839077135775
4.280525832628027e-10,8190.14006786509
4.2624533956046675e-10,8195.800136894426
4.244454987733213e-10,8201.46411750295
4.226530315657821e-10,8207.132012393886
4.208679087143207e-10,8212.803824272329
4.190901011070577e-10,8218.479555845244
4.1731957974334716e-10,8224.159209821477
4.155563157333854e-10,8229.842788911717
4.1380028029778054e-10,8235.530295828552
4.1205144476716036e-10,8241.221733286438
4.103097805817721e-10,8246.917104001708
4.0857525929106835e-10,8252.61641069257
4.0684785255332693e-10,8258.31965607911
4.051275321352248e-10,8264.026842883293
4.0341426991145885e-10,8269.737973828971
4.0170803786434323e-10,8275.45305164187
4.000088080834144e-10,8281.17207904961
3.9831655276503867e-10,8286.895058781683
3.9663124421201546e-10,8292.621993569479
3.949528548331937e-10,8298.35288614627
3.932813571430746e-10,8304.087739247218
3.9161672376142905e-10,8309.826555609372
3.8995892741290517e-10,8315.569337971681
3.883079409266451e-10,8321.316089074986
3.866637372359095e-10,8327.066811662002
3.850262893776772e-10,8332.821508477364
3.8339557049227576e-10,8338.580182267595
3.8177155382299857e-10,8344.342835781114
3.8015421271572485e-10,8350.109471768243
3.7854352061854145e-10,8355.880092981202
3.7693945108137624e-10,8361.654702174115
3.7534197775560485e-10,8367.433302103009
3.7375107439369265e-10,8373.215895525811
3.721667148488142e-10,8379.002485202363
3.7058887307448707e-10,8384.793073894407
3.690175231241998e-10,8390.587664365596
3.6745263915104353e-10,8396.386259381492
3.6589419540734544e-10,8402.18886170957
3.6434216624430276e-10,8407.995474119216
3.6279652611161396e-10,8413.80609938174
3.6125724955713293e-10,8419.620740270339
3.5972431122648085e-10,8425.439399560153
3.5819768586270227e-10,8431.262080028235
3.566773483059036e-10,8437.088784453552
3.5516327349289275e-10,8442.919515616994
3.5365543645682287e-10,8448.754276301372
3.521538123268338e-10,8454.59306929142
3.5065837632771004e-10,8460.4358973738
3.4916910377950813e-10,8466.282763337096
3.4768597009722056e-10,8472.133669971818
3.4620895079041705e-10,8477.988620070408
3.4473802146289834e-10,8483.847616427236
3.432731578123479e-10,8489.710661838604
3.4181433562998443e-10,8495.577759102745
3.4036153080021586e-10,8501.448911019828
3.3891471930029604e-10,8507.324120391955
3.3747387719997464e-10,8513.203390023176
3.3603898066117494e-10,8519.086722719449
3.346100059376267e-10,8524.974121288697
3.3318692937454127e-10,8530.86558854078
3.3176972740827504e-10,8536.761127287498
3.3035837656598327e-10,8542.66074034259
3.289528534652919e-10,8548.564430521745
3.275531348139567e-10,8554.47220064259
3.261591974095333e-10,8560.384053524713
3.247710181390485e-10,8566.299991989636
3.2338857397865737e-10,8572.220018860839
3.220118419933244e-10,8578.144136963749
3.206407993364854e-10,8584.072349125752
3.1927542324973044e-10,8590.00465817618
3.1791569106246646e-10,8595.941066946327
3.1656158019159736e-10,8601.88157826944
3.1521306814119966e-10,8607.826194980724
3.138701325021944e-10,8613.774919917354
3.125327509520386e-10,8619.727755918439
3.1120090125438517e-10,8625.684705825073
3.0987456125877516e-10,8631.64577248031
3.085537089003183e-10,8637.610958729165
3.0723832219937205e-10,8643.58026741862
3.059283792612274e-10,8649.553701397626
3.0462385827579274e-10,8655.531263517101
3.033247375172783e-10,8661.512956629937
3.0203099534389246e-10,8667.498783590989
3.0074261019751406e-10,8673.488747257094
2.9945956060339256e-10,8679.482850487058
2.981818251698349e-10,8685.481096141666
2.969093825878988e-10,8691.483487083678
2.956422116310829e-10,8697.490026177835
2.9438029115502116e-10,8703.500716290851
2.931236000971749e-10,8709.515560291438
2.918721174765404e-10,8715.534561050259
2.906258223933279e-10,8721.557721439991
2.893846940286708e-10,8727.585044335285
2.881487116443229e-10,8733.616532612778
2.869178545823552e-10,8739.652189151095
2.856921022648625e-10,8745.692016830853
2.8447143419365993e-10,8751.73601853466
2.83255829949991e-10,8757.784197147112
2.820452691942248e-10,8763.8365555548
2.808397316655755e-10,8769.893096646312
2.7963919718178995e-10,8775.953823312233
2.7844364563886935e-10,8782.01873844514
2.7725305701076994e-10,8788.087844939613
2.7606741134911855e-10,8794.161145692235
2.7488668878291804e-10,8800.238643601584
2.737108695182615e-10,8806.32034156825
2.725399338380409e-10,8812.406242494824
2.7137386210167366e-10,8818.49634928589
2.702126347447977e-10,8824.590664848056
2.6905623227900093e-10,8830.689192089936
2.679046352915339e-10,8836.79193392215
2.6675782444502757e-10,8842.898893257332
2.6561578047721247e-10,8849.010073010126
2.6447848420063615e-10,8855.125476097193
2.6334591650238925e-10,8861.24510543721
2.622180583438197e-10,8867.368963950868
2.6109489076025994e-10,8873.49705456088
2.5997639486075643e-10,8879.629380191976
2.588625518277799e-10,8885.765943770908
2.5775334291696243e-10,8891.906748226453
2.566487494568204e-10,8898.051796489408
2.5554875284848265e-10,8904.201091492598
2.544533345654176e-10,8910.354636170874
2.5336247615316236e-10,8916.512433461125
2.5227615922906264e-10,8922.674486302243
2.511943654819892e-10,8928.840797635174
2.501170766720788e-10,8935.011370402894
2.490442746304672e-10,8941.186207550407
2.4797594125902174e-10,8947.365312024756
2.469120585300787e-10,8953.54868677502
2.458526084861778e-10,8959.736334752315
2.447975732398002e-10,8965.928258909795
2.437469349731061e-10,8972.124462202657
2.427006759376719e-10,8978.324947588142
2.4165877845423887e-10,8984.529718025533
2.406212249124419e-10,8990.738776476153
2.3958799777055803e-10,8996.952125903383
2.385590795552494e-10,9003.169769272641
2.375344528613048e-10,9009.3917095514
2.365141003513833e-10,9015.61794970919
2.3549800475577034e-10,9021.84849271757
2.344861488721061e-10,9028.083341550177
2.33478515565146e-10,9034.32249918269
2.3247508776650632e-10,9040.565968592853
2.3147584847441092e-10,9046.813752760463
2.3048078075344325e-10,9053.065854667377
2.294898677342978e-10,9059.32227729751
2.285030926135297e-10,9065.583023636844
2.2752043865330985e-10,9071.84809667342
2.2654188918117721e-10,9078.11749939735
2.2556742758979177e-10,9084.391234800805
2.245970373366982e-10,9090.66930587803
2.2363070194406813e-10,9096.951715625333
2.226684049984694e-10,9103.238467041101
2.217101301506177e-10,9109.529563125787
2.207558611151387e-10,9115.825006881918
2.1980558167032423e-10,9122.124801314108
2.188592756579012e-10,9128.428949429017
2.1791692698278053e-10,9134.73745423541
2.1697851961282856e-10,9141.050318744126
2.1604403757862867e-10,9147.367545968084
2.1511346497324342e-10,9153.68913892228
2.141867859519808e-10,9160.0151006238
2.1326398473215986e-10,9166.34543409181
2.1234504559287656e-10,9172.680142347568
2.1142995287477326e-10,9179.019228414414
2.1051869097980334e-10,9185.36269531778
2.0961124437100494e-10,9191.71054608519
2.0870759757226565e-10,9198.06278374626
2.078077351681002e-10,9204.419411332698
2.069116418034153e-10,9210.78043187831
2.0601930218328363e-10,9217.145848418992
2.0513070107272068e-10,9223.515663992746
2.0424582329645279e-10,9229.889881639681
2.0336465373870186e-10,9236.268504401974
2.024871773429495e-10,9242.651535323941
2.0161337911171949e-10,9249.038977451983
2.0074324410635545e-10,9255.43083383461
1.998767574467973e-10,9261.827107522446
1.9901390431136115e-10,9268.22780156821
1.9815466993651805e-10,9274.63291902674
1.972990396166752e-10,9281.042462954985
1.964469987039577e-10,9287.456436412001
1.9559853260798916e-10,9293.874842458965
1.9475362679567574e-10,9300.29768415916
1.9391226679098718e-10,9306.724964578
1.9307443817475057e-10,9313.156686783002
1.9224012658442077e-10,9319.592853843813
1.9140931771387827e-10,9326.0334688322
1.9058199731321068e-10,9332.478534822058
1.8975815118849929e-10,9338.928054889384
1.889377652016161e-10,9345.382032112324
1.881208252699997e-10,9351.840469571143
1.873073173664551e-10,9358.303370348238
1.8649722751893942e-10,9364.770737528133
1.8569054181035532e-10,9371.242574197484
1.8488724637834315e-10,9377.71888344508
1.8408732741507274e-10,9384.199668361845
1.832907711670377e-10,9390.684932040842
1.8249756393484968e-10,9397.174677577264
1.8170769207303307e-10,9403.668908068452
1.8092114198982201e-10,9410.167626613882
1.8013790014695527e-10,9416.670836315172
1.7935795305947373e-10,9423.178540276087
1.78581287295523e-10,9429.690741602533
1.778078894761449e-10,9436.207443402565
1.7703774627508061e-10,9442.728648786395
1.7627084441857197e-10,9449.254360866355
1.7550717068515983e-10,9455.784582756958
1.7474671190549118e-10,9462.319317574857
1.739894549621133e-10,9468.858568438862
1.7323538678928282e-10,9475.402338469936
1.724844943727672e-10,9481.9506307912
1.7173676474965198e-10,9488.503448527934
1.7099218500814205e-10,9495.060794807578
1.7025074228737098e-10,9501.62267275973
1.6951242377720603e-10,9508.189085516155
1.6877721671805637e-10,9514.76003621078
1.6804510840067951e-10,9521.335527979698
1.6731608616599356e-10,9527.915563961169
1.6659013740488047e-10,9534.500147295625
1.6586724955800655e-10,9541.089281125664
1.6514741011562184e-10,9547.682968596066
1.6443060661737914e-10,9554.281212853757
1.637168266521425e-10,9560.884017047867
1.6300605785780122e-10,9567.491384329693
1.6229828792108805e-10,9574.103317852707
1.615935045773847e-10,9580.719820772561
1.6089169561054297e-10,9587.340896247093
1.6019284885269847e-10,9593.966547436314
1.59496952184088e-10,9600.59677750243
1.5880399353286513e-10,9607.231589609819
1.5811396087491857e-10,9613.870986925058
1.574268422336899e-10,9620.514972616907
1.567426256799946e-10,9627.163549856317
1.5606129933183845e-10,9633.816721816429
1.5538285135424026e-10,9640.474491672578
1.5470726995905026e-10,9647.136862602292
1.5403454340477843e-10,9653.803837785297
1.5336465999640663e-10,9660.475420403525
1.5269760808521875e-10,9667.15161364108
1.520333760686212e-10,9673.83242068429
1.5137195238996973e-10,9680.517844721682
1.5071332553838962e-10,9687.207888943984
1.5005748404860882e-10,9693.902556544126
1.4940441650077536e-10,9700.601850717248
1.487541115202893e-10,9707.3057746607
1.481065577776288e-10,9714.014331574035
1.4746174398817811e-10,9720.727524659023
1.46819658912057e-10,9727.445357119646
1.4618029135394854e-10,9734.167832162098
1.455436301629301e-10,9740.894952994788
1.449096642323031e-10,9747.626722828347
1.4427838249942519e-10,9754.36314487562
1.4364977394554117e-10,9761.104222351674
1.4302382759561391e-10,9767.8499584738
1.4240053251816345e-10,9774.60035646152
1.4177987782509193e-10,9781.355419536549
1.411618526715231e-10,9788.115150922864
1.4054644625563608e-10,9794.879553846655
1.3993364781849911e-10,9801.648631536344
1.3932344664391143e-10,9808.422387222585
1.3871583205823161e-10,9815.200824138261
1.3811079343021988e-10,9821.983945518492
1.3750832017087487e-10,9828.771754600635
1.3690840173327175e-10,9835.564254624282
1.363110276124017e-10,9842.361448831263
1.3571618734501088e-10,9849.16334046565
1.3512387050944107e-10,9855.969932773758
1.3453406672546982e-10,9862.781229004142
1.3394676565415353e-10,9869.597232407606
1.3336195699766653e-10,9876.417946237198
1.3277963049914496e-10,9883.243373748226
1.3219977594253315e-10,9890.073518198215
1.3162238315242056e-10,9896.90838284697
1.3104744199389157e-10,9903.747970956549
1.3047494237236695e-10,9910.59228579125
1.2990487423345084e-10,9917.441330617638
1.293372275627792e-10,9924.295108704528
1.287719923858598e-10,9931.153623322998
1.2820915876792556e-10,9938.01687774639
1.2764871681377822e-10,9944.884875250298
1.2709065666763894e-10,9951.75761911259
1.2653496851299606e-10,9958.635112613392
1.2598164257245385e-10,9965.517359035104
1.2543066910758352e-10,9972.404361662386
1.2488203841877348e-10,9979.296123782175
1.2433574084507918e-10,9986.192648683675
1.237917667640763e-10,9993.093939658365
1.2325010659170975e-10,10000.0
